{
  "id": "p027_r004",
  "page_number": 27,
  "row_index": 4,
  "no": "h",
  "row_text": "Power transmission line",
  "row_image": "chart_rows/page_027/row_004/row.png",
  "cells": {
    "col_01": {
      "text": "h",
      "image": "chart_rows/page_027/row_004/cells/col_01.png",
      "image_tight": "chart_rows/page_027/row_004/cells/col_01_tight.png",
      "bbox_pdf": [
        53.89714285714286,
        170.74285714285716,
        82.90285714285714,
        206.74285714285716
      ],
      "bbox_px_page": [
        374,
        1185,
        575,
        1435
      ]
    },
    "col_02": {
      "text": "",
      "image": "chart_rows/page_027/row_004/cells/col_02.png",
      "image_tight": "chart_rows/page_027/row_004/cells/col_02_tight.png",
      "bbox_pdf": [
        82.90285714285714,
        170.74285714285716,
        209.62285714285716,
        206.74285714285716
      ],
      "bbox_px_page": [
        575,
        1185,
        1455,
        1435
      ]
    },
    "col_03": {
      "text": "Power transmission line",
      "image": "chart_rows/page_027/row_004/cells/col_03.png",
      "image_tight": "chart_rows/page_027/row_004/cells/col_03_tight.png",
      "bbox_pdf": [
        209.62285714285716,
        170.74285714285716,
        320.5028571428572,
        206.74285714285716
      ],
      "bbox_px_page": [
        1455,
        1185,
        2225,
        1435
      ]
    },
    "col_04": {
      "text": "",
      "image": "chart_rows/page_027/row_004/cells/col_04.png",
      "image_tight": "chart_rows/page_027/row_004/cells/col_04_tight.png",
      "bbox_pdf": [
        320.5028571428572,
        170.74285714285716,
        474.17142857142863,
        206.74285714285716
      ],
      "bbox_px_page": [
        2225,
        1185,
        3292,
        1435
      ]
    },
    "col_05": {
      "text": "",
      "image": "chart_rows/page_027/row_004/cells/col_05.png",
      "image_tight": "chart_rows/page_027/row_004/cells/col_05_tight.png",
      "bbox_pdf": [
        474.17142857142863,
        170.74285714285716,
        584.0228571428572,
        206.74285714285716
      ],
      "bbox_px_page": [
        3292,
        1185,
        4055,
        1435
      ]
    },
    "col_06": {
      "text": "",
      "image": "chart_rows/page_027/row_004/cells/col_06.png",
      "image_tight": "chart_rows/page_027/row_004/cells/col_06_tight.png",
      "bbox_pdf": [
        584.0228571428572,
        170.74285714285716,
        755.5885714285715,
        206.74285714285716
      ],
      "bbox_px_page": [
        4055,
        1185,
        5247,
        1435
      ]
    }
  }
}