{
  "id": "p034_r007",
  "page_number": 34,
  "row_index": 7,
  "no": "13",
  "row_text": "Wharf (quay)",
  "row_image": "chart_rows/page_034/row_007/row.png",
  "cells": {
    "col_01": {
      "text": "13",
      "image": "chart_rows/page_034/row_007/cells/col_01.png",
      "image_tight": "chart_rows/page_034/row_007/cells/col_01_tight.png",
      "bbox_pdf": [
        36.07160186767578,
        333.1662902832031,
        66.83821793145034,
        375.63189697265625
      ],
      "bbox_px_page": [
        250,
        2313,
        464,
        2608
      ]
    },
    "col_02": {
      "text": "",
      "image": "chart_rows/page_034/row_007/cells/col_02.png",
      "image_tight": "chart_rows/page_034/row_007/cells/col_02_tight.png",
      "bbox_pdf": [
        66.83821793145034,
        333.1662902832031,
        128.35996961593628,
        375.63189697265625
      ],
      "bbox_px_page": [
        464,
        2313,
        891,
        2608
      ]
    },
    "col_03": {
      "text": "",
      "image": "chart_rows/page_034/row_007/cells/col_03.png",
      "image_tight": "chart_rows/page_034/row_007/cells/col_03_tight.png",
      "bbox_pdf": [
        128.35996961593628,
        333.1662902832031,
        192.74342723796144,
        375.63189697265625
      ],
      "bbox_px_page": [
        891,
        2313,
        1338,
        2608
      ]
    },
    "col_04": {
      "text": "Quay, Wharf",
      "image": "chart_rows/page_034/row_007/cells/col_04.png",
      "image_tight": "chart_rows/page_034/row_007/cells/col_04_tight.png",
      "bbox_pdf": [
        192.74342723796144,
        333.1662902832031,
        302.6000061035156,
        375.63189697265625
      ],
      "bbox_px_page": [
        1338,
        2313,
        2101,
        2608
      ]
    },
    "col_05": {
      "text": "Whf",
      "image": "chart_rows/page_034/row_007/cells/col_05.png",
      "image_tight": "chart_rows/page_034/row_007/cells/col_05_tight.png",
      "bbox_pdf": [
        302.6000061035156,
        333.1662902832031,
        456.3236999511719,
        375.63189697265625
      ],
      "bbox_px_page": [
        2101,
        2313,
        3168,
        2608
      ]
    },
    "col_06": {
      "text": "",
      "image": "chart_rows/page_034/row_007/cells/col_06.png",
      "image_tight": "chart_rows/page_034/row_007/cells/col_06_tight.png",
      "bbox_pdf": [
        456.3236999511719,
        333.1662902832031,
        567.5356597900391,
        375.63189697265625
      ],
      "bbox_px_page": [
        3168,
        2313,
        3941,
        2608
      ]
    },
    "col_07": {
      "text": "",
      "image": "chart_rows/page_034/row_007/cells/col_07.png",
      "image_tight": "chart_rows/page_034/row_007/cells/col_07_tight.png",
      "bbox_pdf": [
        567.5356597900391,
        333.1662902832031,
        651.9163010418415,
        375.63189697265625
      ],
      "bbox_px_page": [
        3941,
        2313,
        4527,
        2608
      ]
    },
    "col_08": {
      "text": "Wharf (quay)",
      "image": "chart_rows/page_034/row_007/cells/col_08.png",
      "image_tight": "chart_rows/page_034/row_007/cells/col_08_tight.png",
      "bbox_pdf": [
        651.9163010418415,
        333.1662902832031,
        737.734619140625,
        375.63189697265625
      ],
      "bbox_px_page": [
        4527,
        2313,
        5123,
        2608
      ]
    }
  }
}