{
  "id": "p049_r019",
  "page_number": 49,
  "row_index": 19,
  "no": "13.3",
  "row_text": "Weed, kelp as an area",
  "row_image": "chart_rows/page_049/row_019/row.png",
  "cells": {
    "No": {
      "text": "13.3",
      "image": "chart_rows/page_049/row_019/cells/No.png",
      "image_tight": "chart_rows/page_049/row_019/cells/No_tight.png",
      "bbox_pdf": [
        54.07160186767578,
        486.3106994628906,
        82.99796140193939,
        513.3106689453125
      ],
      "bbox_px_page": [
        375,
        3377,
        576,
        3564
      ]
    },
    "INT": {
      "text": "Sg",
      "image": "chart_rows/page_049/row_019/cells/INT.png",
      "image_tight": "chart_rows/page_049/row_019/cells/INT_tight.png",
      "bbox_pdf": [
        82.99796140193939,
        486.3106994628906,
        211.40581703186035,
        513.3106689453125
      ],
      "bbox_px_page": [
        576,
        3377,
        1468,
        3564
      ]
    },
    "Description": {
      "text": "Seagrass",
      "image": "chart_rows/page_049/row_019/cells/Description.png",
      "image_tight": "chart_rows/page_049/row_019/cells/Description_tight.png",
      "bbox_pdf": [
        211.40581703186035,
        486.3106994628906,
        320.6000061035156,
        513.3106689453125
      ],
      "bbox_px_page": [
        1468,
        3377,
        2226,
        3564
      ]
    },
    "NOAA": {
      "text": "",
      "image": "chart_rows/page_049/row_019/cells/NOAA.png",
      "image_tight": "chart_rows/page_049/row_019/cells/NOAA_tight.png",
      "bbox_pdf": [
        320.6000061035156,
        486.3106994628906,
        474.3236999511719,
        513.3106689453125
      ],
      "bbox_px_page": [
        2226,
        3377,
        3293,
        3564
      ]
    },
    "NGA": {
      "text": "",
      "image": "chart_rows/page_049/row_019/cells/NGA.png",
      "image_tight": "chart_rows/page_049/row_019/cells/NGA_tight.png",
      "bbox_pdf": [
        474.3236999511719,
        486.3106994628906,
        585.5497436523438,
        513.3106689453125
      ],
      "bbox_px_page": [
        3293,
        3377,
        4066,
        3564
      ]
    },
    "OtherNGA": {
      "text": "",
      "image": "chart_rows/page_049/row_019/cells/OtherNGA.png",
      "image_tight": "chart_rows/page_049/row_019/cells/OtherNGA_tight.png",
      "bbox_pdf": [
        585.5497436523438,
        486.3106994628906,
        669.9003596305847,
        513.3106689453125
      ],
      "bbox_px_page": [
        4066,
        3377,
        4652,
        3564
      ]
    },
    "ECDIS": {
      "text": "Weed, kelp as an area",
      "image": "chart_rows/page_049/row_019/cells/ECDIS.png",
      "image_tight": "chart_rows/page_049/row_019/cells/ECDIS_tight.png",
      "bbox_pdf": [
        669.9003596305847,
        486.3106994628906,
        755.734619140625,
        513.3106689453125
      ],
      "bbox_px_page": [
        4652,
        3377,
        5248,
        3564
      ]
    }
  }
}