{
  "id": "p031_r009",
  "page_number": 31,
  "row_index": 9,
  "no": "35.1",
  "row_text": "Quarry (on large scale charts)",
  "row_image": "chart_rows/page_031/row_009/row.png",
  "cells": {
    "col_01": {
      "text": "35.1",
      "image": "chart_rows/page_031/row_009/cells/col_01.png",
      "image_tight": "chart_rows/page_031/row_009/cells/col_01_tight.png",
      "bbox_pdf": [
        54.07160186767578,
        358.8900146484375,
        83.0,
        394.5516052246094
      ],
      "bbox_px_page": [
        375,
        2492,
        576,
        2739
      ]
    },
    "col_02": {
      "text": "",
      "image": "chart_rows/page_031/row_009/cells/col_02.png",
      "image_tight": "chart_rows/page_031/row_009/cells/col_02_tight.png",
      "bbox_pdf": [
        83.0,
        358.8900146484375,
        209.80630493164062,
        394.5516052246094
      ],
      "bbox_px_page": [
        576,
        2492,
        1456,
        2739
      ]
    },
    "col_03": {
      "text": "Quarry (on large scale charts)",
      "image": "chart_rows/page_031/row_009/cells/col_03.png",
      "image_tight": "chart_rows/page_031/row_009/cells/col_03_tight.png",
      "bbox_pdf": [
        209.80630493164062,
        358.8900146484375,
        320.6000061035156,
        394.5516052246094
      ],
      "bbox_px_page": [
        1456,
        2492,
        2226,
        2739
      ]
    },
    "col_04": {
      "text": "",
      "image": "chart_rows/page_031/row_009/cells/col_04.png",
      "image_tight": "chart_rows/page_031/row_009/cells/col_04_tight.png",
      "bbox_pdf": [
        320.6000061035156,
        358.8900146484375,
        397.2838134765625,
        394.5516052246094
      ],
      "bbox_px_page": [
        2226,
        2492,
        2758,
        2739
      ]
    },
    "col_05": {
      "text": "",
      "image": "chart_rows/page_031/row_009/cells/col_05.png",
      "image_tight": "chart_rows/page_031/row_009/cells/col_05_tight.png",
      "bbox_pdf": [
        397.2838134765625,
        358.8900146484375,
        474.3236999511719,
        394.5516052246094
      ],
      "bbox_px_page": [
        2758,
        2492,
        3293,
        2739
      ]
    },
    "col_06": {
      "text": "",
      "image": "chart_rows/page_031/row_009/cells/col_06.png",
      "image_tight": "chart_rows/page_031/row_009/cells/col_06_tight.png",
      "bbox_pdf": [
        474.3236999511719,
        358.8900146484375,
        584.1237182617188,
        394.5516052246094
      ],
      "bbox_px_page": [
        3293,
        2492,
        4056,
        2739
      ]
    },
    "col_07": {
      "text": "",
      "image": "chart_rows/page_031/row_009/cells/col_07.png",
      "image_tight": "chart_rows/page_031/row_009/cells/col_07_tight.png",
      "bbox_pdf": [
        584.1237182617188,
        358.8900146484375,
        669.9290771484375,
        394.5516052246094
      ],
      "bbox_px_page": [
        4056,
        2492,
        4652,
        2739
      ]
    },
    "col_08": {
      "text": "Quarry area",
      "image": "chart_rows/page_031/row_009/cells/col_08.png",
      "image_tight": "chart_rows/page_031/row_009/cells/col_08_tight.png",
      "bbox_pdf": [
        669.9290771484375,
        358.8900146484375,
        755.734619140625,
        394.5516052246094
      ],
      "bbox_px_page": [
        4652,
        2492,
        5248,
        2739
      ]
    }
  }
}