{
  "id": "p049_r005",
  "page_number": 49,
  "row_index": 5,
  "no": "4",
  "row_text": "Silt",
  "row_image": "chart_rows/page_049/row_005/row.png",
  "cells": {
    "No": {
      "text": "4",
      "image": "chart_rows/page_049/row_005/cells/No.png",
      "image_tight": "chart_rows/page_049/row_005/cells/No_tight.png",
      "bbox_pdf": [
        54.07160186767578,
        184.78729248046875,
        82.99796140193939,
        204.35971069335938
      ],
      "bbox_px_page": [
        375,
        1283,
        576,
        1419
      ]
    },
    "INT": {
      "text": "Si",
      "image": "chart_rows/page_049/row_005/cells/INT.png",
      "image_tight": "chart_rows/page_049/row_005/cells/INT_tight.png",
      "bbox_pdf": [
        82.99796140193939,
        184.78729248046875,
        211.40581703186035,
        204.35971069335938
      ],
      "bbox_px_page": [
        576,
        1283,
        1468,
        1419
      ]
    },
    "Description": {
      "text": "Silt",
      "image": "chart_rows/page_049/row_005/cells/Description.png",
      "image_tight": "chart_rows/page_049/row_005/cells/Description_tight.png",
      "bbox_pdf": [
        211.40581703186035,
        184.78729248046875,
        320.6000061035156,
        204.35971069335938
      ],
      "bbox_px_page": [
        1468,
        1283,
        2226,
        1419
      ]
    },
    "NOAA": {
      "text": "",
      "image": "chart_rows/page_049/row_005/cells/NOAA.png",
      "image_tight": "chart_rows/page_049/row_005/cells/NOAA_tight.png",
      "bbox_pdf": [
        320.6000061035156,
        184.78729248046875,
        474.3236999511719,
        204.35971069335938
      ],
      "bbox_px_page": [
        2226,
        1283,
        3293,
        1419
      ]
    },
    "NGA": {
      "text": "",
      "image": "chart_rows/page_049/row_005/cells/NGA.png",
      "image_tight": "chart_rows/page_049/row_005/cells/NGA_tight.png",
      "bbox_pdf": [
        474.3236999511719,
        184.78729248046875,
        585.5497436523438,
        204.35971069335938
      ],
      "bbox_px_page": [
        3293,
        1283,
        4066,
        1419
      ]
    },
    "OtherNGA": {
      "text": "Si",
      "image": "chart_rows/page_049/row_005/cells/OtherNGA.png",
      "image_tight": "chart_rows/page_049/row_005/cells/OtherNGA_tight.png",
      "bbox_pdf": [
        585.5497436523438,
        184.78729248046875,
        669.9003596305847,
        204.35971069335938
      ],
      "bbox_px_page": [
        4066,
        1283,
        4652,
        1419
      ]
    },
    "ECDIS": {
      "text": "Silt",
      "image": "chart_rows/page_049/row_005/cells/ECDIS.png",
      "image_tight": "chart_rows/page_049/row_005/cells/ECDIS_tight.png",
      "bbox_pdf": [
        669.9003596305847,
        184.78729248046875,
        755.734619140625,
        204.35971069335938
      ],
      "bbox_px_page": [
        4652,
        1283,
        5248,
        1419
      ]
    }
  }
}