{
  "id": "p038_r012",
  "page_number": 38,
  "row_index": 12,
  "no": "62.2",
  "row_text": "Conspicuous single building",
  "row_image": "chart_rows/page_038/row_012/row.png",
  "cells": {
    "col_01": {
      "text": "62.2",
      "image": "chart_rows/page_038/row_012/cells/col_01.png",
      "image_tight": "chart_rows/page_038/row_012/cells/col_01_tight.png",
      "bbox_pdf": [
        36.07160186767578,
        501.93231201171875,
        66.97056174278259,
        523.9785766601562
      ],
      "bbox_px_page": [
        250,
        3485,
        465,
        3638
      ]
    },
    "col_02": {
      "text": "",
      "image": "chart_rows/page_038/row_012/cells/col_02.png",
      "image_tight": "chart_rows/page_038/row_012/cells/col_02_tight.png",
      "bbox_pdf": [
        66.97056174278259,
        501.93231201171875,
        191.8062746396463,
        523.9785766601562
      ],
      "bbox_px_page": [
        465,
        3485,
        1331,
        3638
      ]
    },
    "col_03": {
      "text": "Hospital",
      "image": "chart_rows/page_038/row_012/cells/col_03.png",
      "image_tight": "chart_rows/page_038/row_012/cells/col_03_tight.png",
      "bbox_pdf": [
        191.8062746396463,
        501.93231201171875,
        302.6000061035156,
        523.9785766601562
      ],
      "bbox_px_page": [
        1331,
        3485,
        2101,
        3638
      ]
    },
    "col_04": {
      "text": "Hosp",
      "image": "chart_rows/page_038/row_012/cells/col_04.png",
      "image_tight": "chart_rows/page_038/row_012/cells/col_04_tight.png",
      "bbox_pdf": [
        302.6000061035156,
        501.93231201171875,
        381.01983642578125,
        523.9785766601562
      ],
      "bbox_px_page": [
        2101,
        3485,
        2645,
        3638
      ]
    },
    "col_05": {
      "text": "p",
      "image": "chart_rows/page_038/row_012/cells/col_05.png",
      "image_tight": "chart_rows/page_038/row_012/cells/col_05_tight.png",
      "bbox_pdf": [
        381.01983642578125,
        501.93231201171875,
        456.3236999511719,
        523.9785766601562
      ],
      "bbox_px_page": [
        2645,
        3485,
        3168,
        3638
      ]
    },
    "col_06": {
      "text": "",
      "image": "chart_rows/page_038/row_012/cells/col_06.png",
      "image_tight": "chart_rows/page_038/row_012/cells/col_06_tight.png",
      "bbox_pdf": [
        456.3236999511719,
        501.93231201171875,
        566.1237182617188,
        523.9785766601562
      ],
      "bbox_px_page": [
        3168,
        3485,
        3931,
        3638
      ]
    },
    "col_07": {
      "text": "",
      "image": "chart_rows/page_038/row_012/cells/col_07.png",
      "image_tight": "chart_rows/page_038/row_012/cells/col_07_tight.png",
      "bbox_pdf": [
        566.1237182617188,
        501.93231201171875,
        651.9290771484375,
        523.9785766601562
      ],
      "bbox_px_page": [
        3931,
        3485,
        4527,
        3638
      ]
    },
    "col_08": {
      "text": "Conspicuous single building",
      "image": "chart_rows/page_038/row_012/cells/col_08.png",
      "image_tight": "chart_rows/page_038/row_012/cells/col_08_tight.png",
      "bbox_pdf": [
        651.9290771484375,
        501.93231201171875,
        737.734619140625,
        523.9785766601562
      ],
      "bbox_px_page": [
        4527,
        3485,
        5123,
        3638
      ]
    }
  }
}