{
  "id": "p020_r004",
  "page_number": 20,
  "row_index": 4,
  "no": "25",
  "row_text": "Continuous pattern for an ice area (glacier, etc.)",
  "row_image": "chart_rows/page_020/row_004/row.png",
  "cells": {
    "col_01": {
      "text": "25",
      "image": "chart_rows/page_020/row_004/cells/col_01.png",
      "image_tight": "chart_rows/page_020/row_004/cells/col_01_tight.png",
      "bbox_pdf": [
        36.07160186767578,
        276.7268359847367,
        66.83821793145034,
        341.26231384277344
      ],
      "bbox_px_page": [
        250,
        1921,
        464,
        2369
      ]
    },
    "col_02": {
      "text": "Glacier",
      "image": "chart_rows/page_020/row_004/cells/col_02.png",
      "image_tight": "chart_rows/page_020/row_004/cells/col_02_tight.png",
      "bbox_pdf": [
        66.83821793145034,
        276.7268359847367,
        128.35996961593628,
        341.26231384277344
      ],
      "bbox_px_page": [
        464,
        1921,
        891,
        2369
      ]
    },
    "col_03": {
      "text": "",
      "image": "chart_rows/page_020/row_004/cells/col_03.png",
      "image_tight": "chart_rows/page_020/row_004/cells/col_03_tight.png",
      "bbox_pdf": [
        128.35996961593628,
        276.7268359847367,
        192.74342723796144,
        341.26231384277344
      ],
      "bbox_px_page": [
        891,
        1921,
        1338,
        2369
      ]
    },
    "col_04": {
      "text": "Glacier",
      "image": "chart_rows/page_020/row_004/cells/col_04.png",
      "image_tight": "chart_rows/page_020/row_004/cells/col_04_tight.png",
      "bbox_pdf": [
        192.74342723796144,
        276.7268359847367,
        302.6000061035156,
        341.26231384277344
      ],
      "bbox_px_page": [
        1338,
        1921,
        2101,
        2369
      ]
    },
    "col_05": {
      "text": "",
      "image": "chart_rows/page_020/row_004/cells/col_05.png",
      "image_tight": "chart_rows/page_020/row_004/cells/col_05_tight.png",
      "bbox_pdf": [
        302.6000061035156,
        276.7268359847367,
        456.3236999511719,
        341.26231384277344
      ],
      "bbox_px_page": [
        2101,
        1921,
        3168,
        2369
      ]
    },
    "col_06": {
      "text": "",
      "image": "chart_rows/page_020/row_004/cells/col_06.png",
      "image_tight": "chart_rows/page_020/row_004/cells/col_06_tight.png",
      "bbox_pdf": [
        456.3236999511719,
        276.7268359847367,
        567.5356597900391,
        341.26231384277344
      ],
      "bbox_px_page": [
        3168,
        1921,
        3941,
        2369
      ]
    },
    "col_07": {
      "text": "",
      "image": "chart_rows/page_020/row_004/cells/col_07.png",
      "image_tight": "chart_rows/page_020/row_004/cells/col_07_tight.png",
      "bbox_pdf": [
        567.5356597900391,
        276.7268359847367,
        651.9163010418415,
        341.26231384277344
      ],
      "bbox_px_page": [
        3941,
        1921,
        4527,
        2369
      ]
    },
    "col_08": {
      "text": "Continuous pattern for an ice area (glacier, etc.)",
      "image": "chart_rows/page_020/row_004/cells/col_08.png",
      "image_tight": "chart_rows/page_020/row_004/cells/col_08_tight.png",
      "bbox_pdf": [
        651.9163010418415,
        276.7268359847367,
        737.734619140625,
        341.26231384277344
      ],
      "bbox_px_page": [
        4527,
        1921,
        5123,
        2369
      ]
    }
  }
}