{
  "id": "p023_r009",
  "page_number": 23,
  "row_index": 9,
  "no": "8",
  "row_text": "ns is obtained by cursor",
  "row_image": "chart_rows/page_023/row_009/row.png",
  "cells": {
    "col_01": {
      "text": "8",
      "image": "chart_rows/page_023/row_009/cells/col_01.png",
      "image_tight": "chart_rows/page_023/row_009/cells/col_01_tight.png",
      "bbox_pdf": [
        54.07160186767578,
        393.0675048828125,
        83.0,
        420.62188720703125
      ],
      "bbox_px_page": [
        375,
        2729,
        576,
        2920
      ]
    },
    "col_02": {
      "text": "",
      "image": "chart_rows/page_023/row_009/cells/col_02.png",
      "image_tight": "chart_rows/page_023/row_009/cells/col_02_tight.png",
      "bbox_pdf": [
        83.0,
        393.0675048828125,
        148.33418422937393,
        420.62188720703125
      ],
      "bbox_px_page": [
        576,
        2729,
        1030,
        2920
      ]
    },
    "col_03": {
      "text": "",
      "image": "chart_rows/page_023/row_009/cells/col_03.png",
      "image_tight": "chart_rows/page_023/row_009/cells/col_03_tight.png",
      "bbox_pdf": [
        148.33418422937393,
        393.0675048828125,
        209.80630493164062,
        420.62188720703125
      ],
      "bbox_px_page": [
        1030,
        2729,
        1456,
        2920
      ]
    },
    "col_04": {
      "text": "Ruin, Ruined landmark",
      "image": "chart_rows/page_023/row_009/cells/col_04.png",
      "image_tight": "chart_rows/page_023/row_009/cells/col_04_tight.png",
      "bbox_pdf": [
        209.80630493164062,
        393.0675048828125,
        320.6000061035156,
        420.62188720703125
      ],
      "bbox_px_page": [
        1456,
        2729,
        2226,
        2920
      ]
    },
    "col_05": {
      "text": "Ru Ruins",
      "image": "chart_rows/page_023/row_009/cells/col_05.png",
      "image_tight": "chart_rows/page_023/row_009/cells/col_05_tight.png",
      "bbox_pdf": [
        320.6000061035156,
        393.0675048828125,
        474.3236999511719,
        420.62188720703125
      ],
      "bbox_px_page": [
        2226,
        2729,
        3293,
        2920
      ]
    },
    "col_06": {
      "text": "",
      "image": "chart_rows/page_023/row_009/cells/col_06.png",
      "image_tight": "chart_rows/page_023/row_009/cells/col_06_tight.png",
      "bbox_pdf": [
        474.3236999511719,
        393.0675048828125,
        585.386962890625,
        420.62188720703125
      ],
      "bbox_px_page": [
        3293,
        2729,
        4065,
        2920
      ]
    },
    "col_07": {
      "text": "Status of ruin pick",
      "image": "chart_rows/page_023/row_009/cells/col_07.png",
      "image_tight": "chart_rows/page_023/row_009/cells/col_07_tight.png",
      "bbox_pdf": [
        585.386962890625,
        393.0675048828125,
        669.9257489442825,
        420.62188720703125
      ],
      "bbox_px_page": [
        4065,
        2729,
        4652,
        2920
      ]
    },
    "col_08": {
      "text": "ns is obtained by cursor",
      "image": "chart_rows/page_023/row_009/cells/col_08.png",
      "image_tight": "chart_rows/page_023/row_009/cells/col_08_tight.png",
      "bbox_pdf": [
        669.9257489442825,
        393.0675048828125,
        755.734619140625,
        420.62188720703125
      ],
      "bbox_px_page": [
        4652,
        2729,
        5248,
        2920
      ]
    }
  }
}