{
  "id": "p042_r003",
  "page_number": 42,
  "row_index": 3,
  "no": "Breake",
  "row_text": "ers → K Tide Gauge →",
  "row_image": "chart_rows/page_042/row_003/row.png",
  "cells": {
    "col_01": {
      "text": "Breake",
      "image": "chart_rows/page_042/row_003/cells/col_01.png",
      "image_tight": "chart_rows/page_042/row_003/cells/col_01_tight.png",
      "bbox_pdf": [
        36.07160186767578,
        244.07998657226562,
        66.97056174278259,
        262.0799865722656
      ],
      "bbox_px_page": [
        250,
        1694,
        465,
        1819
      ]
    },
    "col_02": {
      "text": "ers → K Tide Gauge →",
      "image": "chart_rows/page_042/row_003/cells/col_02.png",
      "image_tight": "chart_rows/page_042/row_003/cells/col_02_tight.png",
      "bbox_pdf": [
        66.97056174278259,
        244.07998657226562,
        191.8062746396463,
        262.0799865722656
      ],
      "bbox_px_page": [
        465,
        1694,
        1331,
        1819
      ]
    },
    "col_03": {
      "text": "T",
      "image": "chart_rows/page_042/row_003/cells/col_03.png",
      "image_tight": "chart_rows/page_042/row_003/cells/col_03_tight.png",
      "bbox_pdf": [
        191.8062746396463,
        244.07998657226562,
        302.6000061035156,
        262.0799865722656
      ],
      "bbox_px_page": [
        1331,
        1694,
        2101,
        1819
      ]
    },
    "col_04": {
      "text": "",
      "image": "chart_rows/page_042/row_003/cells/col_04.png",
      "image_tight": "chart_rows/page_042/row_003/cells/col_04_tight.png",
      "bbox_pdf": [
        302.6000061035156,
        244.07998657226562,
        381.01983642578125,
        262.0799865722656
      ],
      "bbox_px_page": [
        2101,
        1694,
        2645,
        1819
      ]
    },
    "col_05": {
      "text": "",
      "image": "chart_rows/page_042/row_003/cells/col_05.png",
      "image_tight": "chart_rows/page_042/row_003/cells/col_05_tight.png",
      "bbox_pdf": [
        381.01983642578125,
        244.07998657226562,
        456.3236999511719,
        262.0799865722656
      ],
      "bbox_px_page": [
        2645,
        1694,
        3168,
        1819
      ]
    },
    "col_06": {
      "text": "",
      "image": "chart_rows/page_042/row_003/cells/col_06.png",
      "image_tight": "chart_rows/page_042/row_003/cells/col_06_tight.png",
      "bbox_pdf": [
        456.3236999511719,
        244.07998657226562,
        566.1237182617188,
        262.0799865722656
      ],
      "bbox_px_page": [
        3168,
        1694,
        3931,
        1819
      ]
    },
    "col_07": {
      "text": "",
      "image": "chart_rows/page_042/row_003/cells/col_07.png",
      "image_tight": "chart_rows/page_042/row_003/cells/col_07_tight.png",
      "bbox_pdf": [
        566.1237182617188,
        244.07998657226562,
        651.9290771484375,
        262.0799865722656
      ],
      "bbox_px_page": [
        3931,
        1694,
        4527,
        1819
      ]
    },
    "col_08": {
      "text": "",
      "image": "chart_rows/page_042/row_003/cells/col_08.png",
      "image_tight": "chart_rows/page_042/row_003/cells/col_08_tight.png",
      "bbox_pdf": [
        651.9290771484375,
        244.07998657226562,
        737.734619140625,
        262.0799865722656
      ],
      "bbox_px_page": [
        4527,
        1694,
        5123,
        1819
      ]
    }
  }
}