{
  "id": "p037_r002",
  "page_number": 37,
  "row_index": 2,
  "no": "40",
  "row_text": "Canal Ditch",
  "row_image": "chart_rows/page_037/row_002/row.png",
  "cells": {
    "col_01": {
      "text": "40",
      "image": "chart_rows/page_037/row_002/cells/col_01.png",
      "image_tight": "chart_rows/page_037/row_002/cells/col_01_tight.png",
      "bbox_pdf": [
        54.07160186767578,
        126.0701904296875,
        83.0,
        173.31658935546875
      ],
      "bbox_px_page": [
        375,
        875,
        576,
        1203
      ]
    },
    "col_02": {
      "text": "",
      "image": "chart_rows/page_037/row_002/cells/col_02.png",
      "image_tight": "chart_rows/page_037/row_002/cells/col_02_tight.png",
      "bbox_pdf": [
        83.0,
        126.0701904296875,
        148.33418422937393,
        173.31658935546875
      ],
      "bbox_px_page": [
        576,
        875,
        1030,
        1203
      ]
    },
    "col_03": {
      "text": "",
      "image": "chart_rows/page_037/row_002/cells/col_03.png",
      "image_tight": "chart_rows/page_037/row_002/cells/col_03_tight.png",
      "bbox_pdf": [
        148.33418422937393,
        126.0701904296875,
        209.80630493164062,
        173.31658935546875
      ],
      "bbox_px_page": [
        1030,
        875,
        1456,
        1203
      ]
    },
    "col_04": {
      "text": "Canal",
      "image": "chart_rows/page_037/row_002/cells/col_04.png",
      "image_tight": "chart_rows/page_037/row_002/cells/col_04_tight.png",
      "bbox_pdf": [
        209.80630493164062,
        126.0701904296875,
        320.6000061035156,
        173.31658935546875
      ],
      "bbox_px_page": [
        1456,
        875,
        2226,
        1203
      ]
    },
    "col_05": {
      "text": "Canal Ditch",
      "image": "chart_rows/page_037/row_002/cells/col_05.png",
      "image_tight": "chart_rows/page_037/row_002/cells/col_05_tight.png",
      "bbox_pdf": [
        320.6000061035156,
        126.0701904296875,
        474.3236999511719,
        173.31658935546875
      ],
      "bbox_px_page": [
        2226,
        875,
        3293,
        1203
      ]
    },
    "col_06": {
      "text": "",
      "image": "chart_rows/page_037/row_002/cells/col_06.png",
      "image_tight": "chart_rows/page_037/row_002/cells/col_06_tight.png",
      "bbox_pdf": [
        474.3236999511719,
        126.0701904296875,
        585.386962890625,
        173.31658935546875
      ],
      "bbox_px_page": [
        3293,
        875,
        4065,
        1203
      ]
    },
    "col_07": {
      "text": "",
      "image": "chart_rows/page_037/row_002/cells/col_07.png",
      "image_tight": "chart_rows/page_037/row_002/cells/col_07_tight.png",
      "bbox_pdf": [
        585.386962890625,
        126.0701904296875,
        669.9257489442825,
        173.31658935546875
      ],
      "bbox_px_page": [
        4065,
        875,
        4652,
        1203
      ]
    },
    "col_08": {
      "text": "Canal",
      "image": "chart_rows/page_037/row_002/cells/col_08.png",
      "image_tight": "chart_rows/page_037/row_002/cells/col_08_tight.png",
      "bbox_pdf": [
        669.9257489442825,
        126.0701904296875,
        755.734619140625,
        173.31658935546875
      ],
      "bbox_px_page": [
        4652,
        875,
        5248,
        1203
      ]
    }
  }
}