{
  "id": "p031_r005",
  "page_number": 31,
  "row_index": 5,
  "no": "33",
  "row_text": "SILO ELEVATOR",
  "row_image": "chart_rows/page_031/row_005/row.png",
  "cells": {
    "col_01": {
      "text": "33",
      "image": "chart_rows/page_031/row_005/cells/col_01.png",
      "image_tight": "chart_rows/page_031/row_005/cells/col_01_tight.png",
      "bbox_pdf": [
        54.07160186767578,
        243.335693359375,
        83.0,
        277.6221008300781
      ],
      "bbox_px_page": [
        375,
        1689,
        576,
        1927
      ]
    },
    "col_02": {
      "text": "",
      "image": "chart_rows/page_031/row_005/cells/col_02.png",
      "image_tight": "chart_rows/page_031/row_005/cells/col_02_tight.png",
      "bbox_pdf": [
        83.0,
        243.335693359375,
        209.80630493164062,
        277.6221008300781
      ],
      "bbox_px_page": [
        576,
        1689,
        1456,
        1927
      ]
    },
    "col_03": {
      "text": "Silo",
      "image": "chart_rows/page_031/row_005/cells/col_03.png",
      "image_tight": "chart_rows/page_031/row_005/cells/col_03_tight.png",
      "bbox_pdf": [
        209.80630493164062,
        243.335693359375,
        320.6000061035156,
        277.6221008300781
      ],
      "bbox_px_page": [
        1456,
        1689,
        2226,
        1927
      ]
    },
    "col_04": {
      "text": "SILO ELEVATOR",
      "image": "chart_rows/page_031/row_005/cells/col_04.png",
      "image_tight": "chart_rows/page_031/row_005/cells/col_04_tight.png",
      "bbox_pdf": [
        320.6000061035156,
        243.335693359375,
        397.2838134765625,
        277.6221008300781
      ],
      "bbox_px_page": [
        2226,
        1689,
        2758,
        1927
      ]
    },
    "col_05": {
      "text": "Elevator Silo",
      "image": "chart_rows/page_031/row_005/cells/col_05.png",
      "image_tight": "chart_rows/page_031/row_005/cells/col_05_tight.png",
      "bbox_pdf": [
        397.2838134765625,
        243.335693359375,
        474.3236999511719,
        277.6221008300781
      ],
      "bbox_px_page": [
        2758,
        1689,
        3293,
        1927
      ]
    },
    "col_06": {
      "text": "",
      "image": "chart_rows/page_031/row_005/cells/col_06.png",
      "image_tight": "chart_rows/page_031/row_005/cells/col_06_tight.png",
      "bbox_pdf": [
        474.3236999511719,
        243.335693359375,
        584.1237182617188,
        277.6221008300781
      ],
      "bbox_px_page": [
        3293,
        1689,
        4056,
        1927
      ]
    },
    "col_07": {
      "text": "",
      "image": "chart_rows/page_031/row_005/cells/col_07.png",
      "image_tight": "chart_rows/page_031/row_005/cells/col_07_tight.png",
      "bbox_pdf": [
        584.1237182617188,
        243.335693359375,
        669.9290771484375,
        277.6221008300781
      ],
      "bbox_px_page": [
        4056,
        1689,
        4652,
        1927
      ]
    },
    "col_08": {
      "text": "Silo",
      "image": "chart_rows/page_031/row_005/cells/col_08.png",
      "image_tight": "chart_rows/page_031/row_005/cells/col_08_tight.png",
      "bbox_pdf": [
        669.9290771484375,
        243.335693359375,
        755.734619140625,
        277.6221008300781
      ],
      "bbox_px_page": [
        4652,
        1689,
        5248,
        1927
      ]
    }
  }
}