{
  "id": "p021_r014",
  "page_number": 21,
  "row_index": 14,
  "no": "b",
  "row_text": "Approximate sounding datum line (inadequately surveyed)",
  "row_image": "chart_rows/page_021/row_014/row.png",
  "cells": {
    "No": {
      "text": "b",
      "image": "chart_rows/page_021/row_014/cells/No.png",
      "image_tight": "chart_rows/page_021/row_014/cells/No_tight.png",
      "bbox_pdf": [
        54.07160186767578,
        433.6311950683594,
        82.99796140193939,
        475.1770935058594
      ],
      "bbox_px_page": [
        375,
        3011,
        576,
        3299
      ]
    },
    "INT": {
      "text": "",
      "image": "chart_rows/page_021/row_014/cells/INT.png",
      "image_tight": "chart_rows/page_021/row_014/cells/INT_tight.png",
      "bbox_pdf": [
        82.99796140193939,
        433.6311950683594,
        211.40581703186035,
        475.1770935058594
      ],
      "bbox_px_page": [
        576,
        3011,
        1468,
        3299
      ]
    },
    "Description": {
      "text": "Approximate sounding datum line (inadequately surveyed)",
      "image": "chart_rows/page_021/row_014/cells/Description.png",
      "image_tight": "chart_rows/page_021/row_014/cells/Description_tight.png",
      "bbox_pdf": [
        211.40581703186035,
        433.6311950683594,
        320.6000061035156,
        475.1770935058594
      ],
      "bbox_px_page": [
        1468,
        3011,
        2226,
        3299
      ]
    },
    "NOAA": {
      "text": "",
      "image": "chart_rows/page_021/row_014/cells/NOAA.png",
      "image_tight": "chart_rows/page_021/row_014/cells/NOAA_tight.png",
      "bbox_pdf": [
        320.6000061035156,
        433.6311950683594,
        474.3236999511719,
        475.1770935058594
      ],
      "bbox_px_page": [
        2226,
        3011,
        3293,
        3299
      ]
    },
    "NGA": {
      "text": "",
      "image": "chart_rows/page_021/row_014/cells/NGA.png",
      "image_tight": "chart_rows/page_021/row_014/cells/NGA_tight.png",
      "bbox_pdf": [
        474.3236999511719,
        433.6311950683594,
        585.5497436523438,
        475.1770935058594
      ],
      "bbox_px_page": [
        3293,
        3011,
        4066,
        3299
      ]
    },
    "OtherNGA": {
      "text": "",
      "image": "chart_rows/page_021/row_014/cells/OtherNGA.png",
      "image_tight": "chart_rows/page_021/row_014/cells/OtherNGA_tight.png",
      "bbox_pdf": [
        585.5497436523438,
        433.6311950683594,
        669.9003596305847,
        475.1770935058594
      ],
      "bbox_px_page": [
        4066,
        3011,
        4652,
        3299
      ]
    },
    "ECDIS": {
      "text": "",
      "image": "chart_rows/page_021/row_014/cells/ECDIS.png",
      "image_tight": "chart_rows/page_021/row_014/cells/ECDIS_tight.png",
      "bbox_pdf": [
        669.9003596305847,
        433.6311950683594,
        755.734619140625,
        475.1770935058594
      ],
      "bbox_px_page": [
        4652,
        3011,
        5248,
        3299
      ]
    }
  }
}