{
  "id": "p040_r011",
  "page_number": 40,
  "row_index": 11,
  "no": "12",
  "row_text": "k GCLWD Gulf Coast Low Water Datum",
  "row_image": "chart_rows/page_040/row_011/row.png",
  "cells": {
    "col_01": {
      "text": "12",
      "image": "chart_rows/page_040/row_011/cells/col_01.png",
      "image_tight": "chart_rows/page_040/row_011/cells/col_01_tight.png",
      "bbox_pdf": [
        36.07099914550781,
        330.05590057373047,
        99.07099914550781,
        349.8558883666992
      ],
      "bbox_px_page": [
        250,
        2292,
        687,
        2429
      ]
    },
    "col_02": {
      "text": "MLLW",
      "image": "chart_rows/page_040/row_011/cells/col_02.png",
      "image_tight": "chart_rows/page_040/row_011/cells/col_02_tight.png",
      "bbox_pdf": [
        99.07099914550781,
        330.05590057373047,
        184.5709991455078,
        349.8558883666992
      ],
      "bbox_px_page": [
        687,
        2292,
        1281,
        2429
      ]
    },
    "col_03": {
      "text": "Mean Lower Low Water",
      "image": "chart_rows/page_040/row_011/cells/col_03.png",
      "image_tight": "chart_rows/page_040/row_011/cells/col_03_tight.png",
      "bbox_pdf": [
        184.5709991455078,
        330.05590057373047,
        364.5710144042969,
        349.8558883666992
      ],
      "bbox_px_page": [
        1281,
        2292,
        2531,
        2429
      ]
    },
    "col_04": {
      "text": "",
      "image": "chart_rows/page_040/row_011/cells/col_04.png",
      "image_tight": "chart_rows/page_040/row_011/cells/col_04_tight.png",
      "bbox_pdf": [
        364.5710144042969,
        330.05590057373047,
        387.0708923339844,
        349.8558883666992
      ],
      "bbox_px_page": [
        2531,
        2292,
        2687,
        2429
      ]
    },
    "col_05": {
      "text": "k GCLWD Gulf Coast Low Water Datum",
      "image": "chart_rows/page_040/row_011/cells/col_05.png",
      "image_tight": "chart_rows/page_040/row_011/cells/col_05_tight.png",
      "bbox_pdf": [
        387.0708923339844,
        330.05590057373047,
        738.0709228515625,
        349.8558883666992
      ],
      "bbox_px_page": [
        2687,
        2292,
        5125,
        2429
      ]
    }
  }
}