{
  "id": "p029_r008",
  "page_number": 29,
  "row_index": 8,
  "no": "Landm",
  "row_text": "marks",
  "row_image": "chart_rows/page_029/row_008/row.png",
  "cells": {
    "No": {
      "text": "Landm",
      "image": "chart_rows/page_029/row_008/cells/No.png",
      "image_tight": "chart_rows/page_029/row_008/cells/No_tight.png",
      "bbox_pdf": [
        54.07160186767578,
        389.66998291015625,
        82.99796140193939,
        407.66998291015625
      ],
      "bbox_px_page": [
        375,
        2706,
        576,
        2831
      ]
    },
    "INT": {
      "text": "marks",
      "image": "chart_rows/page_029/row_008/cells/INT.png",
      "image_tight": "chart_rows/page_029/row_008/cells/INT_tight.png",
      "bbox_pdf": [
        82.99796140193939,
        389.66998291015625,
        211.40581703186035,
        407.66998291015625
      ],
      "bbox_px_page": [
        576,
        2706,
        1468,
        2831
      ]
    },
    "Description": {
      "text": "",
      "image": "chart_rows/page_029/row_008/cells/Description.png",
      "image_tight": "chart_rows/page_029/row_008/cells/Description_tight.png",
      "bbox_pdf": [
        211.40581703186035,
        389.66998291015625,
        320.6000061035156,
        407.66998291015625
      ],
      "bbox_px_page": [
        1468,
        2706,
        2226,
        2831
      ]
    },
    "NOAA": {
      "text": "",
      "image": "chart_rows/page_029/row_008/cells/NOAA.png",
      "image_tight": "chart_rows/page_029/row_008/cells/NOAA_tight.png",
      "bbox_pdf": [
        320.6000061035156,
        389.66998291015625,
        474.3236999511719,
        407.66998291015625
      ],
      "bbox_px_page": [
        2226,
        2706,
        3293,
        2831
      ]
    },
    "NGA": {
      "text": "",
      "image": "chart_rows/page_029/row_008/cells/NGA.png",
      "image_tight": "chart_rows/page_029/row_008/cells/NGA_tight.png",
      "bbox_pdf": [
        474.3236999511719,
        389.66998291015625,
        585.5497436523438,
        407.66998291015625
      ],
      "bbox_px_page": [
        3293,
        2706,
        4066,
        2831
      ]
    },
    "OtherNGA": {
      "text": "",
      "image": "chart_rows/page_029/row_008/cells/OtherNGA.png",
      "image_tight": "chart_rows/page_029/row_008/cells/OtherNGA_tight.png",
      "bbox_pdf": [
        585.5497436523438,
        389.66998291015625,
        669.9003596305847,
        407.66998291015625
      ],
      "bbox_px_page": [
        4066,
        2706,
        4652,
        2831
      ]
    },
    "ECDIS": {
      "text": "",
      "image": "chart_rows/page_029/row_008/cells/ECDIS.png",
      "image_tight": "chart_rows/page_029/row_008/cells/ECDIS_tight.png",
      "bbox_pdf": [
        669.9003596305847,
        389.66998291015625,
        755.734619140625,
        407.66998291015625
      ],
      "bbox_px_page": [
        4652,
        2706,
        5248,
        2831
      ]
    }
  }
}