{
  "id": "p056_r006",
  "page_number": 56,
  "row_index": 6,
  "no": "27",
  "row_text": "Swept sounding for underwater hazard less than safety depth Swept sounding for underwater hazard greater than or equal to safety depth Isolated danger of depth less than the safety contour",
  "row_image": "chart_rows/page_056/row_006/row.png",
  "cells": {
    "col_01": {
      "text": "27",
      "image": "chart_rows/page_056/row_006/cells/col_01.png",
      "image_tight": "chart_rows/page_056/row_006/cells/col_01_tight.png",
      "bbox_pdf": [
        36.07160186767578,
        427.5701904296875,
        66.97056174278259,
        531.0701904296875
      ],
      "bbox_px_page": [
        250,
        2969,
        465,
        3687
      ]
    },
    "col_02": {
      "text": "",
      "image": "chart_rows/page_056/row_006/cells/col_02.png",
      "image_tight": "chart_rows/page_056/row_006/cells/col_02_tight.png",
      "bbox_pdf": [
        66.97056174278259,
        427.5701904296875,
        191.8062746396463,
        531.0701904296875
      ],
      "bbox_px_page": [
        465,
        2969,
        1331,
        3687
      ]
    },
    "col_03": {
      "text": "Wreck, depth swept by wire drag or confirmed by diver",
      "image": "chart_rows/page_056/row_006/cells/col_03.png",
      "image_tight": "chart_rows/page_056/row_006/cells/col_03_tight.png",
      "bbox_pdf": [
        191.8062746396463,
        427.5701904296875,
        302.6000061035156,
        531.0701904296875
      ],
      "bbox_px_page": [
        1331,
        2969,
        2101,
        3687
      ]
    },
    "col_04": {
      "text": "25",
      "image": "chart_rows/page_056/row_006/cells/col_04.png",
      "image_tight": "chart_rows/page_056/row_006/cells/col_04_tight.png",
      "bbox_pdf": [
        302.6000061035156,
        427.5701904296875,
        381.01983642578125,
        531.0701904296875
      ],
      "bbox_px_page": [
        2101,
        2969,
        2645,
        3687
      ]
    },
    "col_05": {
      "text": "",
      "image": "chart_rows/page_056/row_006/cells/col_05.png",
      "image_tight": "chart_rows/page_056/row_006/cells/col_05_tight.png",
      "bbox_pdf": [
        381.01983642578125,
        427.5701904296875,
        456.3236999511719,
        531.0701904296875
      ],
      "bbox_px_page": [
        2645,
        2969,
        3168,
        3687
      ]
    },
    "col_06": {
      "text": "",
      "image": "chart_rows/page_056/row_006/cells/col_06.png",
      "image_tight": "chart_rows/page_056/row_006/cells/col_06_tight.png",
      "bbox_pdf": [
        456.3236999511719,
        427.5701904296875,
        566.1237182617188,
        531.0701904296875
      ],
      "bbox_px_page": [
        3168,
        2969,
        3931,
        3687
      ]
    },
    "col_07": {
      "text": "",
      "image": "chart_rows/page_056/row_006/cells/col_07.png",
      "image_tight": "chart_rows/page_056/row_006/cells/col_07_tight.png",
      "bbox_pdf": [
        566.1237182617188,
        427.5701904296875,
        651.9290771484375,
        531.0701904296875
      ],
      "bbox_px_page": [
        3931,
        2969,
        4527,
        3687
      ]
    },
    "col_08": {
      "text": "Swept sounding for underwater hazard less than safety depth Swept sounding for underwater hazard greater than or equal to safety depth Isolated danger of depth less than the safety contour",
      "image": "chart_rows/page_056/row_006/cells/col_08.png",
      "image_tight": "chart_rows/page_056/row_006/cells/col_08_tight.png",
      "bbox_pdf": [
        651.9290771484375,
        427.5701904296875,
        737.734619140625,
        531.0701904296875
      ],
      "bbox_px_page": [
        4527,
        2969,
        5123,
        3687
      ]
    }
  }
}