{
  "id": "p060_r017",
  "page_number": 60,
  "row_index": 17,
  "no": "r",
  "row_text": "Stumps of posts or piles, which cover and uncover",
  "row_image": "chart_rows/page_060/row_017/row.png",
  "cells": {
    "col_01": {
      "text": "r",
      "image": "chart_rows/page_060/row_017/cells/col_01.png",
      "image_tight": "chart_rows/page_060/row_017/cells/col_01_tight.png",
      "bbox_pdf": [
        36.07160186767578,
        528.0101928710938,
        66.97056174278259,
        555.0101928710938
      ],
      "bbox_px_page": [
        250,
        3666,
        465,
        3854
      ]
    },
    "col_02": {
      "text": "",
      "image": "chart_rows/page_060/row_017/cells/col_02.png",
      "image_tight": "chart_rows/page_060/row_017/cells/col_02_tight.png",
      "bbox_pdf": [
        66.97056174278259,
        528.0101928710938,
        191.8062746396463,
        555.0101928710938
      ],
      "bbox_px_page": [
        465,
        3666,
        1331,
        3854
      ]
    },
    "col_03": {
      "text": "Stumps of posts or piles, which cover and uncover",
      "image": "chart_rows/page_060/row_017/cells/col_03.png",
      "image_tight": "chart_rows/page_060/row_017/cells/col_03_tight.png",
      "bbox_pdf": [
        191.8062746396463,
        528.0101928710938,
        302.6000061035156,
        555.0101928710938
      ],
      "bbox_px_page": [
        1331,
        3666,
        2101,
        3854
      ]
    },
    "col_04": {
      "text": "Subm piles",
      "image": "chart_rows/page_060/row_017/cells/col_04.png",
      "image_tight": "chart_rows/page_060/row_017/cells/col_04_tight.png",
      "bbox_pdf": [
        302.6000061035156,
        528.0101928710938,
        381.01983642578125,
        555.0101928710938
      ],
      "bbox_px_page": [
        2101,
        3666,
        2645,
        3854
      ]
    },
    "col_05": {
      "text": "",
      "image": "chart_rows/page_060/row_017/cells/col_05.png",
      "image_tight": "chart_rows/page_060/row_017/cells/col_05_tight.png",
      "bbox_pdf": [
        381.01983642578125,
        528.0101928710938,
        456.3236999511719,
        555.0101928710938
      ],
      "bbox_px_page": [
        2645,
        3666,
        3168,
        3854
      ]
    },
    "col_06": {
      "text": "",
      "image": "chart_rows/page_060/row_017/cells/col_06.png",
      "image_tight": "chart_rows/page_060/row_017/cells/col_06_tight.png",
      "bbox_pdf": [
        456.3236999511719,
        528.0101928710938,
        566.1237182617188,
        555.0101928710938
      ],
      "bbox_px_page": [
        3168,
        3666,
        3931,
        3854
      ]
    },
    "col_07": {
      "text": "",
      "image": "chart_rows/page_060/row_017/cells/col_07.png",
      "image_tight": "chart_rows/page_060/row_017/cells/col_07_tight.png",
      "bbox_pdf": [
        566.1237182617188,
        528.0101928710938,
        651.9290771484375,
        555.0101928710938
      ],
      "bbox_px_page": [
        3931,
        3666,
        4527,
        3854
      ]
    },
    "col_08": {
      "text": "",
      "image": "chart_rows/page_060/row_017/cells/col_08.png",
      "image_tight": "chart_rows/page_060/row_017/cells/col_08_tight.png",
      "bbox_pdf": [
        651.9290771484375,
        528.0101928710938,
        737.734619140625,
        555.0101928710938
      ],
      "bbox_px_page": [
        4527,
        3666,
        5123,
        3854
      ]
    }
  }
}