{
  "id": "p023_r004",
  "page_number": 23,
  "row_index": 4,
  "no": "3",
  "row_text": "Settlement (on medium and small scale charts)",
  "row_image": "chart_rows/page_023/row_004/row.png",
  "cells": {
    "col_01": {
      "text": "3",
      "image": "chart_rows/page_023/row_004/cells/col_01.png",
      "image_tight": "chart_rows/page_023/row_004/cells/col_01_tight.png",
      "bbox_pdf": [
        54.07160186767578,
        227.1748046875,
        83.0,
        254.73910522460938
      ],
      "bbox_px_page": [
        375,
        1577,
        576,
        1769
      ]
    },
    "col_02": {
      "text": "",
      "image": "chart_rows/page_023/row_004/cells/col_02.png",
      "image_tight": "chart_rows/page_023/row_004/cells/col_02_tight.png",
      "bbox_pdf": [
        83.0,
        227.1748046875,
        148.33418422937393,
        254.73910522460938
      ],
      "bbox_px_page": [
        576,
        1577,
        1030,
        1769
      ]
    },
    "col_03": {
      "text": "",
      "image": "chart_rows/page_023/row_004/cells/col_03.png",
      "image_tight": "chart_rows/page_023/row_004/cells/col_03_tight.png",
      "bbox_pdf": [
        148.33418422937393,
        227.1748046875,
        209.80630493164062,
        254.73910522460938
      ],
      "bbox_px_page": [
        1030,
        1577,
        1456,
        1769
      ]
    },
    "col_04": {
      "text": "Settlement (on medium and small scale charts)",
      "image": "chart_rows/page_023/row_004/cells/col_04.png",
      "image_tight": "chart_rows/page_023/row_004/cells/col_04_tight.png",
      "bbox_pdf": [
        209.80630493164062,
        227.1748046875,
        320.6000061035156,
        254.73910522460938
      ],
      "bbox_px_page": [
        1456,
        1577,
        2226,
        1769
      ]
    },
    "col_05": {
      "text": "",
      "image": "chart_rows/page_023/row_004/cells/col_05.png",
      "image_tight": "chart_rows/page_023/row_004/cells/col_05_tight.png",
      "bbox_pdf": [
        320.6000061035156,
        227.1748046875,
        474.3236999511719,
        254.73910522460938
      ],
      "bbox_px_page": [
        2226,
        1577,
        3293,
        1769
      ]
    },
    "col_06": {
      "text": "",
      "image": "chart_rows/page_023/row_004/cells/col_06.png",
      "image_tight": "chart_rows/page_023/row_004/cells/col_06_tight.png",
      "bbox_pdf": [
        474.3236999511719,
        227.1748046875,
        585.386962890625,
        254.73910522460938
      ],
      "bbox_px_page": [
        3293,
        1577,
        4065,
        1769
      ]
    },
    "col_07": {
      "text": "Name",
      "image": "chart_rows/page_023/row_004/cells/col_07.png",
      "image_tight": "chart_rows/page_023/row_004/cells/col_07_tight.png",
      "bbox_pdf": [
        585.386962890625,
        227.1748046875,
        669.9257489442825,
        254.73910522460938
      ],
      "bbox_px_page": [
        4065,
        1577,
        4652,
        1769
      ]
    },
    "col_08": {
      "text": "Built up area as a point",
      "image": "chart_rows/page_023/row_004/cells/col_08.png",
      "image_tight": "chart_rows/page_023/row_004/cells/col_08_tight.png",
      "bbox_pdf": [
        669.9257489442825,
        227.1748046875,
        755.734619140625,
        254.73910522460938
      ],
      "bbox_px_page": [
        4652,
        1577,
        5248,
        1769
      ]
    }
  }
}