{
  "id": "p062_r005",
  "page_number": 62,
  "row_index": 5,
  "no": "18",
  "row_text": "Mooring ground tackle",
  "row_image": "chart_rows/page_062/row_005/row.png",
  "cells": {
    "col_01": {
      "text": "18",
      "image": "chart_rows/page_062/row_005/cells/col_01.png",
      "image_tight": "chart_rows/page_062/row_005/cells/col_01_tight.png",
      "bbox_pdf": [
        36.07160186767578,
        228.5994873046875,
        66.97056174278259,
        251.13409423828125
      ],
      "bbox_px_page": [
        250,
        1587,
        465,
        1743
      ]
    },
    "col_02": {
      "text": "",
      "image": "chart_rows/page_062/row_005/cells/col_02.png",
      "image_tight": "chart_rows/page_062/row_005/cells/col_02_tight.png",
      "bbox_pdf": [
        66.97056174278259,
        228.5994873046875,
        191.8062746396463,
        251.13409423828125
      ],
      "bbox_px_page": [
        465,
        1587,
        1331,
        1743
      ]
    },
    "col_03": {
      "text": "Mooring ground tackle",
      "image": "chart_rows/page_062/row_005/cells/col_03.png",
      "image_tight": "chart_rows/page_062/row_005/cells/col_03_tight.png",
      "bbox_pdf": [
        191.8062746396463,
        228.5994873046875,
        302.6000061035156,
        251.13409423828125
      ],
      "bbox_px_page": [
        1331,
        1587,
        2101,
        1743
      ]
    },
    "col_04": {
      "text": "",
      "image": "chart_rows/page_062/row_005/cells/col_04.png",
      "image_tight": "chart_rows/page_062/row_005/cells/col_04_tight.png",
      "bbox_pdf": [
        302.6000061035156,
        228.5994873046875,
        381.01983642578125,
        251.13409423828125
      ],
      "bbox_px_page": [
        2101,
        1587,
        2645,
        1743
      ]
    },
    "col_05": {
      "text": "",
      "image": "chart_rows/page_062/row_005/cells/col_05.png",
      "image_tight": "chart_rows/page_062/row_005/cells/col_05_tight.png",
      "bbox_pdf": [
        381.01983642578125,
        228.5994873046875,
        456.3236999511719,
        251.13409423828125
      ],
      "bbox_px_page": [
        2645,
        1587,
        3168,
        1743
      ]
    },
    "col_06": {
      "text": "",
      "image": "chart_rows/page_062/row_005/cells/col_06.png",
      "image_tight": "chart_rows/page_062/row_005/cells/col_06_tight.png",
      "bbox_pdf": [
        456.3236999511719,
        228.5994873046875,
        566.1237182617188,
        251.13409423828125
      ],
      "bbox_px_page": [
        3168,
        1587,
        3931,
        1743
      ]
    },
    "col_07": {
      "text": "G",
      "image": "chart_rows/page_062/row_005/cells/col_07.png",
      "image_tight": "chart_rows/page_062/row_005/cells/col_07_tight.png",
      "bbox_pdf": [
        566.1237182617188,
        228.5994873046875,
        651.9290771484375,
        251.13409423828125
      ],
      "bbox_px_page": [
        3931,
        1587,
        4527,
        1743
      ]
    },
    "col_08": {
      "text": "Ground tackle",
      "image": "chart_rows/page_062/row_005/cells/col_08.png",
      "image_tight": "chart_rows/page_062/row_005/cells/col_08_tight.png",
      "bbox_pdf": [
        651.9290771484375,
        228.5994873046875,
        737.734619140625,
        251.13409423828125
      ],
      "bbox_px_page": [
        4527,
        1587,
        5123,
        1743
      ]
    }
  }
}