{
  "id": "p032_r015",
  "page_number": 32,
  "row_index": 15,
  "no": "s",
  "row_text": "Apartment",
  "row_image": "chart_rows/page_032/row_015/row.png",
  "cells": {
    "No": {
      "text": "s",
      "image": "chart_rows/page_032/row_015/cells/No.png",
      "image_tight": "chart_rows/page_032/row_015/cells/No_tight.png",
      "bbox_pdf": [
        36.07160186767578,
        373.88409423828125,
        64.99938281575669,
        392.33050537109375
      ],
      "bbox_px_page": [
        250,
        2596,
        451,
        2724
      ]
    },
    "INT": {
      "text": "",
      "image": "chart_rows/page_032/row_015/cells/INT.png",
      "image_tight": "chart_rows/page_032/row_015/cells/INT_tight.png",
      "bbox_pdf": [
        64.99938281575669,
        373.88409423828125,
        193.06974206492305,
        392.33050537109375
      ],
      "bbox_px_page": [
        451,
        2596,
        1340,
        2724
      ]
    },
    "Description": {
      "text": "Apartment",
      "image": "chart_rows/page_032/row_015/cells/Description.png",
      "image_tight": "chart_rows/page_032/row_015/cells/Description_tight.png",
      "bbox_pdf": [
        193.06974206492305,
        373.88409423828125,
        304.3567180633545,
        392.33050537109375
      ],
      "bbox_px_page": [
        1340,
        2596,
        2113,
        2724
      ]
    },
    "NOAA": {
      "text": "Apt",
      "image": "chart_rows/page_032/row_015/cells/NOAA.png",
      "image_tight": "chart_rows/page_032/row_015/cells/NOAA_tight.png",
      "bbox_pdf": [
        304.3567180633545,
        373.88409423828125,
        456.3229369148612,
        392.33050537109375
      ],
      "bbox_px_page": [
        2113,
        2596,
        3168,
        2724
      ]
    },
    "NGA": {
      "text": "",
      "image": "chart_rows/page_032/row_015/cells/NGA.png",
      "image_tight": "chart_rows/page_032/row_015/cells/NGA_tight.png",
      "bbox_pdf": [
        456.3229369148612,
        373.88409423828125,
        567.7757158279419,
        392.33050537109375
      ],
      "bbox_px_page": [
        3168,
        2596,
        3942,
        2724
      ]
    },
    "OtherNGA": {
      "text": "",
      "image": "chart_rows/page_032/row_015/cells/OtherNGA.png",
      "image_tight": "chart_rows/page_032/row_015/cells/OtherNGA_tight.png",
      "bbox_pdf": [
        567.7757158279419,
        373.88409423828125,
        651.92743146047,
        392.33050537109375
      ],
      "bbox_px_page": [
        3942,
        2596,
        4527,
        2724
      ]
    },
    "ECDIS": {
      "text": "",
      "image": "chart_rows/page_032/row_015/cells/ECDIS.png",
      "image_tight": "chart_rows/page_032/row_015/cells/ECDIS_tight.png",
      "bbox_pdf": [
        651.92743146047,
        373.88409423828125,
        737.734619140625,
        392.33050537109375
      ],
      "bbox_px_page": [
        4527,
        2596,
        5123,
        2724
      ]
    }
  }
}