{
  "id": "p019_r009",
  "page_number": 19,
  "row_index": 9,
  "no": "21",
  "row_text": "Intermittent river, intermittent lake",
  "row_image": "chart_rows/page_019/row_009/row.png",
  "cells": {
    "No": {
      "text": "21",
      "image": "chart_rows/page_019/row_009/cells/No.png",
      "image_tight": "chart_rows/page_019/row_009/cells/No_tight.png",
      "bbox_pdf": [
        54.07160186767578,
        489.1157227754593,
        82.99796140193939,
        547.1655092015862
      ],
      "bbox_px_page": [
        375,
        3396,
        576,
        3799
      ]
    },
    "INT": {
      "text": "",
      "image": "chart_rows/page_019/row_009/cells/INT.png",
      "image_tight": "chart_rows/page_019/row_009/cells/INT_tight.png",
      "bbox_pdf": [
        82.99796140193939,
        489.1157227754593,
        211.40581703186035,
        547.1655092015862
      ],
      "bbox_px_page": [
        576,
        3396,
        1468,
        3799
      ]
    },
    "Description": {
      "text": "Intermittent river, intermittent lake",
      "image": "chart_rows/page_019/row_009/cells/Description.png",
      "image_tight": "chart_rows/page_019/row_009/cells/Description_tight.png",
      "bbox_pdf": [
        211.40581703186035,
        489.1157227754593,
        320.6000061035156,
        547.1655092015862
      ],
      "bbox_px_page": [
        1468,
        3396,
        2226,
        3799
      ]
    },
    "NOAA": {
      "text": "",
      "image": "chart_rows/page_019/row_009/cells/NOAA.png",
      "image_tight": "chart_rows/page_019/row_009/cells/NOAA_tight.png",
      "bbox_pdf": [
        320.6000061035156,
        489.1157227754593,
        474.3236999511719,
        547.1655092015862
      ],
      "bbox_px_page": [
        2226,
        3396,
        3293,
        3799
      ]
    },
    "NGA": {
      "text": "",
      "image": "chart_rows/page_019/row_009/cells/NGA.png",
      "image_tight": "chart_rows/page_019/row_009/cells/NGA_tight.png",
      "bbox_pdf": [
        474.3236999511719,
        489.1157227754593,
        585.5497436523438,
        547.1655092015862
      ],
      "bbox_px_page": [
        3293,
        3396,
        4066,
        3799
      ]
    },
    "OtherNGA": {
      "text": "",
      "image": "chart_rows/page_019/row_009/cells/OtherNGA.png",
      "image_tight": "chart_rows/page_019/row_009/cells/OtherNGA_tight.png",
      "bbox_pdf": [
        585.5497436523438,
        489.1157227754593,
        669.9003596305847,
        547.1655092015862
      ],
      "bbox_px_page": [
        4066,
        3396,
        4652,
        3799
      ]
    },
    "ECDIS": {
      "text": "River",
      "image": "chart_rows/page_019/row_009/cells/ECDIS.png",
      "image_tight": "chart_rows/page_019/row_009/cells/ECDIS_tight.png",
      "bbox_pdf": [
        669.9003596305847,
        489.1157227754593,
        755.734619140625,
        547.1655092015862
      ],
      "bbox_px_page": [
        4652,
        3396,
        5248,
        3799
      ]
    }
  }
}