{
  "id": "p041_r007",
  "page_number": 41,
  "row_index": 7,
  "no": "No.",
  "row_text": "INT Description NOAA",
  "row_image": "chart_rows/page_041/row_007/row.png",
  "cells": {
    "col_01": {
      "text": "No.",
      "image": "chart_rows/page_041/row_007/cells/col_01.png",
      "image_tight": "chart_rows/page_041/row_007/cells/col_01_tight.png",
      "bbox_pdf": [
        54.070899963378906,
        406.4464111328125,
        82.08000183105469,
        428.04638671875
      ],
      "bbox_px_page": [
        375,
        2822,
        570,
        2972
      ]
    },
    "col_02": {
      "text": "INT Description NOAA",
      "image": "chart_rows/page_041/row_007/cells/col_02.png",
      "image_tight": "chart_rows/page_041/row_007/cells/col_02_tight.png",
      "bbox_pdf": [
        82.08000183105469,
        406.4464111328125,
        755.9290771484375,
        428.04638671875
      ],
      "bbox_px_page": [
        570,
        2822,
        5249,
        2972
      ]
    }
  }
}