{
  "id": "p036_r007",
  "page_number": 36,
  "row_index": 7,
  "no": "33.1",
  "row_text": "Ruins",
  "row_image": "chart_rows/page_036/row_007/row.png",
  "cells": {
    "col_01": {
      "text": "33.1",
      "image": "chart_rows/page_036/row_007/cells/col_01.png",
      "image_tight": "chart_rows/page_036/row_007/cells/col_01_tight.png",
      "bbox_pdf": [
        36.07160186767578,
        406.11468505859375,
        66.83821793145034,
        437.5211181640625
      ],
      "bbox_px_page": [
        250,
        2820,
        464,
        3038
      ]
    },
    "col_02": {
      "text": "",
      "image": "chart_rows/page_036/row_007/cells/col_02.png",
      "image_tight": "chart_rows/page_036/row_007/cells/col_02_tight.png",
      "bbox_pdf": [
        66.83821793145034,
        406.11468505859375,
        128.35996961593628,
        437.5211181640625
      ],
      "bbox_px_page": [
        464,
        2820,
        891,
        3038
      ]
    },
    "col_03": {
      "text": "",
      "image": "chart_rows/page_036/row_007/cells/col_03.png",
      "image_tight": "chart_rows/page_036/row_007/cells/col_03_tight.png",
      "bbox_pdf": [
        128.35996961593628,
        406.11468505859375,
        192.74342723796144,
        437.5211181640625
      ],
      "bbox_px_page": [
        891,
        2820,
        1338,
        3038
      ]
    },
    "col_04": {
      "text": "Ruin",
      "image": "chart_rows/page_036/row_007/cells/col_04.png",
      "image_tight": "chart_rows/page_036/row_007/cells/col_04_tight.png",
      "bbox_pdf": [
        192.74342723796144,
        406.11468505859375,
        302.6000061035156,
        437.5211181640625
      ],
      "bbox_px_page": [
        1338,
        2820,
        2101,
        3038
      ]
    },
    "col_05": {
      "text": "Ruins",
      "image": "chart_rows/page_036/row_007/cells/col_05.png",
      "image_tight": "chart_rows/page_036/row_007/cells/col_05_tight.png",
      "bbox_pdf": [
        302.6000061035156,
        406.11468505859375,
        456.3236999511719,
        437.5211181640625
      ],
      "bbox_px_page": [
        2101,
        2820,
        3168,
        3038
      ]
    },
    "col_06": {
      "text": "",
      "image": "chart_rows/page_036/row_007/cells/col_06.png",
      "image_tight": "chart_rows/page_036/row_007/cells/col_06_tight.png",
      "bbox_pdf": [
        456.3236999511719,
        406.11468505859375,
        567.5356597900391,
        437.5211181640625
      ],
      "bbox_px_page": [
        3168,
        2820,
        3941,
        3038
      ]
    },
    "col_07": {
      "text": "",
      "image": "chart_rows/page_036/row_007/cells/col_07.png",
      "image_tight": "chart_rows/page_036/row_007/cells/col_07_tight.png",
      "bbox_pdf": [
        567.5356597900391,
        406.11468505859375,
        651.9163010418415,
        437.5211181640625
      ],
      "bbox_px_page": [
        3941,
        2820,
        4527,
        3038
      ]
    },
    "col_08": {
      "text": "",
      "image": "chart_rows/page_036/row_007/cells/col_08.png",
      "image_tight": "chart_rows/page_036/row_007/cells/col_08_tight.png",
      "bbox_pdf": [
        651.9163010418415,
        406.11468505859375,
        737.734619140625,
        437.5211181640625
      ],
      "bbox_px_page": [
        4527,
        2820,
        5123,
        3038
      ]
    }
  }
}