{
  "id": "p065_r003",
  "page_number": 65,
  "row_index": 3,
  "no": "3",
  "row_text": "Non-regulated, recommended track based on fixed marks Direction not encoded 90 deg One-way 270 deg Two-way",
  "row_image": "chart_rows/page_065/row_003/row.png",
  "cells": {
    "No": {
      "text": "3",
      "image": "chart_rows/page_065/row_003/cells/No.png",
      "image_tight": "chart_rows/page_065/row_003/cells/No_tight.png",
      "bbox_pdf": [
        54.07160186767578,
        261.8428039550781,
        83.0,
        340.2428894042969
      ],
      "bbox_px_page": [
        375,
        1818,
        576,
        2362
      ]
    },
    "INT": {
      "text": "",
      "image": "chart_rows/page_065/row_003/cells/INT.png",
      "image_tight": "chart_rows/page_065/row_003/cells/INT_tight.png",
      "bbox_pdf": [
        83.0,
        261.8428039550781,
        209.80630493164062,
        340.2428894042969
      ],
      "bbox_px_page": [
        576,
        1818,
        1456,
        2362
      ]
    },
    "Description": {
      "text": "Recommended track based on a system of fixed marks",
      "image": "chart_rows/page_065/row_003/cells/Description.png",
      "image_tight": "chart_rows/page_065/row_003/cells/Description_tight.png",
      "bbox_pdf": [
        209.80630493164062,
        261.8428039550781,
        320.6000061035156,
        340.2428894042969
      ],
      "bbox_px_page": [
        1456,
        1818,
        2226,
        2362
      ]
    },
    "NOAA": {
      "text": "",
      "image": "chart_rows/page_065/row_003/cells/NOAA.png",
      "image_tight": "chart_rows/page_065/row_003/cells/NOAA_tight.png",
      "bbox_pdf": [
        320.6000061035156,
        261.8428039550781,
        397.2838134765625,
        340.2428894042969
      ],
      "bbox_px_page": [
        2226,
        1818,
        2758,
        2362
      ]
    },
    "NGA": {
      "text": "Lights in line 090°",
      "image": "chart_rows/page_065/row_003/cells/NGA.png",
      "image_tight": "chart_rows/page_065/row_003/cells/NGA_tight.png",
      "bbox_pdf": [
        397.2838134765625,
        261.8428039550781,
        474.3236999511719,
        340.2428894042969
      ],
      "bbox_px_page": [
        2758,
        1818,
        3293,
        2362
      ]
    },
    "OtherNGA": {
      "text": "",
      "image": "chart_rows/page_065/row_003/cells/OtherNGA.png",
      "image_tight": "chart_rows/page_065/row_003/cells/OtherNGA_tight.png",
      "bbox_pdf": [
        474.3236999511719,
        261.8428039550781,
        584.1237182617188,
        340.2428894042969
      ],
      "bbox_px_page": [
        3293,
        1818,
        4056,
        2362
      ]
    },
    "ECDIS": {
      "text": "Non-regulated, recommended track based on fixed marks Direction not encoded 90 deg One-way 270 deg Two-way",
      "image": "chart_rows/page_065/row_003/cells/ECDIS.png",
      "image_tight": "chart_rows/page_065/row_003/cells/ECDIS_tight.png",
      "bbox_pdf": [
        584.1237182617188,
        261.8428039550781,
        755.734619140625,
        340.2428894042969
      ],
      "bbox_px_page": [
        4056,
        1818,
        5248,
        2362
      ]
    }
  }
}