{
  "id": "p034_r006",
  "page_number": 34,
  "row_index": 6,
  "no": "12",
  "row_text": "Mole as a line Mole as an area",
  "row_image": "chart_rows/page_034/row_006/row.png",
  "cells": {
    "col_01": {
      "text": "12",
      "image": "chart_rows/page_034/row_006/cells/col_01.png",
      "image_tight": "chart_rows/page_034/row_006/cells/col_01_tight.png",
      "bbox_pdf": [
        36.07160186767578,
        284.573486328125,
        66.83821793145034,
        333.1662902832031
      ],
      "bbox_px_page": [
        250,
        1976,
        464,
        2313
      ]
    },
    "col_02": {
      "text": "",
      "image": "chart_rows/page_034/row_006/cells/col_02.png",
      "image_tight": "chart_rows/page_034/row_006/cells/col_02_tight.png",
      "bbox_pdf": [
        66.83821793145034,
        284.573486328125,
        128.35996961593628,
        333.1662902832031
      ],
      "bbox_px_page": [
        464,
        1976,
        891,
        2313
      ]
    },
    "col_03": {
      "text": "",
      "image": "chart_rows/page_034/row_006/cells/col_03.png",
      "image_tight": "chart_rows/page_034/row_006/cells/col_03_tight.png",
      "bbox_pdf": [
        128.35996961593628,
        284.573486328125,
        192.74342723796144,
        333.1662902832031
      ],
      "bbox_px_page": [
        891,
        1976,
        1338,
        2313
      ]
    },
    "col_04": {
      "text": "Mole (with berthing facility)",
      "image": "chart_rows/page_034/row_006/cells/col_04.png",
      "image_tight": "chart_rows/page_034/row_006/cells/col_04_tight.png",
      "bbox_pdf": [
        192.74342723796144,
        284.573486328125,
        302.6000061035156,
        333.1662902832031
      ],
      "bbox_px_page": [
        1338,
        1976,
        2101,
        2313
      ]
    },
    "col_05": {
      "text": "",
      "image": "chart_rows/page_034/row_006/cells/col_05.png",
      "image_tight": "chart_rows/page_034/row_006/cells/col_05_tight.png",
      "bbox_pdf": [
        302.6000061035156,
        284.573486328125,
        456.3236999511719,
        333.1662902832031
      ],
      "bbox_px_page": [
        2101,
        1976,
        3168,
        2313
      ]
    },
    "col_06": {
      "text": "",
      "image": "chart_rows/page_034/row_006/cells/col_06.png",
      "image_tight": "chart_rows/page_034/row_006/cells/col_06_tight.png",
      "bbox_pdf": [
        456.3236999511719,
        284.573486328125,
        567.5356597900391,
        333.1662902832031
      ],
      "bbox_px_page": [
        3168,
        1976,
        3941,
        2313
      ]
    },
    "col_07": {
      "text": "",
      "image": "chart_rows/page_034/row_006/cells/col_07.png",
      "image_tight": "chart_rows/page_034/row_006/cells/col_07_tight.png",
      "bbox_pdf": [
        567.5356597900391,
        284.573486328125,
        651.9163010418415,
        333.1662902832031
      ],
      "bbox_px_page": [
        3941,
        1976,
        4527,
        2313
      ]
    },
    "col_08": {
      "text": "Mole as a line Mole as an area",
      "image": "chart_rows/page_034/row_006/cells/col_08.png",
      "image_tight": "chart_rows/page_034/row_006/cells/col_08_tight.png",
      "bbox_pdf": [
        651.9163010418415,
        284.573486328125,
        737.734619140625,
        333.1662902832031
      ],
      "bbox_px_page": [
        4527,
        1976,
        5123,
        2313
      ]
    }
  }
}