{
  "id": "p033_r008",
  "page_number": 33,
  "row_index": 8,
  "no": "4.3",
  "row_text": "Breakwater (slope of concrete or masonry)",
  "row_image": "chart_rows/page_033/row_008/row.png",
  "cells": {
    "No": {
      "text": "4.3",
      "image": "chart_rows/page_033/row_008/cells/No.png",
      "image_tight": "chart_rows/page_033/row_008/cells/No_tight.png",
      "bbox_pdf": [
        54.07160186767578,
        510.6883716285229,
        82.99796140193939,
        532.9736328125
      ],
      "bbox_px_page": [
        375,
        3546,
        576,
        3701
      ]
    },
    "INT": {
      "text": "",
      "image": "chart_rows/page_033/row_008/cells/INT.png",
      "image_tight": "chart_rows/page_033/row_008/cells/INT_tight.png",
      "bbox_pdf": [
        82.99796140193939,
        510.6883716285229,
        211.40581703186035,
        532.9736328125
      ],
      "bbox_px_page": [
        576,
        3546,
        1468,
        3701
      ]
    },
    "Description": {
      "text": "Breakwater (slope of concrete or masonry)",
      "image": "chart_rows/page_033/row_008/cells/Description.png",
      "image_tight": "chart_rows/page_033/row_008/cells/Description_tight.png",
      "bbox_pdf": [
        211.40581703186035,
        510.6883716285229,
        320.6000061035156,
        532.9736328125
      ],
      "bbox_px_page": [
        1468,
        3546,
        2226,
        3701
      ]
    },
    "NOAA": {
      "text": "",
      "image": "chart_rows/page_033/row_008/cells/NOAA.png",
      "image_tight": "chart_rows/page_033/row_008/cells/NOAA_tight.png",
      "bbox_pdf": [
        320.6000061035156,
        510.6883716285229,
        474.3236999511719,
        532.9736328125
      ],
      "bbox_px_page": [
        2226,
        3546,
        3293,
        3701
      ]
    },
    "NGA": {
      "text": "",
      "image": "chart_rows/page_033/row_008/cells/NGA.png",
      "image_tight": "chart_rows/page_033/row_008/cells/NGA_tight.png",
      "bbox_pdf": [
        474.3236999511719,
        510.6883716285229,
        585.5497436523438,
        532.9736328125
      ],
      "bbox_px_page": [
        3293,
        3546,
        4066,
        3701
      ]
    },
    "OtherNGA": {
      "text": "",
      "image": "chart_rows/page_033/row_008/cells/OtherNGA.png",
      "image_tight": "chart_rows/page_033/row_008/cells/OtherNGA_tight.png",
      "bbox_pdf": [
        585.5497436523438,
        510.6883716285229,
        669.9003596305847,
        532.9736328125
      ],
      "bbox_px_page": [
        4066,
        3546,
        4652,
        3701
      ]
    },
    "ECDIS": {
      "text": "",
      "image": "chart_rows/page_033/row_008/cells/ECDIS.png",
      "image_tight": "chart_rows/page_033/row_008/cells/ECDIS_tight.png",
      "bbox_pdf": [
        669.9003596305847,
        510.6883716285229,
        755.734619140625,
        532.9736328125
      ],
      "bbox_px_page": [
        4652,
        3546,
        5248,
        3701
      ]
    }
  }
}