{
  "id": "p025_r009",
  "page_number": 25,
  "row_index": 9,
  "no": "23.6",
  "row_text": "Opening bridge",
  "row_image": "chart_rows/page_025/row_009/row.png",
  "cells": {
    "No": {
      "text": "23.6",
      "image": "chart_rows/page_025/row_009/cells/No.png",
      "image_tight": "chart_rows/page_025/row_009/cells/No_tight.png",
      "bbox_pdf": [
        54.07160186767578,
        447.3871218711138,
        82.99796140193939,
        486.69374084472656
      ],
      "bbox_px_page": [
        375,
        3106,
        576,
        3379
      ]
    },
    "INT": {
      "text": "",
      "image": "chart_rows/page_025/row_009/cells/INT.png",
      "image_tight": "chart_rows/page_025/row_009/cells/INT_tight.png",
      "bbox_pdf": [
        82.99796140193939,
        447.3871218711138,
        211.40581703186035,
        486.69374084472656
      ],
      "bbox_px_page": [
        576,
        3106,
        1468,
        3379
      ]
    },
    "Description": {
      "text": "clearance",
      "image": "chart_rows/page_025/row_009/cells/Description.png",
      "image_tight": "chart_rows/page_025/row_009/cells/Description_tight.png",
      "bbox_pdf": [
        211.40581703186035,
        447.3871218711138,
        320.6000061035156,
        486.69374084472656
      ],
      "bbox_px_page": [
        1468,
        3106,
        2226,
        3379
      ]
    },
    "NOAA": {
      "text": "",
      "image": "chart_rows/page_025/row_009/cells/NOAA.png",
      "image_tight": "chart_rows/page_025/row_009/cells/NOAA_tight.png",
      "bbox_pdf": [
        320.6000061035156,
        447.3871218711138,
        474.3236999511719,
        486.69374084472656
      ],
      "bbox_px_page": [
        2226,
        3106,
        3293,
        3379
      ]
    },
    "NGA": {
      "text": "",
      "image": "chart_rows/page_025/row_009/cells/NGA.png",
      "image_tight": "chart_rows/page_025/row_009/cells/NGA_tight.png",
      "bbox_pdf": [
        474.3236999511719,
        447.3871218711138,
        585.5497436523438,
        486.69374084472656
      ],
      "bbox_px_page": [
        3293,
        3106,
        4066,
        3379
      ]
    },
    "OtherNGA": {
      "text": "clr op 20.0",
      "image": "chart_rows/page_025/row_009/cells/OtherNGA.png",
      "image_tight": "chart_rows/page_025/row_009/cells/OtherNGA_tight.png",
      "bbox_pdf": [
        585.5497436523438,
        447.3871218711138,
        669.9003596305847,
        486.69374084472656
      ],
      "bbox_px_page": [
        4066,
        3106,
        4652,
        3379
      ]
    },
    "ECDIS": {
      "text": "Opening bridge",
      "image": "chart_rows/page_025/row_009/cells/ECDIS.png",
      "image_tight": "chart_rows/page_025/row_009/cells/ECDIS_tight.png",
      "bbox_pdf": [
        669.9003596305847,
        447.3871218711138,
        755.734619140625,
        486.69374084472656
      ],
      "bbox_px_page": [
        4652,
        3106,
        5248,
        3379
      ]
    }
  }
}