{
  "id": "p065_r002",
  "page_number": 65,
  "row_index": 2,
  "no": "2",
  "row_text": "Transit (other than leading line), clearing line",
  "row_image": "chart_rows/page_065/row_002/row.png",
  "cells": {
    "No": {
      "text": "2",
      "image": "chart_rows/page_065/row_002/cells/No.png",
      "image_tight": "chart_rows/page_065/row_002/cells/No_tight.png",
      "bbox_pdf": [
        54.07160186767578,
        202.32000732421875,
        83.0,
        261.8428039550781
      ],
      "bbox_px_page": [
        375,
        1405,
        576,
        1818
      ]
    },
    "INT": {
      "text": "",
      "image": "chart_rows/page_065/row_002/cells/INT.png",
      "image_tight": "chart_rows/page_065/row_002/cells/INT_tight.png",
      "bbox_pdf": [
        83.0,
        202.32000732421875,
        209.80630493164062,
        261.8428039550781
      ],
      "bbox_px_page": [
        576,
        1405,
        1456,
        1818
      ]
    },
    "Description": {
      "text": "Transit (other than leading line), clearing line",
      "image": "chart_rows/page_065/row_002/cells/Description.png",
      "image_tight": "chart_rows/page_065/row_002/cells/Description_tight.png",
      "bbox_pdf": [
        209.80630493164062,
        202.32000732421875,
        320.6000061035156,
        261.8428039550781
      ],
      "bbox_px_page": [
        1456,
        1405,
        2226,
        1818
      ]
    },
    "NOAA": {
      "text": "",
      "image": "chart_rows/page_065/row_002/cells/NOAA.png",
      "image_tight": "chart_rows/page_065/row_002/cells/NOAA_tight.png",
      "bbox_pdf": [
        320.6000061035156,
        202.32000732421875,
        397.2838134765625,
        261.8428039550781
      ],
      "bbox_px_page": [
        2226,
        1405,
        2758,
        1818
      ]
    },
    "NGA": {
      "text": "Beacons in line 090°",
      "image": "chart_rows/page_065/row_002/cells/NGA.png",
      "image_tight": "chart_rows/page_065/row_002/cells/NGA_tight.png",
      "bbox_pdf": [
        397.2838134765625,
        202.32000732421875,
        474.3236999511719,
        261.8428039550781
      ],
      "bbox_px_page": [
        2758,
        1405,
        3293,
        1818
      ]
    },
    "OtherNGA": {
      "text": "Bns in line 270.5°",
      "image": "chart_rows/page_065/row_002/cells/OtherNGA.png",
      "image_tight": "chart_rows/page_065/row_002/cells/OtherNGA_tight.png",
      "bbox_pdf": [
        474.3236999511719,
        202.32000732421875,
        584.1237182617188,
        261.8428039550781
      ],
      "bbox_px_page": [
        3293,
        1405,
        4056,
        1818
      ]
    },
    "ECDIS": {
      "text": "270 deg Clearing line; transit line",
      "image": "chart_rows/page_065/row_002/cells/ECDIS.png",
      "image_tight": "chart_rows/page_065/row_002/cells/ECDIS_tight.png",
      "bbox_pdf": [
        584.1237182617188,
        202.32000732421875,
        755.734619140625,
        261.8428039550781
      ],
      "bbox_px_page": [
        4056,
        1405,
        5248,
        1818
      ]
    }
  }
}