{
  "id": "p059_r004",
  "page_number": 59,
  "row_index": 4,
  "no": "47",
  "row_text": "Marine farm as a point",
  "row_image": "chart_rows/page_059/row_004/row.png",
  "cells": {
    "col_01": {
      "text": "47",
      "image": "chart_rows/page_059/row_004/cells/col_01.png",
      "image_tight": "chart_rows/page_059/row_004/cells/col_01_tight.png",
      "bbox_pdf": [
        54.07160186767578,
        396.0701904296875,
        83.0,
        436.5701904296875
      ],
      "bbox_px_page": [
        375,
        2750,
        576,
        3031
      ]
    },
    "col_02": {
      "text": "",
      "image": "chart_rows/page_059/row_004/cells/col_02.png",
      "image_tight": "chart_rows/page_059/row_004/cells/col_02_tight.png",
      "bbox_pdf": [
        83.0,
        396.0701904296875,
        209.80630493164062,
        436.5701904296875
      ],
      "bbox_px_page": [
        576,
        2750,
        1456,
        3031
      ]
    },
    "col_03": {
      "text": "Shellfish beds",
      "image": "chart_rows/page_059/row_004/cells/col_03.png",
      "image_tight": "chart_rows/page_059/row_004/cells/col_03_tight.png",
      "bbox_pdf": [
        209.80630493164062,
        396.0701904296875,
        320.6000061035156,
        436.5701904296875
      ],
      "bbox_px_page": [
        1456,
        2750,
        2226,
        3031
      ]
    },
    "col_04": {
      "text": "",
      "image": "chart_rows/page_059/row_004/cells/col_04.png",
      "image_tight": "chart_rows/page_059/row_004/cells/col_04_tight.png",
      "bbox_pdf": [
        320.6000061035156,
        396.0701904296875,
        397.2838134765625,
        436.5701904296875
      ],
      "bbox_px_page": [
        2226,
        2750,
        2758,
        3031
      ]
    },
    "col_05": {
      "text": "",
      "image": "chart_rows/page_059/row_004/cells/col_05.png",
      "image_tight": "chart_rows/page_059/row_004/cells/col_05_tight.png",
      "bbox_pdf": [
        397.2838134765625,
        396.0701904296875,
        474.3236999511719,
        436.5701904296875
      ],
      "bbox_px_page": [
        2758,
        2750,
        3293,
        3031
      ]
    },
    "col_06": {
      "text": "",
      "image": "chart_rows/page_059/row_004/cells/col_06.png",
      "image_tight": "chart_rows/page_059/row_004/cells/col_06_tight.png",
      "bbox_pdf": [
        474.3236999511719,
        396.0701904296875,
        584.1237182617188,
        436.5701904296875
      ],
      "bbox_px_page": [
        3293,
        2750,
        4056,
        3031
      ]
    },
    "col_07": {
      "text": "",
      "image": "chart_rows/page_059/row_004/cells/col_07.png",
      "image_tight": "chart_rows/page_059/row_004/cells/col_07_tight.png",
      "bbox_pdf": [
        584.1237182617188,
        396.0701904296875,
        669.9290771484375,
        436.5701904296875
      ],
      "bbox_px_page": [
        4056,
        2750,
        4652,
        3031
      ]
    },
    "col_08": {
      "text": "Marine farm as a point",
      "image": "chart_rows/page_059/row_004/cells/col_08.png",
      "image_tight": "chart_rows/page_059/row_004/cells/col_08_tight.png",
      "bbox_pdf": [
        669.9290771484375,
        396.0701904296875,
        755.734619140625,
        436.5701904296875
      ],
      "bbox_px_page": [
        4652,
        2750,
        5248,
        3031
      ]
    }
  }
}