{
  "id": "p060_r007",
  "page_number": 60,
  "row_index": 7,
  "no": "h",
  "row_text": "Coral reef, detached (uncovers at sounding datum)",
  "row_image": "chart_rows/page_060/row_007/row.png",
  "cells": {
    "col_01": {
      "text": "h",
      "image": "chart_rows/page_060/row_007/cells/col_01.png",
      "image_tight": "chart_rows/page_060/row_007/cells/col_01_tight.png",
      "bbox_pdf": [
        36.07160186767578,
        225.0701904296875,
        66.97056174278259,
        270.0701904296875
      ],
      "bbox_px_page": [
        250,
        1562,
        465,
        1875
      ]
    },
    "col_02": {
      "text": "",
      "image": "chart_rows/page_060/row_007/cells/col_02.png",
      "image_tight": "chart_rows/page_060/row_007/cells/col_02_tight.png",
      "bbox_pdf": [
        66.97056174278259,
        225.0701904296875,
        191.8062746396463,
        270.0701904296875
      ],
      "bbox_px_page": [
        465,
        1562,
        1331,
        1875
      ]
    },
    "col_03": {
      "text": "Coral reef, detached (uncovers at sounding datum)",
      "image": "chart_rows/page_060/row_007/cells/col_03.png",
      "image_tight": "chart_rows/page_060/row_007/cells/col_03_tight.png",
      "bbox_pdf": [
        191.8062746396463,
        225.0701904296875,
        302.6000061035156,
        270.0701904296875
      ],
      "bbox_px_page": [
        1331,
        1562,
        2101,
        1875
      ]
    },
    "col_04": {
      "text": "Co",
      "image": "chart_rows/page_060/row_007/cells/col_04.png",
      "image_tight": "chart_rows/page_060/row_007/cells/col_04_tight.png",
      "bbox_pdf": [
        302.6000061035156,
        225.0701904296875,
        381.01983642578125,
        270.0701904296875
      ],
      "bbox_px_page": [
        2101,
        1562,
        2645,
        1875
      ]
    },
    "col_05": {
      "text": "",
      "image": "chart_rows/page_060/row_007/cells/col_05.png",
      "image_tight": "chart_rows/page_060/row_007/cells/col_05_tight.png",
      "bbox_pdf": [
        381.01983642578125,
        225.0701904296875,
        456.3236999511719,
        270.0701904296875
      ],
      "bbox_px_page": [
        2645,
        1562,
        3168,
        1875
      ]
    },
    "col_06": {
      "text": "",
      "image": "chart_rows/page_060/row_007/cells/col_06.png",
      "image_tight": "chart_rows/page_060/row_007/cells/col_06_tight.png",
      "bbox_pdf": [
        456.3236999511719,
        225.0701904296875,
        566.1237182617188,
        270.0701904296875
      ],
      "bbox_px_page": [
        3168,
        1562,
        3931,
        1875
      ]
    },
    "col_07": {
      "text": "",
      "image": "chart_rows/page_060/row_007/cells/col_07.png",
      "image_tight": "chart_rows/page_060/row_007/cells/col_07_tight.png",
      "bbox_pdf": [
        566.1237182617188,
        225.0701904296875,
        651.9290771484375,
        270.0701904296875
      ],
      "bbox_px_page": [
        3931,
        1562,
        4527,
        1875
      ]
    },
    "col_08": {
      "text": "",
      "image": "chart_rows/page_060/row_007/cells/col_08.png",
      "image_tight": "chart_rows/page_060/row_007/cells/col_08_tight.png",
      "bbox_pdf": [
        651.9290771484375,
        225.0701904296875,
        737.734619140625,
        270.0701904296875
      ],
      "bbox_px_page": [
        4527,
        1562,
        5123,
        1875
      ]
    }
  }
}