{
  "id": "p025_r007",
  "page_number": 25,
  "row_index": 7,
  "no": "23.5",
  "row_text": "Pontoon bridge",
  "row_image": "chart_rows/page_025/row_007/row.png",
  "cells": {
    "No": {
      "text": "23.5",
      "image": "chart_rows/page_025/row_007/cells/No.png",
      "image_tight": "chart_rows/page_025/row_007/cells/No_tight.png",
      "bbox_pdf": [
        54.07160186767578,
        378.0701017379761,
        82.99796140193939,
        405.06643129885197
      ],
      "bbox_px_page": [
        375,
        2625,
        576,
        2812
      ]
    },
    "INT": {
      "text": "",
      "image": "chart_rows/page_025/row_007/cells/INT.png",
      "image_tight": "chart_rows/page_025/row_007/cells/INT_tight.png",
      "bbox_pdf": [
        82.99796140193939,
        378.0701017379761,
        211.40581703186035,
        405.06643129885197
      ],
      "bbox_px_page": [
        576,
        2625,
        1468,
        2812
      ]
    },
    "Description": {
      "text": "Pontoon bridge",
      "image": "chart_rows/page_025/row_007/cells/Description.png",
      "image_tight": "chart_rows/page_025/row_007/cells/Description_tight.png",
      "bbox_pdf": [
        211.40581703186035,
        378.0701017379761,
        320.6000061035156,
        405.06643129885197
      ],
      "bbox_px_page": [
        1468,
        2625,
        2226,
        2812
      ]
    },
    "NOAA": {
      "text": "",
      "image": "chart_rows/page_025/row_007/cells/NOAA.png",
      "image_tight": "chart_rows/page_025/row_007/cells/NOAA_tight.png",
      "bbox_pdf": [
        320.6000061035156,
        378.0701017379761,
        474.3236999511719,
        405.06643129885197
      ],
      "bbox_px_page": [
        2226,
        2625,
        3293,
        2812
      ]
    },
    "NGA": {
      "text": "",
      "image": "chart_rows/page_025/row_007/cells/NGA.png",
      "image_tight": "chart_rows/page_025/row_007/cells/NGA_tight.png",
      "bbox_pdf": [
        474.3236999511719,
        378.0701017379761,
        585.5497436523438,
        405.06643129885197
      ],
      "bbox_px_page": [
        3293,
        2625,
        4066,
        2812
      ]
    },
    "OtherNGA": {
      "text": "clr 20.0",
      "image": "chart_rows/page_025/row_007/cells/OtherNGA.png",
      "image_tight": "chart_rows/page_025/row_007/cells/OtherNGA_tight.png",
      "bbox_pdf": [
        585.5497436523438,
        378.0701017379761,
        669.9003596305847,
        405.06643129885197
      ],
      "bbox_px_page": [
        4066,
        2625,
        4652,
        2812
      ]
    },
    "ECDIS": {
      "text": "Bridge",
      "image": "chart_rows/page_025/row_007/cells/ECDIS.png",
      "image_tight": "chart_rows/page_025/row_007/cells/ECDIS_tight.png",
      "bbox_pdf": [
        669.9003596305847,
        378.0701017379761,
        755.734619140625,
        405.06643129885197
      ],
      "bbox_px_page": [
        4652,
        2625,
        5248,
        2812
      ]
    }
  }
}