{
  "id": "p043_r013",
  "page_number": 43,
  "row_index": 13,
  "no": "q",
  "row_text": "Flood",
  "row_image": "chart_rows/page_043/row_013/row.png",
  "cells": {
    "col_01": {
      "text": "q",
      "image": "chart_rows/page_043/row_013/cells/col_01.png",
      "image_tight": "chart_rows/page_043/row_013/cells/col_01_tight.png",
      "bbox_pdf": [
        53.89714285714286,
        424.073486328125,
        82.90285714285714,
        442.52001953125
      ],
      "bbox_px_page": [
        374,
        2944,
        575,
        3073
      ]
    },
    "col_02": {
      "text": "",
      "image": "chart_rows/page_043/row_013/cells/col_02.png",
      "image_tight": "chart_rows/page_043/row_013/cells/col_02_tight.png",
      "bbox_pdf": [
        82.90285714285714,
        424.073486328125,
        209.62285714285716,
        442.52001953125
      ],
      "bbox_px_page": [
        575,
        2944,
        1455,
        3073
      ]
    },
    "col_03": {
      "text": "Flood",
      "image": "chart_rows/page_043/row_013/cells/col_03.png",
      "image_tight": "chart_rows/page_043/row_013/cells/col_03_tight.png",
      "bbox_pdf": [
        209.62285714285716,
        424.073486328125,
        320.5028571428572,
        442.52001953125
      ],
      "bbox_px_page": [
        1455,
        2944,
        2225,
        3073
      ]
    },
    "col_04": {
      "text": "fl",
      "image": "chart_rows/page_043/row_013/cells/col_04.png",
      "image_tight": "chart_rows/page_043/row_013/cells/col_04_tight.png",
      "bbox_pdf": [
        320.5028571428572,
        424.073486328125,
        474.17142857142863,
        442.52001953125
      ],
      "bbox_px_page": [
        2225,
        2944,
        3292,
        3073
      ]
    },
    "col_05": {
      "text": "",
      "image": "chart_rows/page_043/row_013/cells/col_05.png",
      "image_tight": "chart_rows/page_043/row_013/cells/col_05_tight.png",
      "bbox_pdf": [
        474.17142857142863,
        424.073486328125,
        584.0228571428572,
        442.52001953125
      ],
      "bbox_px_page": [
        3292,
        2944,
        4055,
        3073
      ]
    },
    "col_06": {
      "text": "",
      "image": "chart_rows/page_043/row_013/cells/col_06.png",
      "image_tight": "chart_rows/page_043/row_013/cells/col_06_tight.png",
      "bbox_pdf": [
        584.0228571428572,
        424.073486328125,
        755.5885714285715,
        442.52001953125
      ],
      "bbox_px_page": [
        4055,
        2944,
        5247,
        3073
      ]
    }
  }
}