{
  "id": "p039_r002",
  "page_number": 39,
  "row_index": 2,
  "no": "a",
  "row_text": "Jetty (partly below MHW)",
  "row_image": "chart_rows/page_039/row_002/row.png",
  "cells": {
    "col_01": {
      "text": "a",
      "image": "chart_rows/page_039/row_002/cells/col_01.png",
      "image_tight": "chart_rows/page_039/row_002/cells/col_01_tight.png",
      "bbox_pdf": [
        53.89714285714286,
        109.64248657226562,
        82.90285714285714,
        145.02700805664062
      ],
      "bbox_px_page": [
        374,
        761,
        575,
        1007
      ]
    },
    "col_02": {
      "text": "",
      "image": "chart_rows/page_039/row_002/cells/col_02.png",
      "image_tight": "chart_rows/page_039/row_002/cells/col_02_tight.png",
      "bbox_pdf": [
        82.90285714285714,
        109.64248657226562,
        209.62285714285716,
        145.02700805664062
      ],
      "bbox_px_page": [
        575,
        761,
        1455,
        1007
      ]
    },
    "col_03": {
      "text": "Jetty (partly below MHW)",
      "image": "chart_rows/page_039/row_002/cells/col_03.png",
      "image_tight": "chart_rows/page_039/row_002/cells/col_03_tight.png",
      "bbox_pdf": [
        209.62285714285716,
        109.64248657226562,
        320.5028571428572,
        145.02700805664062
      ],
      "bbox_px_page": [
        1455,
        761,
        2225,
        1007
      ]
    },
    "col_04": {
      "text": "",
      "image": "chart_rows/page_039/row_002/cells/col_04.png",
      "image_tight": "chart_rows/page_039/row_002/cells/col_04_tight.png",
      "bbox_pdf": [
        320.5028571428572,
        109.64248657226562,
        474.17142857142863,
        145.02700805664062
      ],
      "bbox_px_page": [
        2225,
        761,
        3292,
        1007
      ]
    },
    "col_05": {
      "text": "",
      "image": "chart_rows/page_039/row_002/cells/col_05.png",
      "image_tight": "chart_rows/page_039/row_002/cells/col_05_tight.png",
      "bbox_pdf": [
        474.17142857142863,
        109.64248657226562,
        584.0228571428572,
        145.02700805664062
      ],
      "bbox_px_page": [
        3292,
        761,
        4055,
        1007
      ]
    },
    "col_06": {
      "text": "",
      "image": "chart_rows/page_039/row_002/cells/col_06.png",
      "image_tight": "chart_rows/page_039/row_002/cells/col_06_tight.png",
      "bbox_pdf": [
        584.0228571428572,
        109.64248657226562,
        755.5885714285715,
        145.02700805664062
      ],
      "bbox_px_page": [
        4055,
        761,
        5247,
        1007
      ]
    }
  }
}