{
  "id": "p066_r002",
  "page_number": 66,
  "row_index": 2,
  "no": "11",
  "row_text": "Single traffic direction in a two-way route part of a traffic-separation scheme",
  "row_image": "chart_rows/page_066/row_002/row.png",
  "cells": {
    "No": {
      "text": "11",
      "image": "chart_rows/page_066/row_002/cells/No.png",
      "image_tight": "chart_rows/page_066/row_002/cells/No_tight.png",
      "bbox_pdf": [
        36.07160186767578,
        153.25021362304688,
        64.99938281575669,
        193.75021362304688
      ],
      "bbox_px_page": [
        250,
        1064,
        451,
        1345
      ]
    },
    "INT": {
      "text": "",
      "image": "chart_rows/page_066/row_002/cells/INT.png",
      "image_tight": "chart_rows/page_066/row_002/cells/INT_tight.png",
      "bbox_pdf": [
        64.99938281575669,
        153.25021362304688,
        193.06974206492305,
        193.75021362304688
      ],
      "bbox_px_page": [
        451,
        1064,
        1340,
        1345
      ]
    },
    "Description": {
      "text": "Recommended direction of traffic flow",
      "image": "chart_rows/page_066/row_002/cells/Description.png",
      "image_tight": "chart_rows/page_066/row_002/cells/Description_tight.png",
      "bbox_pdf": [
        193.06974206492305,
        153.25021362304688,
        304.3567180633545,
        193.75021362304688
      ],
      "bbox_px_page": [
        1340,
        1064,
        2113,
        1345
      ]
    },
    "NOAA": {
      "text": "",
      "image": "chart_rows/page_066/row_002/cells/NOAA.png",
      "image_tight": "chart_rows/page_066/row_002/cells/NOAA_tight.png",
      "bbox_pdf": [
        304.3567180633545,
        153.25021362304688,
        456.3229369148612,
        193.75021362304688
      ],
      "bbox_px_page": [
        2113,
        1064,
        3168,
        1345
      ]
    },
    "NGA": {
      "text": "",
      "image": "chart_rows/page_066/row_002/cells/NGA.png",
      "image_tight": "chart_rows/page_066/row_002/cells/NGA_tight.png",
      "bbox_pdf": [
        456.3229369148612,
        153.25021362304688,
        567.7757158279419,
        193.75021362304688
      ],
      "bbox_px_page": [
        3168,
        1064,
        3942,
        1345
      ]
    },
    "OtherNGA": {
      "text": "",
      "image": "chart_rows/page_066/row_002/cells/OtherNGA.png",
      "image_tight": "chart_rows/page_066/row_002/cells/OtherNGA_tight.png",
      "bbox_pdf": [
        567.7757158279419,
        153.25021362304688,
        651.92743146047,
        193.75021362304688
      ],
      "bbox_px_page": [
        3942,
        1064,
        4527,
        1345
      ]
    },
    "ECDIS": {
      "text": "Single traffic direction in a two-way route part of a traffic-separation scheme",
      "image": "chart_rows/page_066/row_002/cells/ECDIS.png",
      "image_tight": "chart_rows/page_066/row_002/cells/ECDIS_tight.png",
      "bbox_pdf": [
        651.92743146047,
        153.25021362304688,
        737.734619140625,
        193.75021362304688
      ],
      "bbox_px_page": [
        4527,
        1064,
        5123,
        1345
      ]
    }
  }
}