{
  "id": "p026_r010",
  "page_number": 26,
  "row_index": 10,
  "no": "a",
  "row_text": "Highway markers",
  "row_image": "chart_rows/page_026/row_010/row.png",
  "cells": {
    "No": {
      "text": "a",
      "image": "chart_rows/page_026/row_010/cells/No.png",
      "image_tight": "chart_rows/page_026/row_010/cells/No_tight.png",
      "bbox_pdf": [
        36.07160186767578,
        495.0701904296875,
        64.99938281575669,
        522.0701904296875
      ],
      "bbox_px_page": [
        250,
        3437,
        451,
        3625
      ]
    },
    "INT": {
      "text": "",
      "image": "chart_rows/page_026/row_010/cells/INT.png",
      "image_tight": "chart_rows/page_026/row_010/cells/INT_tight.png",
      "bbox_pdf": [
        64.99938281575669,
        495.0701904296875,
        193.06974206492305,
        522.0701904296875
      ],
      "bbox_px_page": [
        451,
        3437,
        1340,
        3625
      ]
    },
    "Description": {
      "text": "Highway markers",
      "image": "chart_rows/page_026/row_010/cells/Description.png",
      "image_tight": "chart_rows/page_026/row_010/cells/Description_tight.png",
      "bbox_pdf": [
        193.06974206492305,
        495.0701904296875,
        304.3567180633545,
        522.0701904296875
      ],
      "bbox_px_page": [
        1340,
        3437,
        2113,
        3625
      ]
    },
    "NOAA": {
      "text": "",
      "image": "chart_rows/page_026/row_010/cells/NOAA.png",
      "image_tight": "chart_rows/page_026/row_010/cells/NOAA_tight.png",
      "bbox_pdf": [
        304.3567180633545,
        495.0701904296875,
        456.3229369148612,
        522.0701904296875
      ],
      "bbox_px_page": [
        2113,
        3437,
        3168,
        3625
      ]
    },
    "NGA": {
      "text": "",
      "image": "chart_rows/page_026/row_010/cells/NGA.png",
      "image_tight": "chart_rows/page_026/row_010/cells/NGA_tight.png",
      "bbox_pdf": [
        456.3229369148612,
        495.0701904296875,
        567.7757158279419,
        522.0701904296875
      ],
      "bbox_px_page": [
        3168,
        3437,
        3942,
        3625
      ]
    },
    "OtherNGA": {
      "text": "",
      "image": "chart_rows/page_026/row_010/cells/OtherNGA.png",
      "image_tight": "chart_rows/page_026/row_010/cells/OtherNGA_tight.png",
      "bbox_pdf": [
        567.7757158279419,
        495.0701904296875,
        651.92743146047,
        522.0701904296875
      ],
      "bbox_px_page": [
        3942,
        3437,
        4527,
        3625
      ]
    },
    "ECDIS": {
      "text": "",
      "image": "chart_rows/page_026/row_010/cells/ECDIS.png",
      "image_tight": "chart_rows/page_026/row_010/cells/ECDIS_tight.png",
      "bbox_pdf": [
        651.92743146047,
        495.0701904296875,
        737.734619140625,
        522.0701904296875
      ],
      "bbox_px_page": [
        4527,
        3437,
        5123,
        3625
      ]
    }
  }
}