{
  "id": "p032_r007",
  "page_number": 32,
  "row_index": 7,
  "no": "k",
  "row_text": "Telegraph Telegraph office",
  "row_image": "chart_rows/page_032/row_007/row.png",
  "cells": {
    "No": {
      "text": "k",
      "image": "chart_rows/page_032/row_007/cells/No.png",
      "image_tight": "chart_rows/page_032/row_007/cells/No_tight.png",
      "bbox_pdf": [
        36.07160186767578,
        222.34860229492188,
        64.99938281575669,
        244.75930786132812
      ],
      "bbox_px_page": [
        250,
        1544,
        451,
        1699
      ]
    },
    "INT": {
      "text": "",
      "image": "chart_rows/page_032/row_007/cells/INT.png",
      "image_tight": "chart_rows/page_032/row_007/cells/INT_tight.png",
      "bbox_pdf": [
        64.99938281575669,
        222.34860229492188,
        193.06974206492305,
        244.75930786132812
      ],
      "bbox_px_page": [
        451,
        1544,
        1340,
        1699
      ]
    },
    "Description": {
      "text": "Telegraph Telegraph office",
      "image": "chart_rows/page_032/row_007/cells/Description.png",
      "image_tight": "chart_rows/page_032/row_007/cells/Description_tight.png",
      "bbox_pdf": [
        193.06974206492305,
        222.34860229492188,
        304.3567180633545,
        244.75930786132812
      ],
      "bbox_px_page": [
        1340,
        1544,
        2113,
        1699
      ]
    },
    "NOAA": {
      "text": "Tel Tel Off",
      "image": "chart_rows/page_032/row_007/cells/NOAA.png",
      "image_tight": "chart_rows/page_032/row_007/cells/NOAA_tight.png",
      "bbox_pdf": [
        304.3567180633545,
        222.34860229492188,
        456.3229369148612,
        244.75930786132812
      ],
      "bbox_px_page": [
        2113,
        1544,
        3168,
        1699
      ]
    },
    "NGA": {
      "text": "",
      "image": "chart_rows/page_032/row_007/cells/NGA.png",
      "image_tight": "chart_rows/page_032/row_007/cells/NGA_tight.png",
      "bbox_pdf": [
        456.3229369148612,
        222.34860229492188,
        567.7757158279419,
        244.75930786132812
      ],
      "bbox_px_page": [
        3168,
        1544,
        3942,
        1699
      ]
    },
    "OtherNGA": {
      "text": "",
      "image": "chart_rows/page_032/row_007/cells/OtherNGA.png",
      "image_tight": "chart_rows/page_032/row_007/cells/OtherNGA_tight.png",
      "bbox_pdf": [
        567.7757158279419,
        222.34860229492188,
        651.92743146047,
        244.75930786132812
      ],
      "bbox_px_page": [
        3942,
        1544,
        4527,
        1699
      ]
    },
    "ECDIS": {
      "text": "",
      "image": "chart_rows/page_032/row_007/cells/ECDIS.png",
      "image_tight": "chart_rows/page_032/row_007/cells/ECDIS_tight.png",
      "bbox_pdf": [
        651.92743146047,
        222.34860229492188,
        737.734619140625,
        244.75930786132812
      ],
      "bbox_px_page": [
        4527,
        1544,
        5123,
        1699
      ]
    }
  }
}