{
  "id": "p060_r008",
  "page_number": 60,
  "row_index": 8,
  "no": "i",
  "row_text": "Submerged crib",
  "row_image": "chart_rows/page_060/row_008/row.png",
  "cells": {
    "col_01": {
      "text": "i",
      "image": "chart_rows/page_060/row_008/cells/col_01.png",
      "image_tight": "chart_rows/page_060/row_008/cells/col_01_tight.png",
      "bbox_pdf": [
        36.07160186767578,
        270.0701904296875,
        66.97056174278259,
        288.0701904296875
      ],
      "bbox_px_page": [
        250,
        1875,
        465,
        2000
      ]
    },
    "col_02": {
      "text": "",
      "image": "chart_rows/page_060/row_008/cells/col_02.png",
      "image_tight": "chart_rows/page_060/row_008/cells/col_02_tight.png",
      "bbox_pdf": [
        66.97056174278259,
        270.0701904296875,
        191.8062746396463,
        288.0701904296875
      ],
      "bbox_px_page": [
        465,
        1875,
        1331,
        2000
      ]
    },
    "col_03": {
      "text": "Submerged crib",
      "image": "chart_rows/page_060/row_008/cells/col_03.png",
      "image_tight": "chart_rows/page_060/row_008/cells/col_03_tight.png",
      "bbox_pdf": [
        191.8062746396463,
        270.0701904296875,
        302.6000061035156,
        288.0701904296875
      ],
      "bbox_px_page": [
        1331,
        1875,
        2101,
        2000
      ]
    },
    "col_04": {
      "text": "Subm Crib",
      "image": "chart_rows/page_060/row_008/cells/col_04.png",
      "image_tight": "chart_rows/page_060/row_008/cells/col_04_tight.png",
      "bbox_pdf": [
        302.6000061035156,
        270.0701904296875,
        381.01983642578125,
        288.0701904296875
      ],
      "bbox_px_page": [
        2101,
        1875,
        2645,
        2000
      ]
    },
    "col_05": {
      "text": "Crib",
      "image": "chart_rows/page_060/row_008/cells/col_05.png",
      "image_tight": "chart_rows/page_060/row_008/cells/col_05_tight.png",
      "bbox_pdf": [
        381.01983642578125,
        270.0701904296875,
        456.3236999511719,
        288.0701904296875
      ],
      "bbox_px_page": [
        2645,
        1875,
        3168,
        2000
      ]
    },
    "col_06": {
      "text": "",
      "image": "chart_rows/page_060/row_008/cells/col_06.png",
      "image_tight": "chart_rows/page_060/row_008/cells/col_06_tight.png",
      "bbox_pdf": [
        456.3236999511719,
        270.0701904296875,
        566.1237182617188,
        288.0701904296875
      ],
      "bbox_px_page": [
        3168,
        1875,
        3931,
        2000
      ]
    },
    "col_07": {
      "text": "",
      "image": "chart_rows/page_060/row_008/cells/col_07.png",
      "image_tight": "chart_rows/page_060/row_008/cells/col_07_tight.png",
      "bbox_pdf": [
        566.1237182617188,
        270.0701904296875,
        651.9290771484375,
        288.0701904296875
      ],
      "bbox_px_page": [
        3931,
        1875,
        4527,
        2000
      ]
    },
    "col_08": {
      "text": "",
      "image": "chart_rows/page_060/row_008/cells/col_08.png",
      "image_tight": "chart_rows/page_060/row_008/cells/col_08_tight.png",
      "bbox_pdf": [
        651.9290771484375,
        270.0701904296875,
        737.734619140625,
        288.0701904296875
      ],
      "bbox_px_page": [
        4527,
        1875,
        5123,
        2000
      ]
    }
  }
}