{
  "id": "p049_r007",
  "page_number": 49,
  "row_index": 7,
  "no": "6",
  "row_text": "Gravel",
  "row_image": "chart_rows/page_049/row_007/row.png",
  "cells": {
    "No": {
      "text": "6",
      "image": "chart_rows/page_049/row_007/cells/No.png",
      "image_tight": "chart_rows/page_049/row_007/cells/No_tight.png",
      "bbox_pdf": [
        54.07160186767578,
        223.93209838867188,
        82.99796140193939,
        243.50448608398438
      ],
      "bbox_px_page": [
        375,
        1555,
        576,
        1691
      ]
    },
    "INT": {
      "text": "G",
      "image": "chart_rows/page_049/row_007/cells/INT.png",
      "image_tight": "chart_rows/page_049/row_007/cells/INT_tight.png",
      "bbox_pdf": [
        82.99796140193939,
        223.93209838867188,
        211.40581703186035,
        243.50448608398438
      ],
      "bbox_px_page": [
        576,
        1555,
        1468,
        1691
      ]
    },
    "Description": {
      "text": "Gravel",
      "image": "chart_rows/page_049/row_007/cells/Description.png",
      "image_tight": "chart_rows/page_049/row_007/cells/Description_tight.png",
      "bbox_pdf": [
        211.40581703186035,
        223.93209838867188,
        320.6000061035156,
        243.50448608398438
      ],
      "bbox_px_page": [
        1468,
        1555,
        2226,
        1691
      ]
    },
    "NOAA": {
      "text": "",
      "image": "chart_rows/page_049/row_007/cells/NOAA.png",
      "image_tight": "chart_rows/page_049/row_007/cells/NOAA_tight.png",
      "bbox_pdf": [
        320.6000061035156,
        223.93209838867188,
        474.3236999511719,
        243.50448608398438
      ],
      "bbox_px_page": [
        2226,
        1555,
        3293,
        1691
      ]
    },
    "NGA": {
      "text": "",
      "image": "chart_rows/page_049/row_007/cells/NGA.png",
      "image_tight": "chart_rows/page_049/row_007/cells/NGA_tight.png",
      "bbox_pdf": [
        474.3236999511719,
        223.93209838867188,
        585.5497436523438,
        243.50448608398438
      ],
      "bbox_px_page": [
        3293,
        1555,
        4066,
        1691
      ]
    },
    "OtherNGA": {
      "text": "G",
      "image": "chart_rows/page_049/row_007/cells/OtherNGA.png",
      "image_tight": "chart_rows/page_049/row_007/cells/OtherNGA_tight.png",
      "bbox_pdf": [
        585.5497436523438,
        223.93209838867188,
        669.9003596305847,
        243.50448608398438
      ],
      "bbox_px_page": [
        4066,
        1555,
        4652,
        1691
      ]
    },
    "ECDIS": {
      "text": "Gravel",
      "image": "chart_rows/page_049/row_007/cells/ECDIS.png",
      "image_tight": "chart_rows/page_049/row_007/cells/ECDIS_tight.png",
      "bbox_pdf": [
        669.9003596305847,
        223.93209838867188,
        755.734619140625,
        243.50448608398438
      ],
      "bbox_px_page": [
        4652,
        1555,
        5248,
        1691
      ]
    }
  }
}