{
  "id": "p046_r004",
  "page_number": 46,
  "row_index": 4,
  "no": "22",
  "row_text": "Dredged channel or area with depth and year of the latest control survey",
  "row_image": "chart_rows/page_046/row_004/row.png",
  "cells": {
    "col_01": {
      "text": "22",
      "image": "chart_rows/page_046/row_004/cells/col_01.png",
      "image_tight": "chart_rows/page_046/row_004/cells/col_01_tight.png",
      "bbox_pdf": [
        36.07160186767578,
        216.0701904296875,
        66.97056174278259,
        301.5701904296875
      ],
      "bbox_px_page": [
        250,
        1500,
        465,
        2094
      ]
    },
    "col_02": {
      "text": "",
      "image": "chart_rows/page_046/row_004/cells/col_02.png",
      "image_tight": "chart_rows/page_046/row_004/cells/col_02_tight.png",
      "bbox_pdf": [
        66.97056174278259,
        216.0701904296875,
        191.8062746396463,
        301.5701904296875
      ],
      "bbox_px_page": [
        465,
        1500,
        1331,
        2094
      ]
    },
    "col_03": {
      "text": "Dredged channel or area with depth and year of the latest control survey",
      "image": "chart_rows/page_046/row_004/cells/col_03.png",
      "image_tight": "chart_rows/page_046/row_004/cells/col_03_tight.png",
      "bbox_pdf": [
        191.8062746396463,
        216.0701904296875,
        302.6000061035156,
        301.5701904296875
      ],
      "bbox_px_page": [
        1331,
        1500,
        2101,
        2094
      ]
    },
    "col_04": {
      "text": "30 FEET APR 2011 30 FEET APR 2011",
      "image": "chart_rows/page_046/row_004/cells/col_04.png",
      "image_tight": "chart_rows/page_046/row_004/cells/col_04_tight.png",
      "bbox_pdf": [
        302.6000061035156,
        216.0701904296875,
        381.01983642578125,
        301.5701904296875
      ],
      "bbox_px_page": [
        2101,
        1500,
        2645,
        2094
      ]
    },
    "col_05": {
      "text": "",
      "image": "chart_rows/page_046/row_004/cells/col_05.png",
      "image_tight": "chart_rows/page_046/row_004/cells/col_05_tight.png",
      "bbox_pdf": [
        381.01983642578125,
        216.0701904296875,
        456.3236999511719,
        301.5701904296875
      ],
      "bbox_px_page": [
        2645,
        1500,
        3168,
        2094
      ]
    },
    "col_06": {
      "text": "",
      "image": "chart_rows/page_046/row_004/cells/col_06.png",
      "image_tight": "chart_rows/page_046/row_004/cells/col_06_tight.png",
      "bbox_pdf": [
        456.3236999511719,
        216.0701904296875,
        566.1237182617188,
        301.5701904296875
      ],
      "bbox_px_page": [
        3168,
        1500,
        3931,
        2094
      ]
    },
    "col_07": {
      "text": "",
      "image": "chart_rows/page_046/row_004/cells/col_07.png",
      "image_tight": "chart_rows/page_046/row_004/cells/col_07_tight.png",
      "bbox_pdf": [
        566.1237182617188,
        216.0701904296875,
        651.9290771484375,
        301.5701904296875
      ],
      "bbox_px_page": [
        3931,
        1500,
        4527,
        2094
      ]
    },
    "col_08": {
      "text": "survey and other information is obtained by cursor pick",
      "image": "chart_rows/page_046/row_004/cells/col_08.png",
      "image_tight": "chart_rows/page_046/row_004/cells/col_08_tight.png",
      "bbox_pdf": [
        651.9290771484375,
        216.0701904296875,
        737.734619140625,
        301.5701904296875
      ],
      "bbox_px_page": [
        4527,
        1500,
        5123,
        2094
      ]
    }
  }
}