{
  "id": "p033_r006",
  "page_number": 33,
  "row_index": 6,
  "no": "4.1",
  "row_text": "Breakwater (in general)",
  "row_image": "chart_rows/page_033/row_006/row.png",
  "cells": {
    "No": {
      "text": "4.1",
      "image": "chart_rows/page_033/row_006/cells/No.png",
      "image_tight": "chart_rows/page_033/row_006/cells/No_tight.png",
      "bbox_pdf": [
        54.07160186767578,
        368.4073022897355,
        82.99796140193939,
        444.0892028808594
      ],
      "bbox_px_page": [
        375,
        2558,
        576,
        3083
      ]
    },
    "INT": {
      "text": "",
      "image": "chart_rows/page_033/row_006/cells/INT.png",
      "image_tight": "chart_rows/page_033/row_006/cells/INT_tight.png",
      "bbox_pdf": [
        82.99796140193939,
        368.4073022897355,
        211.40581703186035,
        444.0892028808594
      ],
      "bbox_px_page": [
        576,
        2558,
        1468,
        3083
      ]
    },
    "Description": {
      "text": "Breakwater (in general)",
      "image": "chart_rows/page_033/row_006/cells/Description.png",
      "image_tight": "chart_rows/page_033/row_006/cells/Description_tight.png",
      "bbox_pdf": [
        211.40581703186035,
        368.4073022897355,
        320.6000061035156,
        444.0892028808594
      ],
      "bbox_px_page": [
        1468,
        2558,
        2226,
        3083
      ]
    },
    "NOAA": {
      "text": "",
      "image": "chart_rows/page_033/row_006/cells/NOAA.png",
      "image_tight": "chart_rows/page_033/row_006/cells/NOAA_tight.png",
      "bbox_pdf": [
        320.6000061035156,
        368.4073022897355,
        474.3236999511719,
        444.0892028808594
      ],
      "bbox_px_page": [
        2226,
        2558,
        3293,
        3083
      ]
    },
    "NGA": {
      "text": "",
      "image": "chart_rows/page_033/row_006/cells/NGA.png",
      "image_tight": "chart_rows/page_033/row_006/cells/NGA_tight.png",
      "bbox_pdf": [
        474.3236999511719,
        368.4073022897355,
        585.5497436523438,
        444.0892028808594
      ],
      "bbox_px_page": [
        3293,
        2558,
        4066,
        3083
      ]
    },
    "OtherNGA": {
      "text": "",
      "image": "chart_rows/page_033/row_006/cells/OtherNGA.png",
      "image_tight": "chart_rows/page_033/row_006/cells/OtherNGA_tight.png",
      "bbox_pdf": [
        585.5497436523438,
        368.4073022897355,
        669.9003596305847,
        444.0892028808594
      ],
      "bbox_px_page": [
        4066,
        2558,
        4652,
        3083
      ]
    },
    "ECDIS": {
      "text": "Breakwater as a line",
      "image": "chart_rows/page_033/row_006/cells/ECDIS.png",
      "image_tight": "chart_rows/page_033/row_006/cells/ECDIS_tight.png",
      "bbox_pdf": [
        669.9003596305847,
        368.4073022897355,
        755.734619140625,
        444.0892028808594
      ],
      "bbox_px_page": [
        4652,
        2558,
        5248,
        3083
      ]
    }
  }
}