{
  "id": "p021_r007",
  "page_number": 21,
  "row_index": 7,
  "no": "31.6",
  "row_text": "Wooded area",
  "row_image": "chart_rows/page_021/row_007/row.png",
  "cells": {
    "No": {
      "text": "31.6",
      "image": "chart_rows/page_021/row_007/cells/No.png",
      "image_tight": "chart_rows/page_021/row_007/cells/No_tight.png",
      "bbox_pdf": [
        54.07160186767578,
        213.61929321289062,
        82.99796140193939,
        234.32101440429688
      ],
      "bbox_px_page": [
        375,
        1483,
        576,
        1627
      ]
    },
    "INT": {
      "text": "†",
      "image": "chart_rows/page_021/row_007/cells/INT.png",
      "image_tight": "chart_rows/page_021/row_007/cells/INT_tight.png",
      "bbox_pdf": [
        82.99796140193939,
        213.61929321289062,
        211.40581703186035,
        234.32101440429688
      ],
      "bbox_px_page": [
        576,
        1483,
        1468,
        1627
      ]
    },
    "Description": {
      "text": "Casuarina",
      "image": "chart_rows/page_021/row_007/cells/Description.png",
      "image_tight": "chart_rows/page_021/row_007/cells/Description_tight.png",
      "bbox_pdf": [
        211.40581703186035,
        213.61929321289062,
        320.6000061035156,
        234.32101440429688
      ],
      "bbox_px_page": [
        1468,
        1483,
        2226,
        1627
      ]
    },
    "NOAA": {
      "text": "",
      "image": "chart_rows/page_021/row_007/cells/NOAA.png",
      "image_tight": "chart_rows/page_021/row_007/cells/NOAA_tight.png",
      "bbox_pdf": [
        320.6000061035156,
        213.61929321289062,
        474.3236999511719,
        234.32101440429688
      ],
      "bbox_px_page": [
        2226,
        1483,
        3293,
        1627
      ]
    },
    "NGA": {
      "text": "",
      "image": "chart_rows/page_021/row_007/cells/NGA.png",
      "image_tight": "chart_rows/page_021/row_007/cells/NGA_tight.png",
      "bbox_pdf": [
        474.3236999511719,
        213.61929321289062,
        585.5497436523438,
        234.32101440429688
      ],
      "bbox_px_page": [
        3293,
        1483,
        4066,
        1627
      ]
    },
    "OtherNGA": {
      "text": "",
      "image": "chart_rows/page_021/row_007/cells/OtherNGA.png",
      "image_tight": "chart_rows/page_021/row_007/cells/OtherNGA_tight.png",
      "bbox_pdf": [
        585.5497436523438,
        213.61929321289062,
        669.9003596305847,
        234.32101440429688
      ],
      "bbox_px_page": [
        4066,
        1483,
        4652,
        1627
      ]
    },
    "ECDIS": {
      "text": "Wooded area",
      "image": "chart_rows/page_021/row_007/cells/ECDIS.png",
      "image_tight": "chart_rows/page_021/row_007/cells/ECDIS_tight.png",
      "bbox_pdf": [
        669.9003596305847,
        213.61929321289062,
        755.734619140625,
        234.32101440429688
      ],
      "bbox_px_page": [
        4652,
        1483,
        5248,
        1627
      ]
    }
  }
}