{
  "id": "p061_r003",
  "page_number": 61,
  "row_index": 3,
  "no": "2",
  "row_text": "Offshore platform, name is obtained by cursor pick",
  "row_image": "chart_rows/page_061/row_003/row.png",
  "cells": {
    "No": {
      "text": "2",
      "image": "chart_rows/page_061/row_003/cells/No.png",
      "image_tight": "chart_rows/page_061/row_003/cells/No_tight.png",
      "bbox_pdf": [
        54.07160186767578,
        182.8800048828125,
        82.99796140193939,
        213.69070434570312
      ],
      "bbox_px_page": [
        375,
        1270,
        576,
        1483
      ]
    },
    "INT": {
      "text": "",
      "image": "chart_rows/page_061/row_003/cells/INT.png",
      "image_tight": "chart_rows/page_061/row_003/cells/INT_tight.png",
      "bbox_pdf": [
        82.99796140193939,
        182.8800048828125,
        211.40581703186035,
        213.69070434570312
      ],
      "bbox_px_page": [
        576,
        1270,
        1468,
        1483
      ]
    },
    "Description": {
      "text": "Platform with designation/name",
      "image": "chart_rows/page_061/row_003/cells/Description.png",
      "image_tight": "chart_rows/page_061/row_003/cells/Description_tight.png",
      "bbox_pdf": [
        211.40581703186035,
        182.8800048828125,
        320.6000061035156,
        213.69070434570312
      ],
      "bbox_px_page": [
        1468,
        1270,
        2226,
        1483
      ]
    },
    "NOAA": {
      "text": "“Name”",
      "image": "chart_rows/page_061/row_003/cells/NOAA.png",
      "image_tight": "chart_rows/page_061/row_003/cells/NOAA_tight.png",
      "bbox_pdf": [
        320.6000061035156,
        182.8800048828125,
        474.3236999511719,
        213.69070434570312
      ],
      "bbox_px_page": [
        2226,
        1270,
        3293,
        1483
      ]
    },
    "NGA": {
      "text": "",
      "image": "chart_rows/page_061/row_003/cells/NGA.png",
      "image_tight": "chart_rows/page_061/row_003/cells/NGA_tight.png",
      "bbox_pdf": [
        474.3236999511719,
        182.8800048828125,
        585.5497436523438,
        213.69070434570312
      ],
      "bbox_px_page": [
        3293,
        1270,
        4066,
        1483
      ]
    },
    "OtherNGA": {
      "text": "",
      "image": "chart_rows/page_061/row_003/cells/OtherNGA.png",
      "image_tight": "chart_rows/page_061/row_003/cells/OtherNGA_tight.png",
      "bbox_pdf": [
        585.5497436523438,
        182.8800048828125,
        669.9003596305847,
        213.69070434570312
      ],
      "bbox_px_page": [
        4066,
        1270,
        4652,
        1483
      ]
    },
    "ECDIS": {
      "text": "Offshore platform, name is obtained by cursor pick",
      "image": "chart_rows/page_061/row_003/cells/ECDIS.png",
      "image_tight": "chart_rows/page_061/row_003/cells/ECDIS_tight.png",
      "bbox_pdf": [
        669.9003596305847,
        182.8800048828125,
        755.734619140625,
        213.69070434570312
      ],
      "bbox_px_page": [
        4652,
        1270,
        5248,
        1483
      ]
    }
  }
}