{
  "id": "p040_r007",
  "page_number": 40,
  "row_index": 7,
  "no": "8",
  "row_text": "g ISLW Indian Spring Low Water",
  "row_image": "chart_rows/page_040/row_007/row.png",
  "cells": {
    "col_01": {
      "text": "8",
      "image": "chart_rows/page_040/row_007/cells/col_01.png",
      "image_tight": "chart_rows/page_040/row_007/cells/col_01_tight.png",
      "bbox_pdf": [
        36.07099914550781,
        250.85588836669922,
        99.07099914550781,
        270.6559066772461
      ],
      "bbox_px_page": [
        250,
        1742,
        687,
        1879
      ]
    },
    "col_02": {
      "text": "MLWS",
      "image": "chart_rows/page_040/row_007/cells/col_02.png",
      "image_tight": "chart_rows/page_040/row_007/cells/col_02_tight.png",
      "bbox_pdf": [
        99.07099914550781,
        250.85588836669922,
        184.5709991455078,
        270.6559066772461
      ],
      "bbox_px_page": [
        687,
        1742,
        1281,
        1879
      ]
    },
    "col_03": {
      "text": "Mean Low Water Springs",
      "image": "chart_rows/page_040/row_007/cells/col_03.png",
      "image_tight": "chart_rows/page_040/row_007/cells/col_03_tight.png",
      "bbox_pdf": [
        184.5709991455078,
        250.85588836669922,
        364.5710144042969,
        270.6559066772461
      ],
      "bbox_px_page": [
        1281,
        1742,
        2531,
        1879
      ]
    },
    "col_04": {
      "text": "",
      "image": "chart_rows/page_040/row_007/cells/col_04.png",
      "image_tight": "chart_rows/page_040/row_007/cells/col_04_tight.png",
      "bbox_pdf": [
        364.5710144042969,
        250.85588836669922,
        387.0708923339844,
        270.6559066772461
      ],
      "bbox_px_page": [
        2531,
        1742,
        2687,
        1879
      ]
    },
    "col_05": {
      "text": "g ISLW Indian Spring Low Water",
      "image": "chart_rows/page_040/row_007/cells/col_05.png",
      "image_tight": "chart_rows/page_040/row_007/cells/col_05_tight.png",
      "bbox_pdf": [
        387.0708923339844,
        250.85588836669922,
        738.0709228515625,
        270.6559066772461
      ],
      "bbox_px_page": [
        2687,
        1742,
        5125,
        1879
      ]
    }
  }
}