{
  "id": "p020_r002",
  "page_number": 20,
  "row_index": 2,
  "no": "23",
  "row_text": "Lakes",
  "row_image": "chart_rows/page_020/row_002/row.png",
  "cells": {
    "col_01": {
      "text": "23",
      "image": "chart_rows/page_020/row_002/cells/col_01.png",
      "image_tight": "chart_rows/page_020/row_002/cells/col_01_tight.png",
      "bbox_pdf": [
        36.07160186767578,
        154.24160766601562,
        66.83821793145034,
        212.28799438476562
      ],
      "bbox_px_page": [
        250,
        1071,
        464,
        1474
      ]
    },
    "col_02": {
      "text": "",
      "image": "chart_rows/page_020/row_002/cells/col_02.png",
      "image_tight": "chart_rows/page_020/row_002/cells/col_02_tight.png",
      "bbox_pdf": [
        66.83821793145034,
        154.24160766601562,
        128.35996961593628,
        212.28799438476562
      ],
      "bbox_px_page": [
        464,
        1071,
        891,
        1474
      ]
    },
    "col_03": {
      "text": "",
      "image": "chart_rows/page_020/row_002/cells/col_03.png",
      "image_tight": "chart_rows/page_020/row_002/cells/col_03_tight.png",
      "bbox_pdf": [
        128.35996961593628,
        154.24160766601562,
        192.74342723796144,
        212.28799438476562
      ],
      "bbox_px_page": [
        891,
        1071,
        1338,
        1474
      ]
    },
    "col_04": {
      "text": "Lakes",
      "image": "chart_rows/page_020/row_002/cells/col_04.png",
      "image_tight": "chart_rows/page_020/row_002/cells/col_04_tight.png",
      "bbox_pdf": [
        192.74342723796144,
        154.24160766601562,
        302.6000061035156,
        212.28799438476562
      ],
      "bbox_px_page": [
        1338,
        1071,
        2101,
        1474
      ]
    },
    "col_05": {
      "text": "",
      "image": "chart_rows/page_020/row_002/cells/col_05.png",
      "image_tight": "chart_rows/page_020/row_002/cells/col_05_tight.png",
      "bbox_pdf": [
        302.6000061035156,
        154.24160766601562,
        456.3236999511719,
        212.28799438476562
      ],
      "bbox_px_page": [
        2101,
        1071,
        3168,
        1474
      ]
    },
    "col_06": {
      "text": "",
      "image": "chart_rows/page_020/row_002/cells/col_06.png",
      "image_tight": "chart_rows/page_020/row_002/cells/col_06_tight.png",
      "bbox_pdf": [
        456.3236999511719,
        154.24160766601562,
        567.5356597900391,
        212.28799438476562
      ],
      "bbox_px_page": [
        3168,
        1071,
        3941,
        1474
      ]
    },
    "col_07": {
      "text": "",
      "image": "chart_rows/page_020/row_002/cells/col_07.png",
      "image_tight": "chart_rows/page_020/row_002/cells/col_07_tight.png",
      "bbox_pdf": [
        567.5356597900391,
        154.24160766601562,
        651.9163010418415,
        212.28799438476562
      ],
      "bbox_px_page": [
        3941,
        1071,
        4527,
        1474
      ]
    },
    "col_08": {
      "text": "Lake",
      "image": "chart_rows/page_020/row_002/cells/col_08.png",
      "image_tight": "chart_rows/page_020/row_002/cells/col_08_tight.png",
      "bbox_pdf": [
        651.9163010418415,
        154.24160766601562,
        737.734619140625,
        212.28799438476562
      ],
      "bbox_px_page": [
        4527,
        1071,
        5123,
        1474
      ]
    }
  }
}