{
  "id": "p018_r008",
  "page_number": 18,
  "row_index": 8,
  "no": "8",
  "row_text": "Conspicuous hill or mountain top",
  "row_image": "chart_rows/page_018/row_008/row.png",
  "cells": {
    "No": {
      "text": "8",
      "image": "chart_rows/page_018/row_008/cells/No.png",
      "image_tight": "chart_rows/page_018/row_008/cells/No_tight.png",
      "bbox_pdf": [
        36.07160186767578,
        493.2799936905503,
        64.99938281575669,
        531.7221662029624
      ],
      "bbox_px_page": [
        250,
        3425,
        451,
        3692
      ]
    },
    "INT": {
      "text": "",
      "image": "chart_rows/page_018/row_008/cells/INT.png",
      "image_tight": "chart_rows/page_018/row_008/cells/INT_tight.png",
      "bbox_pdf": [
        64.99938281575669,
        493.2799936905503,
        193.06974206492305,
        531.7221662029624
      ],
      "bbox_px_page": [
        451,
        3425,
        1340,
        3692
      ]
    },
    "Description": {
      "text": "Sandhills, Dunes",
      "image": "chart_rows/page_018/row_008/cells/Description.png",
      "image_tight": "chart_rows/page_018/row_008/cells/Description_tight.png",
      "bbox_pdf": [
        193.06974206492305,
        493.2799936905503,
        304.3567180633545,
        531.7221662029624
      ],
      "bbox_px_page": [
        1340,
        3425,
        2113,
        3692
      ]
    },
    "NOAA": {
      "text": "†",
      "image": "chart_rows/page_018/row_008/cells/NOAA.png",
      "image_tight": "chart_rows/page_018/row_008/cells/NOAA_tight.png",
      "bbox_pdf": [
        304.3567180633545,
        493.2799936905503,
        456.3229369148612,
        531.7221662029624
      ],
      "bbox_px_page": [
        2113,
        3425,
        3168,
        3692
      ]
    },
    "NGA": {
      "text": "",
      "image": "chart_rows/page_018/row_008/cells/NGA.png",
      "image_tight": "chart_rows/page_018/row_008/cells/NGA_tight.png",
      "bbox_pdf": [
        456.3229369148612,
        493.2799936905503,
        567.7757158279419,
        531.7221662029624
      ],
      "bbox_px_page": [
        3168,
        3425,
        3942,
        3692
      ]
    },
    "OtherNGA": {
      "text": "",
      "image": "chart_rows/page_018/row_008/cells/OtherNGA.png",
      "image_tight": "chart_rows/page_018/row_008/cells/OtherNGA_tight.png",
      "bbox_pdf": [
        567.7757158279419,
        493.2799936905503,
        651.92743146047,
        531.7221662029624
      ],
      "bbox_px_page": [
        3942,
        3425,
        4527,
        3692
      ]
    },
    "ECDIS": {
      "text": "Conspicuous hill or mountain top",
      "image": "chart_rows/page_018/row_008/cells/ECDIS.png",
      "image_tight": "chart_rows/page_018/row_008/cells/ECDIS_tight.png",
      "bbox_pdf": [
        651.92743146047,
        493.2799936905503,
        737.734619140625,
        531.7221662029624
      ],
      "bbox_px_page": [
        4527,
        3425,
        5123,
        3692
      ]
    }
  }
}