{
  "id": "p040_r005",
  "page_number": 40,
  "row_index": 5,
  "no": "5",
  "row_text": "e LLW Lower Low Water",
  "row_image": "chart_rows/page_040/row_005/row.png",
  "cells": {
    "col_01": {
      "text": "5",
      "image": "chart_rows/page_040/row_005/cells/col_01.png",
      "image_tight": "chart_rows/page_040/row_005/cells/col_01_tight.png",
      "bbox_pdf": [
        36.07099914550781,
        211.25589752197266,
        99.07099914550781,
        231.05590057373047
      ],
      "bbox_px_page": [
        250,
        1467,
        687,
        1604
      ]
    },
    "col_02": {
      "text": "MHW",
      "image": "chart_rows/page_040/row_005/cells/col_02.png",
      "image_tight": "chart_rows/page_040/row_005/cells/col_02_tight.png",
      "bbox_pdf": [
        99.07099914550781,
        211.25589752197266,
        184.5709991455078,
        231.05590057373047
      ],
      "bbox_px_page": [
        687,
        1467,
        1281,
        1604
      ]
    },
    "col_03": {
      "text": "Mean High Water",
      "image": "chart_rows/page_040/row_005/cells/col_03.png",
      "image_tight": "chart_rows/page_040/row_005/cells/col_03_tight.png",
      "bbox_pdf": [
        184.5709991455078,
        211.25589752197266,
        364.5710144042969,
        231.05590057373047
      ],
      "bbox_px_page": [
        1281,
        1467,
        2531,
        1604
      ]
    },
    "col_04": {
      "text": "",
      "image": "chart_rows/page_040/row_005/cells/col_04.png",
      "image_tight": "chart_rows/page_040/row_005/cells/col_04_tight.png",
      "bbox_pdf": [
        364.5710144042969,
        211.25589752197266,
        387.0708923339844,
        231.05590057373047
      ],
      "bbox_px_page": [
        2531,
        1467,
        2687,
        1604
      ]
    },
    "col_05": {
      "text": "e LLW Lower Low Water",
      "image": "chart_rows/page_040/row_005/cells/col_05.png",
      "image_tight": "chart_rows/page_040/row_005/cells/col_05_tight.png",
      "bbox_pdf": [
        387.0708923339844,
        211.25589752197266,
        738.0709228515625,
        231.05590057373047
      ],
      "bbox_px_page": [
        2687,
        1467,
        5125,
        1604
      ]
    }
  }
}