{
  "id": "p053_r003",
  "page_number": 53,
  "row_index": 3,
  "no": "3",
  "row_text": "Safe clearance depth. The exact depth is unknown, but is estimated to have a safe clearance at the depth shown",
  "row_image": "chart_rows/page_053/row_003/row.png",
  "cells": {
    "No": {
      "text": "3",
      "image": "chart_rows/page_053/row_003/cells/No.png",
      "image_tight": "chart_rows/page_053/row_003/cells/No_tight.png",
      "bbox_pdf": [
        54.07160186767578,
        306.97021484375,
        82.99796140193939,
        342.97021484375
      ],
      "bbox_px_page": [
        375,
        2131,
        576,
        2381
      ]
    },
    "INT": {
      "text": "",
      "image": "chart_rows/page_053/row_003/cells/INT.png",
      "image_tight": "chart_rows/page_053/row_003/cells/INT_tight.png",
      "bbox_pdf": [
        82.99796140193939,
        306.97021484375,
        211.40581703186035,
        342.97021484375
      ],
      "bbox_px_page": [
        576,
        2131,
        1468,
        2381
      ]
    },
    "Description": {
      "text": "Safe clearance depth. The exact depth is unknown, but is estimated to have a safe clearance at the depth shown",
      "image": "chart_rows/page_053/row_003/cells/Description.png",
      "image_tight": "chart_rows/page_053/row_003/cells/Description_tight.png",
      "bbox_pdf": [
        211.40581703186035,
        306.97021484375,
        320.6000061035156,
        342.97021484375
      ],
      "bbox_px_page": [
        1468,
        2131,
        2226,
        2381
      ]
    },
    "NOAA": {
      "text": "Wk 46 Obstn 46 Rk 35",
      "image": "chart_rows/page_053/row_003/cells/NOAA.png",
      "image_tight": "chart_rows/page_053/row_003/cells/NOAA_tight.png",
      "bbox_pdf": [
        320.6000061035156,
        306.97021484375,
        474.3236999511719,
        342.97021484375
      ],
      "bbox_px_page": [
        2226,
        2131,
        3293,
        2381
      ]
    },
    "NGA": {
      "text": "",
      "image": "chart_rows/page_053/row_003/cells/NGA.png",
      "image_tight": "chart_rows/page_053/row_003/cells/NGA_tight.png",
      "bbox_pdf": [
        474.3236999511719,
        306.97021484375,
        585.5497436523438,
        342.97021484375
      ],
      "bbox_px_page": [
        3293,
        2131,
        4066,
        2381
      ]
    },
    "OtherNGA": {
      "text": "ECDIS displays safe clear manner as known depths.",
      "image": "chart_rows/page_053/row_003/cells/OtherNGA.png",
      "image_tight": "chart_rows/page_053/row_003/cells/OtherNGA_tight.png",
      "bbox_pdf": [
        585.5497436523438,
        306.97021484375,
        669.9003596305847,
        342.97021484375
      ],
      "bbox_px_page": [
        4066,
        2131,
        4652,
        2381
      ]
    },
    "ECDIS": {
      "text": "rance depths in the same",
      "image": "chart_rows/page_053/row_003/cells/ECDIS.png",
      "image_tight": "chart_rows/page_053/row_003/cells/ECDIS_tight.png",
      "bbox_pdf": [
        669.9003596305847,
        306.97021484375,
        755.734619140625,
        342.97021484375
      ],
      "bbox_px_page": [
        4652,
        2131,
        5248,
        2381
      ]
    }
  }
}