{
  "id": "p032_r004",
  "page_number": 32,
  "row_index": 4,
  "no": "g",
  "row_text": "Hospital",
  "row_image": "chart_rows/page_032/row_004/row.png",
  "cells": {
    "No": {
      "text": "g",
      "image": "chart_rows/page_032/row_004/cells/No.png",
      "image_tight": "chart_rows/page_032/row_004/cells/No_tight.png",
      "bbox_pdf": [
        36.07160186767578,
        156.20941162109375,
        64.99938281575669,
        178.25579833984375
      ],
      "bbox_px_page": [
        250,
        1084,
        451,
        1237
      ]
    },
    "INT": {
      "text": "",
      "image": "chart_rows/page_032/row_004/cells/INT.png",
      "image_tight": "chart_rows/page_032/row_004/cells/INT_tight.png",
      "bbox_pdf": [
        64.99938281575669,
        156.20941162109375,
        193.06974206492305,
        178.25579833984375
      ],
      "bbox_px_page": [
        451,
        1084,
        1340,
        1237
      ]
    },
    "Description": {
      "text": "Hospital",
      "image": "chart_rows/page_032/row_004/cells/Description.png",
      "image_tight": "chart_rows/page_032/row_004/cells/Description_tight.png",
      "bbox_pdf": [
        193.06974206492305,
        156.20941162109375,
        304.3567180633545,
        178.25579833984375
      ],
      "bbox_px_page": [
        1340,
        1084,
        2113,
        1237
      ]
    },
    "NOAA": {
      "text": "Hosp",
      "image": "chart_rows/page_032/row_004/cells/NOAA.png",
      "image_tight": "chart_rows/page_032/row_004/cells/NOAA_tight.png",
      "bbox_pdf": [
        304.3567180633545,
        156.20941162109375,
        456.3229369148612,
        178.25579833984375
      ],
      "bbox_px_page": [
        2113,
        1084,
        3168,
        1237
      ]
    },
    "NGA": {
      "text": "",
      "image": "chart_rows/page_032/row_004/cells/NGA.png",
      "image_tight": "chart_rows/page_032/row_004/cells/NGA_tight.png",
      "bbox_pdf": [
        456.3229369148612,
        156.20941162109375,
        567.7757158279419,
        178.25579833984375
      ],
      "bbox_px_page": [
        3168,
        1084,
        3942,
        1237
      ]
    },
    "OtherNGA": {
      "text": "",
      "image": "chart_rows/page_032/row_004/cells/OtherNGA.png",
      "image_tight": "chart_rows/page_032/row_004/cells/OtherNGA_tight.png",
      "bbox_pdf": [
        567.7757158279419,
        156.20941162109375,
        651.92743146047,
        178.25579833984375
      ],
      "bbox_px_page": [
        3942,
        1084,
        4527,
        1237
      ]
    },
    "ECDIS": {
      "text": "",
      "image": "chart_rows/page_032/row_004/cells/ECDIS.png",
      "image_tight": "chart_rows/page_032/row_004/cells/ECDIS_tight.png",
      "bbox_pdf": [
        651.92743146047,
        156.20941162109375,
        737.734619140625,
        178.25579833984375
      ],
      "bbox_px_page": [
        4527,
        1084,
        5123,
        1237
      ]
    }
  }
}