{
  "id": "p035_r009",
  "page_number": 35,
  "row_index": 9,
  "no": "24",
  "row_text": "Gridiron, Scrubbing grid, Careening grid",
  "row_image": "chart_rows/page_035/row_009/row.png",
  "cells": {
    "col_01": {
      "text": "24",
      "image": "chart_rows/page_035/row_009/cells/col_01.png",
      "image_tight": "chart_rows/page_035/row_009/cells/col_01_tight.png",
      "bbox_pdf": [
        54.07160186767578,
        377.66446005296893,
        83.0,
        409.7536315917969
      ],
      "bbox_px_page": [
        375,
        2622,
        576,
        2845
      ]
    },
    "col_02": {
      "text": "",
      "image": "chart_rows/page_035/row_009/cells/col_02.png",
      "image_tight": "chart_rows/page_035/row_009/cells/col_02_tight.png",
      "bbox_pdf": [
        83.0,
        377.66446005296893,
        148.33418422937393,
        409.7536315917969
      ],
      "bbox_px_page": [
        576,
        2622,
        1030,
        2845
      ]
    },
    "col_03": {
      "text": "",
      "image": "chart_rows/page_035/row_009/cells/col_03.png",
      "image_tight": "chart_rows/page_035/row_009/cells/col_03_tight.png",
      "bbox_pdf": [
        148.33418422937393,
        377.66446005296893,
        209.80630493164062,
        409.7536315917969
      ],
      "bbox_px_page": [
        1030,
        2622,
        1456,
        2845
      ]
    },
    "col_04": {
      "text": "Gridiron, Scrubbing grid, Careening grid",
      "image": "chart_rows/page_035/row_009/cells/col_04.png",
      "image_tight": "chart_rows/page_035/row_009/cells/col_04_tight.png",
      "bbox_pdf": [
        209.80630493164062,
        377.66446005296893,
        320.6000061035156,
        409.7536315917969
      ],
      "bbox_px_page": [
        1456,
        2622,
        2226,
        2845
      ]
    },
    "col_05": {
      "text": "",
      "image": "chart_rows/page_035/row_009/cells/col_05.png",
      "image_tight": "chart_rows/page_035/row_009/cells/col_05_tight.png",
      "bbox_pdf": [
        320.6000061035156,
        377.66446005296893,
        474.3236999511719,
        409.7536315917969
      ],
      "bbox_px_page": [
        2226,
        2622,
        3293,
        2845
      ]
    },
    "col_06": {
      "text": "",
      "image": "chart_rows/page_035/row_009/cells/col_06.png",
      "image_tight": "chart_rows/page_035/row_009/cells/col_06_tight.png",
      "bbox_pdf": [
        474.3236999511719,
        377.66446005296893,
        585.386962890625,
        409.7536315917969
      ],
      "bbox_px_page": [
        3293,
        2622,
        4065,
        2845
      ]
    },
    "col_07": {
      "text": "",
      "image": "chart_rows/page_035/row_009/cells/col_07.png",
      "image_tight": "chart_rows/page_035/row_009/cells/col_07_tight.png",
      "bbox_pdf": [
        585.386962890625,
        377.66446005296893,
        669.9257489442825,
        409.7536315917969
      ],
      "bbox_px_page": [
        4065,
        2622,
        4652,
        2845
      ]
    },
    "col_08": {
      "text": "Gridiron",
      "image": "chart_rows/page_035/row_009/cells/col_08.png",
      "image_tight": "chart_rows/page_035/row_009/cells/col_08_tight.png",
      "bbox_pdf": [
        669.9257489442825,
        377.66446005296893,
        755.734619140625,
        409.7536315917969
      ],
      "bbox_px_page": [
        4652,
        2622,
        5248,
        2845
      ]
    }
  }
}