{
  "id": "p055_r006",
  "page_number": 55,
  "row_index": 6,
  "no": "21",
  "row_text": "Wreck, covers and uncovers, on large scale charts, height above chart datum",
  "row_image": "chart_rows/page_055/row_006/row.png",
  "cells": {
    "No": {
      "text": "21",
      "image": "chart_rows/page_055/row_006/cells/No.png",
      "image_tight": "chart_rows/page_055/row_006/cells/No_tight.png",
      "bbox_pdf": [
        54.07160186767578,
        450.0701904296875,
        82.99796140193939,
        540.0701904296875
      ],
      "bbox_px_page": [
        375,
        3125,
        576,
        3750
      ]
    },
    "INT": {
      "text": "Mast (12 ) Wk",
      "image": "chart_rows/page_055/row_006/cells/INT.png",
      "image_tight": "chart_rows/page_055/row_006/cells/INT_tight.png",
      "bbox_pdf": [
        82.99796140193939,
        450.0701904296875,
        211.40581703186035,
        540.0701904296875
      ],
      "bbox_px_page": [
        576,
        3125,
        1468,
        3750
      ]
    },
    "Description": {
      "text": "Wreck, covers and uncovers, on large scale charts, height above chart datum",
      "image": "chart_rows/page_055/row_006/cells/Description.png",
      "image_tight": "chart_rows/page_055/row_006/cells/Description_tight.png",
      "bbox_pdf": [
        211.40581703186035,
        450.0701904296875,
        320.6000061035156,
        540.0701904296875
      ],
      "bbox_px_page": [
        1468,
        3125,
        2226,
        3750
      ]
    },
    "NOAA": {
      "text": "Hk",
      "image": "chart_rows/page_055/row_006/cells/NOAA.png",
      "image_tight": "chart_rows/page_055/row_006/cells/NOAA_tight.png",
      "bbox_pdf": [
        320.6000061035156,
        450.0701904296875,
        474.3236999511719,
        540.0701904296875
      ],
      "bbox_px_page": [
        2226,
        3125,
        3293,
        3750
      ]
    },
    "NGA": {
      "text": "Wk Wk Wk Wk",
      "image": "chart_rows/page_055/row_006/cells/NGA.png",
      "image_tight": "chart_rows/page_055/row_006/cells/NGA_tight.png",
      "bbox_pdf": [
        474.3236999511719,
        450.0701904296875,
        585.5497436523438,
        540.0701904296875
      ],
      "bbox_px_page": [
        3293,
        3125,
        4066,
        3750
      ]
    },
    "OtherNGA": {
      "text": "",
      "image": "chart_rows/page_055/row_006/cells/OtherNGA.png",
      "image_tight": "chart_rows/page_055/row_006/cells/OtherNGA_tight.png",
      "bbox_pdf": [
        585.5497436523438,
        450.0701904296875,
        669.9003596305847,
        540.0701904296875
      ],
      "bbox_px_page": [
        4066,
        3125,
        4652,
        3750
      ]
    },
    "ECDIS": {
      "text": "Wreck, covers and uncovers Distributed remains of wreck",
      "image": "chart_rows/page_055/row_006/cells/ECDIS.png",
      "image_tight": "chart_rows/page_055/row_006/cells/ECDIS_tight.png",
      "bbox_pdf": [
        669.9003596305847,
        450.0701904296875,
        755.734619140625,
        540.0701904296875
      ],
      "bbox_px_page": [
        4652,
        3125,
        5248,
        3750
      ]
    }
  }
}