{
  "id": "p054_r001",
  "page_number": 54,
  "row_index": 1,
  "no": "12",
  "row_text": "Rock which covers and uncovers or is awash at low water Underwater hazard which covers and uncovers Isolated danger of depth less than the safety contour",
  "row_image": "chart_rows/page_054/row_001/row.png",
  "cells": {
    "No": {
      "text": "12",
      "image": "chart_rows/page_054/row_001/cells/No.png",
      "image_tight": "chart_rows/page_054/row_001/cells/No_tight.png",
      "bbox_pdf": [
        36.07160186767578,
        90.0709228515625,
        64.99938281575669,
        182.32339477539062
      ],
      "bbox_px_page": [
        250,
        625,
        451,
        1266
      ]
    },
    "INT": {
      "text": "",
      "image": "chart_rows/page_054/row_001/cells/INT.png",
      "image_tight": "chart_rows/page_054/row_001/cells/INT_tight.png",
      "bbox_pdf": [
        64.99938281575669,
        90.0709228515625,
        193.06974206492305,
        182.32339477539062
      ],
      "bbox_px_page": [
        451,
        625,
        1340,
        1266
      ]
    },
    "Description": {
      "text": "Rock awash at the level of chart datum",
      "image": "chart_rows/page_054/row_001/cells/Description.png",
      "image_tight": "chart_rows/page_054/row_001/cells/Description_tight.png",
      "bbox_pdf": [
        193.06974206492305,
        90.0709228515625,
        304.3567180633545,
        182.32339477539062
      ],
      "bbox_px_page": [
        1340,
        625,
        2113,
        1266
      ]
    },
    "NOAA": {
      "text": "",
      "image": "chart_rows/page_054/row_001/cells/NOAA.png",
      "image_tight": "chart_rows/page_054/row_001/cells/NOAA_tight.png",
      "bbox_pdf": [
        304.3567180633545,
        90.0709228515625,
        456.3229369148612,
        182.32339477539062
      ],
      "bbox_px_page": [
        2113,
        625,
        3168,
        1266
      ]
    },
    "NGA": {
      "text": "",
      "image": "chart_rows/page_054/row_001/cells/NGA.png",
      "image_tight": "chart_rows/page_054/row_001/cells/NGA_tight.png",
      "bbox_pdf": [
        456.3229369148612,
        90.0709228515625,
        567.7757158279419,
        182.32339477539062
      ],
      "bbox_px_page": [
        3168,
        625,
        3942,
        1266
      ]
    },
    "OtherNGA": {
      "text": "",
      "image": "chart_rows/page_054/row_001/cells/OtherNGA.png",
      "image_tight": "chart_rows/page_054/row_001/cells/OtherNGA_tight.png",
      "bbox_pdf": [
        567.7757158279419,
        90.0709228515625,
        651.92743146047,
        182.32339477539062
      ],
      "bbox_px_page": [
        3942,
        625,
        4527,
        1266
      ]
    },
    "ECDIS": {
      "text": "Rock which covers and uncovers or is awash at low water Underwater hazard which covers and uncovers Isolated danger of depth less than the safety contour",
      "image": "chart_rows/page_054/row_001/cells/ECDIS.png",
      "image_tight": "chart_rows/page_054/row_001/cells/ECDIS_tight.png",
      "bbox_pdf": [
        651.92743146047,
        90.0709228515625,
        737.734619140625,
        182.32339477539062
      ],
      "bbox_px_page": [
        4527,
        625,
        5123,
        1266
      ]
    }
  }
}