{
  "id": "p046_r006",
  "page_number": 46,
  "row_index": 6,
  "no": "25",
  "row_text": "Unsurveyed or inadequately surveyed area; area with inadequate depth information",
  "row_image": "chart_rows/page_046/row_006/row.png",
  "cells": {
    "col_01": {
      "text": "25",
      "image": "chart_rows/page_046/row_006/cells/col_01.png",
      "image_tight": "chart_rows/page_046/row_006/cells/col_01_tight.png",
      "bbox_pdf": [
        36.07160186767578,
        364.56298828125,
        66.97056174278259,
        540.06298828125
      ],
      "bbox_px_page": [
        250,
        2531,
        465,
        3750
      ]
    },
    "col_02": {
      "text": "Inadequately surveyed Unsurveyed Unsurveyed (see ZOC Diagram) Depths (see Note)",
      "image": "chart_rows/page_046/row_006/cells/col_02.png",
      "image_tight": "chart_rows/page_046/row_006/cells/col_02_tight.png",
      "bbox_pdf": [
        66.97056174278259,
        364.56298828125,
        191.8062746396463,
        540.06298828125
      ],
      "bbox_px_page": [
        465,
        2531,
        1331,
        3750
      ]
    },
    "col_03": {
      "text": "Unsurveyed or inadequately surveyed area; area with inadequate depth information",
      "image": "chart_rows/page_046/row_006/cells/col_03.png",
      "image_tight": "chart_rows/page_046/row_006/cells/col_03_tight.png",
      "bbox_pdf": [
        191.8062746396463,
        364.56298828125,
        302.6000061035156,
        540.06298828125
      ],
      "bbox_px_page": [
        1331,
        2531,
        2101,
        3750
      ]
    },
    "col_04": {
      "text": "11 13 13 12 20 22 17 Unsurveyed rky 10",
      "image": "chart_rows/page_046/row_006/cells/col_04.png",
      "image_tight": "chart_rows/page_046/row_006/cells/col_04_tight.png",
      "bbox_pdf": [
        302.6000061035156,
        364.56298828125,
        381.01983642578125,
        540.06298828125
      ],
      "bbox_px_page": [
        2101,
        2531,
        2645,
        3750
      ]
    },
    "col_05": {
      "text": "",
      "image": "chart_rows/page_046/row_006/cells/col_05.png",
      "image_tight": "chart_rows/page_046/row_006/cells/col_05_tight.png",
      "bbox_pdf": [
        381.01983642578125,
        364.56298828125,
        456.3236999511719,
        540.06298828125
      ],
      "bbox_px_page": [
        2645,
        2531,
        3168,
        3750
      ]
    },
    "col_06": {
      "text": "",
      "image": "chart_rows/page_046/row_006/cells/col_06.png",
      "image_tight": "chart_rows/page_046/row_006/cells/col_06_tight.png",
      "bbox_pdf": [
        456.3236999511719,
        364.56298828125,
        566.1237182617188,
        540.06298828125
      ],
      "bbox_px_page": [
        3168,
        2531,
        3931,
        3750
      ]
    },
    "col_07": {
      "text": "",
      "image": "chart_rows/page_046/row_006/cells/col_07.png",
      "image_tight": "chart_rows/page_046/row_006/cells/col_07_tight.png",
      "bbox_pdf": [
        566.1237182617188,
        364.56298828125,
        651.9290771484375,
        540.06298828125
      ],
      "bbox_px_page": [
        3931,
        2531,
        4527,
        3750
      ]
    },
    "col_08": {
      "text": "Incompletely surveyed area Unsurveyed area",
      "image": "chart_rows/page_046/row_006/cells/col_08.png",
      "image_tight": "chart_rows/page_046/row_006/cells/col_08_tight.png",
      "bbox_pdf": [
        651.9290771484375,
        364.56298828125,
        737.734619140625,
        540.06298828125
      ],
      "bbox_px_page": [
        4527,
        2531,
        5123,
        3750
      ]
    }
  }
}