{
  "id": "p060_r001",
  "page_number": 60,
  "row_index": 1,
  "no": "b",
  "row_text": "Shoal sounding on isolated rock or rocks",
  "row_image": "chart_rows/page_060/row_001/row.png",
  "cells": {
    "col_01": {
      "text": "b",
      "image": "chart_rows/page_060/row_001/cells/col_01.png",
      "image_tight": "chart_rows/page_060/row_001/cells/col_01_tight.png",
      "bbox_pdf": [
        36.07160186767578,
        90.0709228515625,
        66.97056174278259,
        126.0701904296875
      ],
      "bbox_px_page": [
        250,
        625,
        465,
        875
      ]
    },
    "col_02": {
      "text": "",
      "image": "chart_rows/page_060/row_001/cells/col_02.png",
      "image_tight": "chart_rows/page_060/row_001/cells/col_02_tight.png",
      "bbox_pdf": [
        66.97056174278259,
        90.0709228515625,
        191.8062746396463,
        126.0701904296875
      ],
      "bbox_px_page": [
        465,
        625,
        1331,
        875
      ]
    },
    "col_03": {
      "text": "Shoal sounding on isolated rock or rocks",
      "image": "chart_rows/page_060/row_001/cells/col_03.png",
      "image_tight": "chart_rows/page_060/row_001/cells/col_03_tight.png",
      "bbox_pdf": [
        191.8062746396463,
        90.0709228515625,
        302.6000061035156,
        126.0701904296875
      ],
      "bbox_px_page": [
        1331,
        625,
        2101,
        875
      ]
    },
    "col_04": {
      "text": "Rks Rk 5 21",
      "image": "chart_rows/page_060/row_001/cells/col_04.png",
      "image_tight": "chart_rows/page_060/row_001/cells/col_04_tight.png",
      "bbox_pdf": [
        302.6000061035156,
        90.0709228515625,
        381.01983642578125,
        126.0701904296875
      ],
      "bbox_px_page": [
        2101,
        625,
        2645,
        875
      ]
    },
    "col_05": {
      "text": "",
      "image": "chart_rows/page_060/row_001/cells/col_05.png",
      "image_tight": "chart_rows/page_060/row_001/cells/col_05_tight.png",
      "bbox_pdf": [
        381.01983642578125,
        90.0709228515625,
        456.3236999511719,
        126.0701904296875
      ],
      "bbox_px_page": [
        2645,
        625,
        3168,
        875
      ]
    },
    "col_06": {
      "text": "",
      "image": "chart_rows/page_060/row_001/cells/col_06.png",
      "image_tight": "chart_rows/page_060/row_001/cells/col_06_tight.png",
      "bbox_pdf": [
        456.3236999511719,
        90.0709228515625,
        566.1237182617188,
        126.0701904296875
      ],
      "bbox_px_page": [
        3168,
        625,
        3931,
        875
      ]
    },
    "col_07": {
      "text": "",
      "image": "chart_rows/page_060/row_001/cells/col_07.png",
      "image_tight": "chart_rows/page_060/row_001/cells/col_07_tight.png",
      "bbox_pdf": [
        566.1237182617188,
        90.0709228515625,
        651.9290771484375,
        126.0701904296875
      ],
      "bbox_px_page": [
        3931,
        625,
        4527,
        875
      ]
    },
    "col_08": {
      "text": "",
      "image": "chart_rows/page_060/row_001/cells/col_08.png",
      "image_tight": "chart_rows/page_060/row_001/cells/col_08_tight.png",
      "bbox_pdf": [
        651.9290771484375,
        90.0709228515625,
        737.734619140625,
        126.0701904296875
      ],
      "bbox_px_page": [
        4527,
        625,
        5123,
        875
      ]
    }
  }
}