{
  "id": "p027_r003",
  "page_number": 27,
  "row_index": 3,
  "no": "g",
  "row_text": "Fence",
  "row_image": "chart_rows/page_027/row_003/row.png",
  "cells": {
    "col_01": {
      "text": "g",
      "image": "chart_rows/page_027/row_003/cells/col_01.png",
      "image_tight": "chart_rows/page_027/row_003/cells/col_01_tight.png",
      "bbox_pdf": [
        53.89714285714286,
        143.79428571428573,
        82.90285714285714,
        170.74285714285716
      ],
      "bbox_px_page": [
        374,
        998,
        575,
        1185
      ]
    },
    "col_02": {
      "text": "",
      "image": "chart_rows/page_027/row_003/cells/col_02.png",
      "image_tight": "chart_rows/page_027/row_003/cells/col_02_tight.png",
      "bbox_pdf": [
        82.90285714285714,
        143.79428571428573,
        209.62285714285716,
        170.74285714285716
      ],
      "bbox_px_page": [
        575,
        998,
        1455,
        1185
      ]
    },
    "col_03": {
      "text": "Fence",
      "image": "chart_rows/page_027/row_003/cells/col_03.png",
      "image_tight": "chart_rows/page_027/row_003/cells/col_03_tight.png",
      "bbox_pdf": [
        209.62285714285716,
        143.79428571428573,
        320.5028571428572,
        170.74285714285716
      ],
      "bbox_px_page": [
        1455,
        998,
        2225,
        1185
      ]
    },
    "col_04": {
      "text": "",
      "image": "chart_rows/page_027/row_003/cells/col_04.png",
      "image_tight": "chart_rows/page_027/row_003/cells/col_04_tight.png",
      "bbox_pdf": [
        320.5028571428572,
        143.79428571428573,
        474.17142857142863,
        170.74285714285716
      ],
      "bbox_px_page": [
        2225,
        998,
        3292,
        1185
      ]
    },
    "col_05": {
      "text": "",
      "image": "chart_rows/page_027/row_003/cells/col_05.png",
      "image_tight": "chart_rows/page_027/row_003/cells/col_05_tight.png",
      "bbox_pdf": [
        474.17142857142863,
        143.79428571428573,
        584.0228571428572,
        170.74285714285716
      ],
      "bbox_px_page": [
        3292,
        998,
        4055,
        1185
      ]
    },
    "col_06": {
      "text": "",
      "image": "chart_rows/page_027/row_003/cells/col_06.png",
      "image_tight": "chart_rows/page_027/row_003/cells/col_06_tight.png",
      "bbox_pdf": [
        584.0228571428572,
        143.79428571428573,
        755.5885714285715,
        170.74285714285716
      ],
      "bbox_px_page": [
        4055,
        998,
        5247,
        1185
      ]
    }
  }
}