{
  "id": "p039_r005",
  "page_number": 39,
  "row_index": 5,
  "no": "d",
  "row_text": "Pump-out facilities",
  "row_image": "chart_rows/page_039/row_005/row.png",
  "cells": {
    "col_01": {
      "text": "d",
      "image": "chart_rows/page_039/row_005/cells/col_01.png",
      "image_tight": "chart_rows/page_039/row_005/cells/col_01_tight.png",
      "bbox_pdf": [
        53.89714285714286,
        274.7593078613281,
        82.90285714285714,
        296.8056945800781
      ],
      "bbox_px_page": [
        374,
        1908,
        575,
        2061
      ]
    },
    "col_02": {
      "text": "",
      "image": "chart_rows/page_039/row_005/cells/col_02.png",
      "image_tight": "chart_rows/page_039/row_005/cells/col_02_tight.png",
      "bbox_pdf": [
        82.90285714285714,
        274.7593078613281,
        209.62285714285716,
        296.8056945800781
      ],
      "bbox_px_page": [
        575,
        1908,
        1455,
        2061
      ]
    },
    "col_03": {
      "text": "Pump-out facilities",
      "image": "chart_rows/page_039/row_005/cells/col_03.png",
      "image_tight": "chart_rows/page_039/row_005/cells/col_03_tight.png",
      "bbox_pdf": [
        209.62285714285716,
        274.7593078613281,
        320.5028571428572,
        296.8056945800781
      ],
      "bbox_px_page": [
        1455,
        1908,
        2225,
        2061
      ]
    },
    "col_04": {
      "text": "P",
      "image": "chart_rows/page_039/row_005/cells/col_04.png",
      "image_tight": "chart_rows/page_039/row_005/cells/col_04_tight.png",
      "bbox_pdf": [
        320.5028571428572,
        274.7593078613281,
        474.17142857142863,
        296.8056945800781
      ],
      "bbox_px_page": [
        2225,
        1908,
        3292,
        2061
      ]
    },
    "col_05": {
      "text": "",
      "image": "chart_rows/page_039/row_005/cells/col_05.png",
      "image_tight": "chart_rows/page_039/row_005/cells/col_05_tight.png",
      "bbox_pdf": [
        474.17142857142863,
        274.7593078613281,
        584.0228571428572,
        296.8056945800781
      ],
      "bbox_px_page": [
        3292,
        1908,
        4055,
        2061
      ]
    },
    "col_06": {
      "text": "",
      "image": "chart_rows/page_039/row_005/cells/col_06.png",
      "image_tight": "chart_rows/page_039/row_005/cells/col_06_tight.png",
      "bbox_pdf": [
        584.0228571428572,
        274.7593078613281,
        755.5885714285715,
        296.8056945800781
      ],
      "bbox_px_page": [
        4055,
        1908,
        5247,
        2061
      ]
    }
  }
}