{
  "id": "p043_r014",
  "page_number": 43,
  "row_index": 14,
  "no": "u",
  "row_text": "Approximate location of Axis of Gulf Stream",
  "row_image": "chart_rows/page_043/row_014/row.png",
  "cells": {
    "col_01": {
      "text": "u",
      "image": "chart_rows/page_043/row_014/cells/col_01.png",
      "image_tight": "chart_rows/page_043/row_014/cells/col_01_tight.png",
      "bbox_pdf": [
        53.89714285714286,
        442.52001953125,
        82.90285714285714,
        466.70068359375
      ],
      "bbox_px_page": [
        374,
        3073,
        575,
        3240
      ]
    },
    "col_02": {
      "text": "",
      "image": "chart_rows/page_043/row_014/cells/col_02.png",
      "image_tight": "chart_rows/page_043/row_014/cells/col_02_tight.png",
      "bbox_pdf": [
        82.90285714285714,
        442.52001953125,
        209.62285714285716,
        466.70068359375
      ],
      "bbox_px_page": [
        575,
        3073,
        1455,
        3240
      ]
    },
    "col_03": {
      "text": "Gulf Stream Limits",
      "image": "chart_rows/page_043/row_014/cells/col_03.png",
      "image_tight": "chart_rows/page_043/row_014/cells/col_03_tight.png",
      "bbox_pdf": [
        209.62285714285716,
        442.52001953125,
        320.5028571428572,
        466.70068359375
      ],
      "bbox_px_page": [
        1455,
        3073,
        2225,
        3240
      ]
    },
    "col_04": {
      "text": "Approximate location of Axis of Gulf Stream",
      "image": "chart_rows/page_043/row_014/cells/col_04.png",
      "image_tight": "chart_rows/page_043/row_014/cells/col_04_tight.png",
      "bbox_pdf": [
        320.5028571428572,
        442.52001953125,
        474.17142857142863,
        466.70068359375
      ],
      "bbox_px_page": [
        2225,
        3073,
        3292,
        3240
      ]
    },
    "col_05": {
      "text": "",
      "image": "chart_rows/page_043/row_014/cells/col_05.png",
      "image_tight": "chart_rows/page_043/row_014/cells/col_05_tight.png",
      "bbox_pdf": [
        474.17142857142863,
        442.52001953125,
        584.0228571428572,
        466.70068359375
      ],
      "bbox_px_page": [
        3292,
        3073,
        4055,
        3240
      ]
    },
    "col_06": {
      "text": "",
      "image": "chart_rows/page_043/row_014/cells/col_06.png",
      "image_tight": "chart_rows/page_043/row_014/cells/col_06_tight.png",
      "bbox_pdf": [
        584.0228571428572,
        442.52001953125,
        755.5885714285715,
        466.70068359375
      ],
      "bbox_px_page": [
        4055,
        3073,
        5247,
        3240
      ]
    }
  }
}