{
  "id": "p043_r001",
  "page_number": 43,
  "row_index": 1,
  "no": "42",
  "row_text": "Current in restricted waters",
  "row_image": "chart_rows/page_043/row_001/row.png",
  "cells": {
    "col_01": {
      "text": "42",
      "image": "chart_rows/page_043/row_001/cells/col_01.png",
      "image_tight": "chart_rows/page_043/row_001/cells/col_01_tight.png",
      "bbox_pdf": [
        53.89714285714286,
        90.0709228515625,
        82.90285714285714,
        117.26980590820312
      ],
      "bbox_px_page": [
        374,
        625,
        575,
        814
      ]
    },
    "col_02": {
      "text": "",
      "image": "chart_rows/page_043/row_001/cells/col_02.png",
      "image_tight": "chart_rows/page_043/row_001/cells/col_02_tight.png",
      "bbox_pdf": [
        82.90285714285714,
        90.0709228515625,
        209.62285714285716,
        117.26980590820312
      ],
      "bbox_px_page": [
        575,
        625,
        1455,
        814
      ]
    },
    "col_03": {
      "text": "Current in restricted waters",
      "image": "chart_rows/page_043/row_001/cells/col_03.png",
      "image_tight": "chart_rows/page_043/row_001/cells/col_03_tight.png",
      "bbox_pdf": [
        209.62285714285716,
        90.0709228515625,
        320.5028571428572,
        117.26980590820312
      ],
      "bbox_px_page": [
        1455,
        625,
        2225,
        814
      ]
    },
    "col_04": {
      "text": "",
      "image": "chart_rows/page_043/row_001/cells/col_04.png",
      "image_tight": "chart_rows/page_043/row_001/cells/col_04_tight.png",
      "bbox_pdf": [
        320.5028571428572,
        90.0709228515625,
        474.17142857142863,
        117.26980590820312
      ],
      "bbox_px_page": [
        2225,
        625,
        3292,
        814
      ]
    },
    "col_05": {
      "text": "",
      "image": "chart_rows/page_043/row_001/cells/col_05.png",
      "image_tight": "chart_rows/page_043/row_001/cells/col_05_tight.png",
      "bbox_pdf": [
        474.17142857142863,
        90.0709228515625,
        584.0228571428572,
        117.26980590820312
      ],
      "bbox_px_page": [
        3292,
        625,
        4055,
        814
      ]
    },
    "col_06": {
      "text": "2 5 kn Non tidal current",
      "image": "chart_rows/page_043/row_001/cells/col_06.png",
      "image_tight": "chart_rows/page_043/row_001/cells/col_06_tight.png",
      "bbox_pdf": [
        584.0228571428572,
        90.0709228515625,
        755.5885714285715,
        117.26980590820312
      ],
      "bbox_px_page": [
        4055,
        625,
        5247,
        814
      ]
    }
  }
}