{
  "id": "p034_r004",
  "page_number": 34,
  "row_index": 4,
  "no": "10",
  "row_text": "Fishing harbor",
  "row_image": "chart_rows/page_034/row_004/row.png",
  "cells": {
    "col_01": {
      "text": "10",
      "image": "chart_rows/page_034/row_004/cells/col_01.png",
      "image_tight": "chart_rows/page_034/row_004/cells/col_01_tight.png",
      "bbox_pdf": [
        36.07160186767578,
        202.1171875,
        66.83821793145034,
        224.1636962890625
      ],
      "bbox_px_page": [
        250,
        1403,
        464,
        1556
      ]
    },
    "col_02": {
      "text": "",
      "image": "chart_rows/page_034/row_004/cells/col_02.png",
      "image_tight": "chart_rows/page_034/row_004/cells/col_02_tight.png",
      "bbox_pdf": [
        66.83821793145034,
        202.1171875,
        128.35996961593628,
        224.1636962890625
      ],
      "bbox_px_page": [
        464,
        1403,
        891,
        1556
      ]
    },
    "col_03": {
      "text": "",
      "image": "chart_rows/page_034/row_004/cells/col_03.png",
      "image_tight": "chart_rows/page_034/row_004/cells/col_03_tight.png",
      "bbox_pdf": [
        128.35996961593628,
        202.1171875,
        192.74342723796144,
        224.1636962890625
      ],
      "bbox_px_page": [
        891,
        1403,
        1338,
        1556
      ]
    },
    "col_04": {
      "text": "Fishing harbor",
      "image": "chart_rows/page_034/row_004/cells/col_04.png",
      "image_tight": "chart_rows/page_034/row_004/cells/col_04_tight.png",
      "bbox_pdf": [
        192.74342723796144,
        202.1171875,
        302.6000061035156,
        224.1636962890625
      ],
      "bbox_px_page": [
        1338,
        1403,
        2101,
        1556
      ]
    },
    "col_05": {
      "text": "",
      "image": "chart_rows/page_034/row_004/cells/col_05.png",
      "image_tight": "chart_rows/page_034/row_004/cells/col_05_tight.png",
      "bbox_pdf": [
        302.6000061035156,
        202.1171875,
        456.3236999511719,
        224.1636962890625
      ],
      "bbox_px_page": [
        2101,
        1403,
        3168,
        1556
      ]
    },
    "col_06": {
      "text": "",
      "image": "chart_rows/page_034/row_004/cells/col_06.png",
      "image_tight": "chart_rows/page_034/row_004/cells/col_06_tight.png",
      "bbox_pdf": [
        456.3236999511719,
        202.1171875,
        567.5356597900391,
        224.1636962890625
      ],
      "bbox_px_page": [
        3168,
        1403,
        3941,
        1556
      ]
    },
    "col_07": {
      "text": "",
      "image": "chart_rows/page_034/row_004/cells/col_07.png",
      "image_tight": "chart_rows/page_034/row_004/cells/col_07_tight.png",
      "bbox_pdf": [
        567.5356597900391,
        202.1171875,
        651.9163010418415,
        224.1636962890625
      ],
      "bbox_px_page": [
        3941,
        1403,
        4527,
        1556
      ]
    },
    "col_08": {
      "text": "Fishing harbor",
      "image": "chart_rows/page_034/row_004/cells/col_08.png",
      "image_tight": "chart_rows/page_034/row_004/cells/col_08_tight.png",
      "bbox_pdf": [
        651.9163010418415,
        202.1171875,
        737.734619140625,
        224.1636962890625
      ],
      "bbox_px_page": [
        4527,
        1403,
        5123,
        1556
      ]
    }
  }
}