{
  "id": "p054_r004",
  "page_number": 54,
  "row_index": 4,
  "no": "14.1",
  "row_text": "Underwater hazard with a depth of 20 meters or less Underwater hazard with depth greater than 20",
  "row_image": "chart_rows/page_054/row_004/row.png",
  "cells": {
    "No": {
      "text": "14.1",
      "image": "chart_rows/page_054/row_004/cells/No.png",
      "image_tight": "chart_rows/page_054/row_004/cells/No_tight.png",
      "bbox_pdf": [
        36.07160186767578,
        274.2450866699219,
        64.99938281575669,
        325.9950866699219
      ],
      "bbox_px_page": [
        250,
        1904,
        451,
        2263
      ]
    },
    "INT": {
      "text": "",
      "image": "chart_rows/page_054/row_004/cells/INT.png",
      "image_tight": "chart_rows/page_054/row_004/cells/INT_tight.png",
      "bbox_pdf": [
        64.99938281575669,
        274.2450866699219,
        193.06974206492305,
        325.9950866699219
      ],
      "bbox_px_page": [
        451,
        1904,
        1340,
        2263
      ]
    },
    "Description": {
      "text": "inside the corresponding depth area",
      "image": "chart_rows/page_054/row_004/cells/Description.png",
      "image_tight": "chart_rows/page_054/row_004/cells/Description_tight.png",
      "bbox_pdf": [
        193.06974206492305,
        274.2450866699219,
        304.3567180633545,
        325.9950866699219
      ],
      "bbox_px_page": [
        1340,
        1904,
        2113,
        2263
      ]
    },
    "NOAA": {
      "text": "12 Rk 27 Rk 21 R",
      "image": "chart_rows/page_054/row_004/cells/NOAA.png",
      "image_tight": "chart_rows/page_054/row_004/cells/NOAA_tight.png",
      "bbox_pdf": [
        304.3567180633545,
        274.2450866699219,
        456.3229369148612,
        325.9950866699219
      ],
      "bbox_px_page": [
        2113,
        1904,
        3168,
        2263
      ]
    },
    "NGA": {
      "text": "",
      "image": "chart_rows/page_054/row_004/cells/NGA.png",
      "image_tight": "chart_rows/page_054/row_004/cells/NGA_tight.png",
      "bbox_pdf": [
        456.3229369148612,
        274.2450866699219,
        567.7757158279419,
        325.9950866699219
      ],
      "bbox_px_page": [
        3168,
        1904,
        3942,
        2263
      ]
    },
    "OtherNGA": {
      "text": "",
      "image": "chart_rows/page_054/row_004/cells/OtherNGA.png",
      "image_tight": "chart_rows/page_054/row_004/cells/OtherNGA_tight.png",
      "bbox_pdf": [
        567.7757158279419,
        274.2450866699219,
        651.92743146047,
        325.9950866699219
      ],
      "bbox_px_page": [
        3942,
        1904,
        4527,
        2263
      ]
    },
    "ECDIS": {
      "text": "Underwater hazard with a depth of 20 meters or less Underwater hazard with depth greater than 20",
      "image": "chart_rows/page_054/row_004/cells/ECDIS.png",
      "image_tight": "chart_rows/page_054/row_004/cells/ECDIS_tight.png",
      "bbox_pdf": [
        651.92743146047,
        274.2450866699219,
        737.734619140625,
        325.9950866699219
      ],
      "bbox_px_page": [
        4527,
        1904,
        5123,
        2263
      ]
    }
  }
}