{
  "id": "p021_r003",
  "page_number": 21,
  "row_index": 3,
  "no": "31.2",
  "row_text": "Evergreen (except conifer)",
  "row_image": "chart_rows/page_021/row_003/row.png",
  "cells": {
    "No": {
      "text": "31.2",
      "image": "chart_rows/page_021/row_003/cells/No.png",
      "image_tight": "chart_rows/page_021/row_003/cells/No_tight.png",
      "bbox_pdf": [
        54.07160186767578,
        130.81271362304688,
        82.99796140193939,
        151.514404296875
      ],
      "bbox_px_page": [
        375,
        908,
        576,
        1052
      ]
    },
    "INT": {
      "text": "†",
      "image": "chart_rows/page_021/row_003/cells/INT.png",
      "image_tight": "chart_rows/page_021/row_003/cells/INT_tight.png",
      "bbox_pdf": [
        82.99796140193939,
        130.81271362304688,
        211.40581703186035,
        151.514404296875
      ],
      "bbox_px_page": [
        576,
        908,
        1468,
        1052
      ]
    },
    "Description": {
      "text": "Evergreen (except conifer)",
      "image": "chart_rows/page_021/row_003/cells/Description.png",
      "image_tight": "chart_rows/page_021/row_003/cells/Description_tight.png",
      "bbox_pdf": [
        211.40581703186035,
        130.81271362304688,
        320.6000061035156,
        151.514404296875
      ],
      "bbox_px_page": [
        1468,
        908,
        2226,
        1052
      ]
    },
    "NOAA": {
      "text": "",
      "image": "chart_rows/page_021/row_003/cells/NOAA.png",
      "image_tight": "chart_rows/page_021/row_003/cells/NOAA_tight.png",
      "bbox_pdf": [
        320.6000061035156,
        130.81271362304688,
        474.3236999511719,
        151.514404296875
      ],
      "bbox_px_page": [
        2226,
        908,
        3293,
        1052
      ]
    },
    "NGA": {
      "text": "",
      "image": "chart_rows/page_021/row_003/cells/NGA.png",
      "image_tight": "chart_rows/page_021/row_003/cells/NGA_tight.png",
      "bbox_pdf": [
        474.3236999511719,
        130.81271362304688,
        585.5497436523438,
        151.514404296875
      ],
      "bbox_px_page": [
        3293,
        908,
        4066,
        1052
      ]
    },
    "OtherNGA": {
      "text": "",
      "image": "chart_rows/page_021/row_003/cells/OtherNGA.png",
      "image_tight": "chart_rows/page_021/row_003/cells/OtherNGA_tight.png",
      "bbox_pdf": [
        585.5497436523438,
        130.81271362304688,
        669.9003596305847,
        151.514404296875
      ],
      "bbox_px_page": [
        4066,
        908,
        4652,
        1052
      ]
    },
    "ECDIS": {
      "text": "Tree",
      "image": "chart_rows/page_021/row_003/cells/ECDIS.png",
      "image_tight": "chart_rows/page_021/row_003/cells/ECDIS_tight.png",
      "bbox_pdf": [
        669.9003596305847,
        130.81271362304688,
        755.734619140625,
        151.514404296875
      ],
      "bbox_px_page": [
        4652,
        908,
        5248,
        1052
      ]
    }
  }
}