{
  "id": "p060_r005",
  "page_number": 60,
  "row_index": 5,
  "no": "f",
  "row_text": "Sunken danger, least depth cleared by wire drag",
  "row_image": "chart_rows/page_060/row_005/row.png",
  "cells": {
    "col_01": {
      "text": "f",
      "image": "chart_rows/page_060/row_005/cells/col_01.png",
      "image_tight": "chart_rows/page_060/row_005/cells/col_01_tight.png",
      "bbox_pdf": [
        36.07160186767578,
        184.5701904296875,
        66.97056174278259,
        207.0701904296875
      ],
      "bbox_px_page": [
        250,
        1281,
        465,
        1437
      ]
    },
    "col_02": {
      "text": "",
      "image": "chart_rows/page_060/row_005/cells/col_02.png",
      "image_tight": "chart_rows/page_060/row_005/cells/col_02_tight.png",
      "bbox_pdf": [
        66.97056174278259,
        184.5701904296875,
        191.8062746396463,
        207.0701904296875
      ],
      "bbox_px_page": [
        465,
        1281,
        1331,
        1437
      ]
    },
    "col_03": {
      "text": "Sunken danger, least depth cleared by wire drag",
      "image": "chart_rows/page_060/row_005/cells/col_03.png",
      "image_tight": "chart_rows/page_060/row_005/cells/col_03_tight.png",
      "bbox_pdf": [
        191.8062746396463,
        184.5701904296875,
        302.6000061035156,
        207.0701904296875
      ],
      "bbox_px_page": [
        1331,
        1281,
        2101,
        1437
      ]
    },
    "col_04": {
      "text": "46 35 Rk 21",
      "image": "chart_rows/page_060/row_005/cells/col_04.png",
      "image_tight": "chart_rows/page_060/row_005/cells/col_04_tight.png",
      "bbox_pdf": [
        302.6000061035156,
        184.5701904296875,
        381.01983642578125,
        207.0701904296875
      ],
      "bbox_px_page": [
        2101,
        1281,
        2645,
        1437
      ]
    },
    "col_05": {
      "text": "Obstn 46 Rk 5",
      "image": "chart_rows/page_060/row_005/cells/col_05.png",
      "image_tight": "chart_rows/page_060/row_005/cells/col_05_tight.png",
      "bbox_pdf": [
        381.01983642578125,
        184.5701904296875,
        456.3236999511719,
        207.0701904296875
      ],
      "bbox_px_page": [
        2645,
        1281,
        3168,
        1437
      ]
    },
    "col_06": {
      "text": "",
      "image": "chart_rows/page_060/row_005/cells/col_06.png",
      "image_tight": "chart_rows/page_060/row_005/cells/col_06_tight.png",
      "bbox_pdf": [
        456.3236999511719,
        184.5701904296875,
        566.1237182617188,
        207.0701904296875
      ],
      "bbox_px_page": [
        3168,
        1281,
        3931,
        1437
      ]
    },
    "col_07": {
      "text": "",
      "image": "chart_rows/page_060/row_005/cells/col_07.png",
      "image_tight": "chart_rows/page_060/row_005/cells/col_07_tight.png",
      "bbox_pdf": [
        566.1237182617188,
        184.5701904296875,
        651.9290771484375,
        207.0701904296875
      ],
      "bbox_px_page": [
        3931,
        1281,
        4527,
        1437
      ]
    },
    "col_08": {
      "text": "",
      "image": "chart_rows/page_060/row_005/cells/col_08.png",
      "image_tight": "chart_rows/page_060/row_005/cells/col_08_tight.png",
      "bbox_pdf": [
        651.9290771484375,
        184.5701904296875,
        737.734619140625,
        207.0701904296875
      ],
      "bbox_px_page": [
        4527,
        1281,
        5123,
        1437
      ]
    }
  }
}