{
  "id": "p029_r001",
  "page_number": 29,
  "row_index": 1,
  "no": "Gene",
  "row_text": "Gene",
  "row_image": "chart_rows/page_029/row_001/row.png",
  "cells": {
    "No": {
      "text": "Gene",
      "image": "chart_rows/page_029/row_001/cells/No.png",
      "image_tight": "chart_rows/page_029/row_001/cells/No_tight.png",
      "bbox_pdf": [
        54.07160186767578,
        108.0701904296875,
        82.99796140193939,
        126.0701904296875
      ],
      "bbox_px_page": [
        375,
        750,
        576,
        875
      ]
    },
    "INT": {
      "text": "ral",
      "image": "chart_rows/page_029/row_001/cells/INT.png",
      "image_tight": "chart_rows/page_029/row_001/cells/INT_tight.png",
      "bbox_pdf": [
        82.99796140193939,
        108.0701904296875,
        211.40581703186035,
        126.0701904296875
      ],
      "bbox_px_page": [
        576,
        750,
        1468,
        875
      ]
    },
    "Description": {
      "text": "",
      "image": "chart_rows/page_029/row_001/cells/Description.png",
      "image_tight": "chart_rows/page_029/row_001/cells/Description_tight.png",
      "bbox_pdf": [
        211.40581703186035,
        108.0701904296875,
        320.6000061035156,
        126.0701904296875
      ],
      "bbox_px_page": [
        1468,
        750,
        2226,
        875
      ]
    },
    "NOAA": {
      "text": "",
      "image": "chart_rows/page_029/row_001/cells/NOAA.png",
      "image_tight": "chart_rows/page_029/row_001/cells/NOAA_tight.png",
      "bbox_pdf": [
        320.6000061035156,
        108.0701904296875,
        474.3236999511719,
        126.0701904296875
      ],
      "bbox_px_page": [
        2226,
        750,
        3293,
        875
      ]
    },
    "NGA": {
      "text": "",
      "image": "chart_rows/page_029/row_001/cells/NGA.png",
      "image_tight": "chart_rows/page_029/row_001/cells/NGA_tight.png",
      "bbox_pdf": [
        474.3236999511719,
        108.0701904296875,
        585.5497436523438,
        126.0701904296875
      ],
      "bbox_px_page": [
        3293,
        750,
        4066,
        875
      ]
    },
    "OtherNGA": {
      "text": "",
      "image": "chart_rows/page_029/row_001/cells/OtherNGA.png",
      "image_tight": "chart_rows/page_029/row_001/cells/OtherNGA_tight.png",
      "bbox_pdf": [
        585.5497436523438,
        108.0701904296875,
        669.9003596305847,
        126.0701904296875
      ],
      "bbox_px_page": [
        4066,
        750,
        4652,
        875
      ]
    },
    "ECDIS": {
      "text": "",
      "image": "chart_rows/page_029/row_001/cells/ECDIS.png",
      "image_tight": "chart_rows/page_029/row_001/cells/ECDIS_tight.png",
      "bbox_pdf": [
        669.9003596305847,
        108.0701904296875,
        755.734619140625,
        126.0701904296875
      ],
      "bbox_px_page": [
        4652,
        750,
        5248,
        875
      ]
    }
  }
}