{
  "id": "p021_r012",
  "page_number": 21,
  "row_index": 12,
  "no": "Supp",
  "row_text": "plementary National Symbols",
  "row_image": "chart_rows/page_021/row_012/row.png",
  "cells": {
    "No": {
      "text": "Supp",
      "image": "chart_rows/page_021/row_012/cells/No.png",
      "image_tight": "chart_rows/page_021/row_012/cells/No_tight.png",
      "bbox_pdf": [
        54.07160186767578,
        381.4724426269531,
        82.99796140193939,
        400.78475903719664
      ],
      "bbox_px_page": [
        375,
        2649,
        576,
        2783
      ]
    },
    "INT": {
      "text": "plementary National Symbols",
      "image": "chart_rows/page_021/row_012/cells/INT.png",
      "image_tight": "chart_rows/page_021/row_012/cells/INT_tight.png",
      "bbox_pdf": [
        82.99796140193939,
        381.4724426269531,
        211.40581703186035,
        400.78475903719664
      ],
      "bbox_px_page": [
        576,
        2649,
        1468,
        2783
      ]
    },
    "Description": {
      "text": "",
      "image": "chart_rows/page_021/row_012/cells/Description.png",
      "image_tight": "chart_rows/page_021/row_012/cells/Description_tight.png",
      "bbox_pdf": [
        211.40581703186035,
        381.4724426269531,
        320.6000061035156,
        400.78475903719664
      ],
      "bbox_px_page": [
        1468,
        2649,
        2226,
        2783
      ]
    },
    "NOAA": {
      "text": "",
      "image": "chart_rows/page_021/row_012/cells/NOAA.png",
      "image_tight": "chart_rows/page_021/row_012/cells/NOAA_tight.png",
      "bbox_pdf": [
        320.6000061035156,
        381.4724426269531,
        474.3236999511719,
        400.78475903719664
      ],
      "bbox_px_page": [
        2226,
        2649,
        3293,
        2783
      ]
    },
    "NGA": {
      "text": "",
      "image": "chart_rows/page_021/row_012/cells/NGA.png",
      "image_tight": "chart_rows/page_021/row_012/cells/NGA_tight.png",
      "bbox_pdf": [
        474.3236999511719,
        381.4724426269531,
        585.5497436523438,
        400.78475903719664
      ],
      "bbox_px_page": [
        3293,
        2649,
        4066,
        2783
      ]
    },
    "OtherNGA": {
      "text": "",
      "image": "chart_rows/page_021/row_012/cells/OtherNGA.png",
      "image_tight": "chart_rows/page_021/row_012/cells/OtherNGA_tight.png",
      "bbox_pdf": [
        585.5497436523438,
        381.4724426269531,
        669.9003596305847,
        400.78475903719664
      ],
      "bbox_px_page": [
        4066,
        2649,
        4652,
        2783
      ]
    },
    "ECDIS": {
      "text": "",
      "image": "chart_rows/page_021/row_012/cells/ECDIS.png",
      "image_tight": "chart_rows/page_021/row_012/cells/ECDIS_tight.png",
      "bbox_pdf": [
        669.9003596305847,
        381.4724426269531,
        755.734619140625,
        400.78475903719664
      ],
      "bbox_px_page": [
        4652,
        2649,
        5248,
        2783
      ]
    }
  }
}