{
  "id": "p041_r001",
  "page_number": 41,
  "row_index": 1,
  "no": "Tide",
  "row_text": "Gauge → T",
  "row_image": "chart_rows/page_041/row_001/row.png",
  "cells": {
    "col_01": {
      "text": "Tide",
      "image": "chart_rows/page_041/row_001/cells/col_01.png",
      "image_tight": "chart_rows/page_041/row_001/cells/col_01_tight.png",
      "bbox_pdf": [
        54.070899963378906,
        108.07089233398438,
        82.08000183105469,
        126.07089233398438
      ],
      "bbox_px_page": [
        375,
        750,
        570,
        875
      ]
    },
    "col_02": {
      "text": "Gauge → T",
      "image": "chart_rows/page_041/row_001/cells/col_02.png",
      "image_tight": "chart_rows/page_041/row_001/cells/col_02_tight.png",
      "bbox_pdf": [
        82.08000183105469,
        108.07089233398438,
        755.9290771484375,
        126.07089233398438
      ],
      "bbox_px_page": [
        570,
        750,
        5249,
        875
      ]
    }
  }
}