{
  "id": "p065_r005",
  "page_number": 65,
  "row_index": 5,
  "no": "5.1 5.2",
  "row_text": "Based on fixed marks, one-way 90 deg Non-regulated recommended track Deep water route Not based on fixed marks, one-way 90 deg Non-regulated recommended track Deep water route centerline",
  "row_image": "chart_rows/page_065/row_005/row.png",
  "cells": {
    "No": {
      "text": "5.1 5.2",
      "image": "chart_rows/page_065/row_005/cells/No.png",
      "image_tight": "chart_rows/page_065/row_005/cells/No_tight.png",
      "bbox_pdf": [
        54.07160186767578,
        422.35888671875,
        83.0,
        539.23388671875
      ],
      "bbox_px_page": [
        375,
        2933,
        576,
        3744
      ]
    },
    "INT": {
      "text": "",
      "image": "chart_rows/page_065/row_005/cells/INT.png",
      "image_tight": "chart_rows/page_065/row_005/cells/INT_tight.png",
      "bbox_pdf": [
        83.0,
        422.35888671875,
        209.80630493164062,
        539.23388671875
      ],
      "bbox_px_page": [
        576,
        2933,
        1456,
        3744
      ]
    },
    "Description": {
      "text": "One-way track and DW track based on a system of fixed marks One-way track and DW track not based on a system of fixed marks",
      "image": "chart_rows/page_065/row_005/cells/Description.png",
      "image_tight": "chart_rows/page_065/row_005/cells/Description_tight.png",
      "bbox_pdf": [
        209.80630493164062,
        422.35888671875,
        320.6000061035156,
        539.23388671875
      ],
      "bbox_px_page": [
        1456,
        2933,
        2226,
        3744
      ]
    },
    "NOAA": {
      "text": "",
      "image": "chart_rows/page_065/row_005/cells/NOAA.png",
      "image_tight": "chart_rows/page_065/row_005/cells/NOAA_tight.png",
      "bbox_pdf": [
        320.6000061035156,
        422.35888671875,
        397.2838134765625,
        539.23388671875
      ],
      "bbox_px_page": [
        2226,
        2933,
        2758,
        3744
      ]
    },
    "NGA": {
      "text": "",
      "image": "chart_rows/page_065/row_005/cells/NGA.png",
      "image_tight": "chart_rows/page_065/row_005/cells/NGA_tight.png",
      "bbox_pdf": [
        397.2838134765625,
        422.35888671875,
        474.3236999511719,
        539.23388671875
      ],
      "bbox_px_page": [
        2758,
        2933,
        3293,
        3744
      ]
    },
    "OtherNGA": {
      "text": "",
      "image": "chart_rows/page_065/row_005/cells/OtherNGA.png",
      "image_tight": "chart_rows/page_065/row_005/cells/OtherNGA_tight.png",
      "bbox_pdf": [
        474.3236999511719,
        422.35888671875,
        584.1237182617188,
        539.23388671875
      ],
      "bbox_px_page": [
        3293,
        2933,
        4056,
        3744
      ]
    },
    "ECDIS": {
      "text": "Based on fixed marks, one-way 90 deg Non-regulated recommended track Deep water route Not based on fixed marks, one-way 90 deg Non-regulated recommended track Deep water route centerline",
      "image": "chart_rows/page_065/row_005/cells/ECDIS.png",
      "image_tight": "chart_rows/page_065/row_005/cells/ECDIS_tight.png",
      "bbox_pdf": [
        584.1237182617188,
        422.35888671875,
        755.734619140625,
        539.23388671875
      ],
      "bbox_px_page": [
        4056,
        2933,
        5248,
        3744
      ]
    }
  }
}