{
  "id": "p035_r006",
  "page_number": 35,
  "row_index": 6,
  "no": "22",
  "row_text": "Pile (Great Lakes) Pile †",
  "row_image": "chart_rows/page_035/row_006/row.png",
  "cells": {
    "col_01": {
      "text": "22",
      "image": "chart_rows/page_035/row_006/cells/col_01.png",
      "image_tight": "chart_rows/page_035/row_006/cells/col_01_tight.png",
      "bbox_pdf": [
        54.07160186767578,
        267.0364074707031,
        83.0,
        301.6027606900316
      ],
      "bbox_px_page": [
        375,
        1854,
        576,
        2094
      ]
    },
    "col_02": {
      "text": "",
      "image": "chart_rows/page_035/row_006/cells/col_02.png",
      "image_tight": "chart_rows/page_035/row_006/cells/col_02_tight.png",
      "bbox_pdf": [
        83.0,
        267.0364074707031,
        148.33418422937393,
        301.6027606900316
      ],
      "bbox_px_page": [
        576,
        1854,
        1030,
        2094
      ]
    },
    "col_03": {
      "text": "",
      "image": "chart_rows/page_035/row_006/cells/col_03.png",
      "image_tight": "chart_rows/page_035/row_006/cells/col_03_tight.png",
      "bbox_pdf": [
        148.33418422937393,
        267.0364074707031,
        209.80630493164062,
        301.6027606900316
      ],
      "bbox_px_page": [
        1030,
        1854,
        1456,
        2094
      ]
    },
    "col_04": {
      "text": "Minor post or pile",
      "image": "chart_rows/page_035/row_006/cells/col_04.png",
      "image_tight": "chart_rows/page_035/row_006/cells/col_04_tight.png",
      "bbox_pdf": [
        209.80630493164062,
        267.0364074707031,
        320.6000061035156,
        301.6027606900316
      ],
      "bbox_px_page": [
        1456,
        1854,
        2226,
        2094
      ]
    },
    "col_05": {
      "text": "Pile (Great Lakes) Pile †",
      "image": "chart_rows/page_035/row_006/cells/col_05.png",
      "image_tight": "chart_rows/page_035/row_006/cells/col_05_tight.png",
      "bbox_pdf": [
        320.6000061035156,
        267.0364074707031,
        474.3236999511719,
        301.6027606900316
      ],
      "bbox_px_page": [
        2226,
        1854,
        3293,
        2094
      ]
    },
    "col_06": {
      "text": "",
      "image": "chart_rows/page_035/row_006/cells/col_06.png",
      "image_tight": "chart_rows/page_035/row_006/cells/col_06_tight.png",
      "bbox_pdf": [
        474.3236999511719,
        267.0364074707031,
        585.386962890625,
        301.6027606900316
      ],
      "bbox_px_page": [
        3293,
        1854,
        4065,
        2094
      ]
    },
    "col_07": {
      "text": "",
      "image": "chart_rows/page_035/row_006/cells/col_07.png",
      "image_tight": "chart_rows/page_035/row_006/cells/col_07_tight.png",
      "bbox_pdf": [
        585.386962890625,
        267.0364074707031,
        669.9257489442825,
        301.6027606900316
      ],
      "bbox_px_page": [
        4065,
        1854,
        4652,
        2094
      ]
    },
    "col_08": {
      "text": "Pile or bollard",
      "image": "chart_rows/page_035/row_006/cells/col_08.png",
      "image_tight": "chart_rows/page_035/row_006/cells/col_08_tight.png",
      "bbox_pdf": [
        669.9257489442825,
        267.0364074707031,
        755.734619140625,
        301.6027606900316
      ],
      "bbox_px_page": [
        4652,
        1854,
        5248,
        2094
      ]
    }
  }
}