{
  "id": "p064_r008",
  "page_number": 64,
  "row_index": 8,
  "no": "b",
  "row_text": "PWI Depth over Crib 17 ft Crib",
  "row_image": "chart_rows/page_064/row_008/row.png",
  "cells": {
    "No": {
      "text": "b",
      "image": "chart_rows/page_064/row_008/cells/No.png",
      "image_tight": "chart_rows/page_064/row_008/cells/No_tight.png",
      "bbox_pdf": [
        36.07160186767578,
        446.5946044921875,
        64.99938281575669,
        480.85089111328125
      ],
      "bbox_px_page": [
        250,
        3101,
        451,
        3339
      ]
    },
    "INT": {
      "text": "",
      "image": "chart_rows/page_064/row_008/cells/INT.png",
      "image_tight": "chart_rows/page_064/row_008/cells/INT_tight.png",
      "bbox_pdf": [
        64.99938281575669,
        446.5946044921875,
        193.06974206492305,
        480.85089111328125
      ],
      "bbox_px_page": [
        451,
        3101,
        1340,
        3339
      ]
    },
    "Description": {
      "text": "Potable water intake",
      "image": "chart_rows/page_064/row_008/cells/Description.png",
      "image_tight": "chart_rows/page_064/row_008/cells/Description_tight.png",
      "bbox_pdf": [
        193.06974206492305,
        446.5946044921875,
        304.3567180633545,
        480.85089111328125
      ],
      "bbox_px_page": [
        1340,
        3101,
        2113,
        3339
      ]
    },
    "NOAA": {
      "text": "PWI Depth over Crib 17 ft Crib",
      "image": "chart_rows/page_064/row_008/cells/NOAA.png",
      "image_tight": "chart_rows/page_064/row_008/cells/NOAA_tight.png",
      "bbox_pdf": [
        304.3567180633545,
        446.5946044921875,
        456.3229369148612,
        480.85089111328125
      ],
      "bbox_px_page": [
        2113,
        3101,
        3168,
        3339
      ]
    },
    "NGA": {
      "text": "",
      "image": "chart_rows/page_064/row_008/cells/NGA.png",
      "image_tight": "chart_rows/page_064/row_008/cells/NGA_tight.png",
      "bbox_pdf": [
        456.3229369148612,
        446.5946044921875,
        567.7757158279419,
        480.85089111328125
      ],
      "bbox_px_page": [
        3168,
        3101,
        3942,
        3339
      ]
    },
    "OtherNGA": {
      "text": "",
      "image": "chart_rows/page_064/row_008/cells/OtherNGA.png",
      "image_tight": "chart_rows/page_064/row_008/cells/OtherNGA_tight.png",
      "bbox_pdf": [
        567.7757158279419,
        446.5946044921875,
        651.92743146047,
        480.85089111328125
      ],
      "bbox_px_page": [
        3942,
        3101,
        4527,
        3339
      ]
    },
    "ECDIS": {
      "text": "",
      "image": "chart_rows/page_064/row_008/cells/ECDIS.png",
      "image_tight": "chart_rows/page_064/row_008/cells/ECDIS_tight.png",
      "bbox_pdf": [
        651.92743146047,
        446.5946044921875,
        737.734619140625,
        480.85089111328125
      ],
      "bbox_px_page": [
        4527,
        3101,
        5123,
        3339
      ]
    }
  }
}