{
  "id": "p041_r002",
  "page_number": 41,
  "row_index": 2,
  "no": ":",
  "row_text": "Charted vertical clearance MHW MHHW Topographic contours Charted vertical clearance Overhead power cable Planes of reference are not exactly as shown below for all charts. They are usually defined in notes under chart titles. Safe vertical clearance (magenta) Charted coastline (HW or MSL) (7) Spot height 128 100 Elevation of light source Islet height",
  "row_image": "chart_rows/page_041/row_002/row.png",
  "cells": {
    "col_01": {
      "text": "",
      "image": "chart_rows/page_041/row_002/cells/col_01.png",
      "image_tight": "chart_rows/page_041/row_002/cells/col_01_tight.png",
      "bbox_pdf": [
        54.070899963378906,
        126.07089233398438,
        82.08000183105469,
        229.21444702148438
      ],
      "bbox_px_page": [
        375,
        875,
        570,
        1591
      ]
    },
    "col_02": {
      "text": "Charted vertical clearance MHW MHHW Topographic contours Charted vertical clearance Overhead power cable Planes of reference are not exactly as shown below for all charts. They are usually defined in notes under chart titles. Safe vertical clearance (magenta) Charted coastline (HW or MSL) (7) Spot height 128 100 Elevation of light source Islet height",
      "image": "chart_rows/page_041/row_002/cells/col_02.png",
      "image_tight": "chart_rows/page_041/row_002/cells/col_02_tight.png",
      "bbox_pdf": [
        82.08000183105469,
        126.07089233398438,
        755.9290771484375,
        229.21444702148438
      ],
      "bbox_px_page": [
        570,
        875,
        5249,
        1591
      ]
    }
  }
}