{
  "id": "p019_r006",
  "page_number": 19,
  "row_index": 6,
  "no": "14",
  "row_text": "Approximate height of top of trees (above height datum)",
  "row_image": "chart_rows/page_019/row_006/row.png",
  "cells": {
    "No": {
      "text": "14",
      "image": "chart_rows/page_019/row_006/cells/No.png",
      "image_tight": "chart_rows/page_019/row_006/cells/No_tight.png",
      "bbox_pdf": [
        54.07160186767578,
        354.4833984375,
        82.99796140193939,
        413.07269287109375
      ],
      "bbox_px_page": [
        375,
        2461,
        576,
        2868
      ]
    },
    "INT": {
      "text": "",
      "image": "chart_rows/page_019/row_006/cells/INT.png",
      "image_tight": "chart_rows/page_019/row_006/cells/INT_tight.png",
      "bbox_pdf": [
        82.99796140193939,
        354.4833984375,
        211.40581703186035,
        413.07269287109375
      ],
      "bbox_px_page": [
        576,
        2461,
        1468,
        2868
      ]
    },
    "Description": {
      "text": "Approximate height of top of trees (above height datum)",
      "image": "chart_rows/page_019/row_006/cells/Description.png",
      "image_tight": "chart_rows/page_019/row_006/cells/Description_tight.png",
      "bbox_pdf": [
        211.40581703186035,
        354.4833984375,
        320.6000061035156,
        413.07269287109375
      ],
      "bbox_px_page": [
        1468,
        2461,
        2226,
        2868
      ]
    },
    "NOAA": {
      "text": "135 TT",
      "image": "chart_rows/page_019/row_006/cells/NOAA.png",
      "image_tight": "chart_rows/page_019/row_006/cells/NOAA_tight.png",
      "bbox_pdf": [
        320.6000061035156,
        354.4833984375,
        474.3236999511719,
        413.07269287109375
      ],
      "bbox_px_page": [
        2226,
        2461,
        3293,
        2868
      ]
    },
    "NGA": {
      "text": "",
      "image": "chart_rows/page_019/row_006/cells/NGA.png",
      "image_tight": "chart_rows/page_019/row_006/cells/NGA_tight.png",
      "bbox_pdf": [
        474.3236999511719,
        354.4833984375,
        585.5497436523438,
        413.07269287109375
      ],
      "bbox_px_page": [
        3293,
        2461,
        4066,
        2868
      ]
    },
    "OtherNGA": {
      "text": "Approximate obtained by",
      "image": "chart_rows/page_019/row_006/cells/OtherNGA.png",
      "image_tight": "chart_rows/page_019/row_006/cells/OtherNGA_tight.png",
      "bbox_pdf": [
        585.5497436523438,
        354.4833984375,
        669.9003596305847,
        413.07269287109375
      ],
      "bbox_px_page": [
        4066,
        2461,
        4652,
        2868
      ]
    },
    "ECDIS": {
      "text": "e height of trees is cursor pick",
      "image": "chart_rows/page_019/row_006/cells/ECDIS.png",
      "image_tight": "chart_rows/page_019/row_006/cells/ECDIS_tight.png",
      "bbox_pdf": [
        669.9003596305847,
        354.4833984375,
        755.734619140625,
        413.07269287109375
      ],
      "bbox_px_page": [
        4652,
        2461,
        5248,
        2868
      ]
    }
  }
}