{
  "id": "p054_r005",
  "page_number": 54,
  "row_index": 5,
  "no": "14.2",
  "row_text": "depth greater than 20 meters Isolated danger of depth less than the safety contour",
  "row_image": "chart_rows/page_054/row_005/row.png",
  "cells": {
    "No": {
      "text": "14.2",
      "image": "chart_rows/page_054/row_005/cells/No.png",
      "image_tight": "chart_rows/page_054/row_005/cells/No_tight.png",
      "bbox_pdf": [
        36.07160186767578,
        325.9950866699219,
        64.99938281575669,
        386.74146166443825
      ],
      "bbox_px_page": [
        250,
        2263,
        451,
        2685
      ]
    },
    "INT": {
      "text": "",
      "image": "chart_rows/page_054/row_005/cells/INT.png",
      "image_tight": "chart_rows/page_054/row_005/cells/INT_tight.png",
      "bbox_pdf": [
        64.99938281575669,
        325.9950866699219,
        193.06974206492305,
        386.74146166443825
      ],
      "bbox_px_page": [
        451,
        2263,
        1340,
        2685
      ]
    },
    "Description": {
      "text": "outside the corresponding depth area, dangerous to surface navigation",
      "image": "chart_rows/page_054/row_005/cells/Description.png",
      "image_tight": "chart_rows/page_054/row_005/cells/Description_tight.png",
      "bbox_pdf": [
        193.06974206492305,
        325.9950866699219,
        304.3567180633545,
        386.74146166443825
      ],
      "bbox_px_page": [
        1340,
        2263,
        2113,
        2685
      ]
    },
    "NOAA": {
      "text": "Rk 5 5 R 4 Rk 2",
      "image": "chart_rows/page_054/row_005/cells/NOAA.png",
      "image_tight": "chart_rows/page_054/row_005/cells/NOAA_tight.png",
      "bbox_pdf": [
        304.3567180633545,
        325.9950866699219,
        456.3229369148612,
        386.74146166443825
      ],
      "bbox_px_page": [
        2113,
        2263,
        3168,
        2685
      ]
    },
    "NGA": {
      "text": "",
      "image": "chart_rows/page_054/row_005/cells/NGA.png",
      "image_tight": "chart_rows/page_054/row_005/cells/NGA_tight.png",
      "bbox_pdf": [
        456.3229369148612,
        325.9950866699219,
        567.7757158279419,
        386.74146166443825
      ],
      "bbox_px_page": [
        3168,
        2263,
        3942,
        2685
      ]
    },
    "OtherNGA": {
      "text": "",
      "image": "chart_rows/page_054/row_005/cells/OtherNGA.png",
      "image_tight": "chart_rows/page_054/row_005/cells/OtherNGA_tight.png",
      "bbox_pdf": [
        567.7757158279419,
        325.9950866699219,
        651.92743146047,
        386.74146166443825
      ],
      "bbox_px_page": [
        3942,
        2263,
        4527,
        2685
      ]
    },
    "ECDIS": {
      "text": "depth greater than 20 meters Isolated danger of depth less than the safety contour",
      "image": "chart_rows/page_054/row_005/cells/ECDIS.png",
      "image_tight": "chart_rows/page_054/row_005/cells/ECDIS_tight.png",
      "bbox_pdf": [
        651.92743146047,
        325.9950866699219,
        737.734619140625,
        386.74146166443825
      ],
      "bbox_px_page": [
        4527,
        2263,
        5123,
        2685
      ]
    }
  }
}