{
  "id": "p050_r005",
  "page_number": 50,
  "row_index": 5,
  "no": "21",
  "row_text": "Rocky area, which covers and uncovers",
  "row_image": "chart_rows/page_050/row_005/row.png",
  "cells": {
    "No": {
      "text": "21",
      "image": "chart_rows/page_050/row_005/cells/No.png",
      "image_tight": "chart_rows/page_050/row_005/cells/No_tight.png",
      "bbox_pdf": [
        36.07160186767578,
        293.96478640753776,
        64.99938281575669,
        336.8308439999819
      ],
      "bbox_px_page": [
        250,
        2041,
        451,
        2339
      ]
    },
    "INT": {
      "text": "",
      "image": "chart_rows/page_050/row_005/cells/INT.png",
      "image_tight": "chart_rows/page_050/row_005/cells/INT_tight.png",
      "bbox_pdf": [
        64.99938281575669,
        293.96478640753776,
        193.06974206492305,
        336.8308439999819
      ],
      "bbox_px_page": [
        451,
        2041,
        1340,
        2339
      ]
    },
    "Description": {
      "text": "Rocky area, which covers and uncovers",
      "image": "chart_rows/page_050/row_005/cells/Description.png",
      "image_tight": "chart_rows/page_050/row_005/cells/Description_tight.png",
      "bbox_pdf": [
        193.06974206492305,
        293.96478640753776,
        304.3567180633545,
        336.8308439999819
      ],
      "bbox_px_page": [
        1340,
        2041,
        2113,
        2339
      ]
    },
    "NOAA": {
      "text": "",
      "image": "chart_rows/page_050/row_005/cells/NOAA.png",
      "image_tight": "chart_rows/page_050/row_005/cells/NOAA_tight.png",
      "bbox_pdf": [
        304.3567180633545,
        293.96478640753776,
        456.3229369148612,
        336.8308439999819
      ],
      "bbox_px_page": [
        2113,
        2041,
        3168,
        2339
      ]
    },
    "NGA": {
      "text": "",
      "image": "chart_rows/page_050/row_005/cells/NGA.png",
      "image_tight": "chart_rows/page_050/row_005/cells/NGA_tight.png",
      "bbox_pdf": [
        456.3229369148612,
        293.96478640753776,
        567.7757158279419,
        336.8308439999819
      ],
      "bbox_px_page": [
        3168,
        2041,
        3942,
        2339
      ]
    },
    "OtherNGA": {
      "text": "",
      "image": "chart_rows/page_050/row_005/cells/OtherNGA.png",
      "image_tight": "chart_rows/page_050/row_005/cells/OtherNGA_tight.png",
      "bbox_pdf": [
        567.7757158279419,
        293.96478640753776,
        651.92743146047,
        336.8308439999819
      ],
      "bbox_px_page": [
        3942,
        2041,
        4527,
        2339
      ]
    },
    "ECDIS": {
      "text": "Rocky ledges or coral",
      "image": "chart_rows/page_050/row_005/cells/ECDIS.png",
      "image_tight": "chart_rows/page_050/row_005/cells/ECDIS_tight.png",
      "bbox_pdf": [
        651.92743146047,
        293.96478640753776,
        737.734619140625,
        336.8308439999819
      ],
      "bbox_px_page": [
        4527,
        2041,
        5123,
        2339
      ]
    }
  }
}