{
  "id": "p049_r010",
  "page_number": 49,
  "row_index": 10,
  "no": "9.1",
  "row_text": "Rock; Rocky",
  "row_image": "chart_rows/page_049/row_010/row.png",
  "cells": {
    "No": {
      "text": "9.1",
      "image": "chart_rows/page_049/row_010/cells/No.png",
      "image_tight": "chart_rows/page_049/row_010/cells/No_tight.png",
      "bbox_pdf": [
        54.07160186767578,
        282.6492004394531,
        82.99796140193939,
        302.2215881347656
      ],
      "bbox_px_page": [
        375,
        1962,
        576,
        2098
      ]
    },
    "INT": {
      "text": "R",
      "image": "chart_rows/page_049/row_010/cells/INT.png",
      "image_tight": "chart_rows/page_049/row_010/cells/INT_tight.png",
      "bbox_pdf": [
        82.99796140193939,
        282.6492004394531,
        211.40581703186035,
        302.2215881347656
      ],
      "bbox_px_page": [
        576,
        1962,
        1468,
        2098
      ]
    },
    "Description": {
      "text": "Rock; Rocky",
      "image": "chart_rows/page_049/row_010/cells/Description.png",
      "image_tight": "chart_rows/page_049/row_010/cells/Description_tight.png",
      "bbox_pdf": [
        211.40581703186035,
        282.6492004394531,
        320.6000061035156,
        302.2215881347656
      ],
      "bbox_px_page": [
        1468,
        1962,
        2226,
        2098
      ]
    },
    "NOAA": {
      "text": "Rk; rky",
      "image": "chart_rows/page_049/row_010/cells/NOAA.png",
      "image_tight": "chart_rows/page_049/row_010/cells/NOAA_tight.png",
      "bbox_pdf": [
        320.6000061035156,
        282.6492004394531,
        474.3236999511719,
        302.2215881347656
      ],
      "bbox_px_page": [
        2226,
        1962,
        3293,
        2098
      ]
    },
    "NGA": {
      "text": "",
      "image": "chart_rows/page_049/row_010/cells/NGA.png",
      "image_tight": "chart_rows/page_049/row_010/cells/NGA_tight.png",
      "bbox_pdf": [
        474.3236999511719,
        282.6492004394531,
        585.5497436523438,
        302.2215881347656
      ],
      "bbox_px_page": [
        3293,
        1962,
        4066,
        2098
      ]
    },
    "OtherNGA": {
      "text": "R",
      "image": "chart_rows/page_049/row_010/cells/OtherNGA.png",
      "image_tight": "chart_rows/page_049/row_010/cells/OtherNGA_tight.png",
      "bbox_pdf": [
        585.5497436523438,
        282.6492004394531,
        669.9003596305847,
        302.2215881347656
      ],
      "bbox_px_page": [
        4066,
        1962,
        4652,
        2098
      ]
    },
    "ECDIS": {
      "text": "Rock",
      "image": "chart_rows/page_049/row_010/cells/ECDIS.png",
      "image_tight": "chart_rows/page_049/row_010/cells/ECDIS_tight.png",
      "bbox_pdf": [
        669.9003596305847,
        282.6492004394531,
        755.734619140625,
        302.2215881347656
      ],
      "bbox_px_page": [
        4652,
        1962,
        5248,
        2098
      ]
    }
  }
}