{
  "id": "p030_r015",
  "page_number": 30,
  "row_index": 15,
  "no": "30.1",
  "row_text": "Radar Mast RADAR MAST",
  "row_image": "chart_rows/page_030/row_015/row.png",
  "cells": {
    "col_01": {
      "text": "30.1",
      "image": "chart_rows/page_030/row_015/cells/col_01.png",
      "image_tight": "chart_rows/page_030/row_015/cells/col_01_tight.png",
      "bbox_pdf": [
        36.07160186767578,
        513.6912841796875,
        66.83821793145034,
        539.3377075195312
      ],
      "bbox_px_page": [
        250,
        3567,
        464,
        3745
      ]
    },
    "col_02": {
      "text": "",
      "image": "chart_rows/page_030/row_015/cells/col_02.png",
      "image_tight": "chart_rows/page_030/row_015/cells/col_02_tight.png",
      "bbox_pdf": [
        66.83821793145034,
        513.6912841796875,
        128.35996961593628,
        539.3377075195312
      ],
      "bbox_px_page": [
        464,
        3567,
        891,
        3745
      ]
    },
    "col_03": {
      "text": "",
      "image": "chart_rows/page_030/row_015/cells/col_03.png",
      "image_tight": "chart_rows/page_030/row_015/cells/col_03_tight.png",
      "bbox_pdf": [
        128.35996961593628,
        513.6912841796875,
        192.74342723796144,
        539.3377075195312
      ],
      "bbox_px_page": [
        891,
        3567,
        1338,
        3745
      ]
    },
    "col_04": {
      "text": "Radar mast",
      "image": "chart_rows/page_030/row_015/cells/col_04.png",
      "image_tight": "chart_rows/page_030/row_015/cells/col_04_tight.png",
      "bbox_pdf": [
        192.74342723796144,
        513.6912841796875,
        302.6000061035156,
        539.3377075195312
      ],
      "bbox_px_page": [
        1338,
        3567,
        2101,
        3745
      ]
    },
    "col_05": {
      "text": "Radar Mast RADAR MAST",
      "image": "chart_rows/page_030/row_015/cells/col_05.png",
      "image_tight": "chart_rows/page_030/row_015/cells/col_05_tight.png",
      "bbox_pdf": [
        302.6000061035156,
        513.6912841796875,
        456.3236999511719,
        539.3377075195312
      ],
      "bbox_px_page": [
        2101,
        3567,
        3168,
        3745
      ]
    },
    "col_06": {
      "text": "",
      "image": "chart_rows/page_030/row_015/cells/col_06.png",
      "image_tight": "chart_rows/page_030/row_015/cells/col_06_tight.png",
      "bbox_pdf": [
        456.3236999511719,
        513.6912841796875,
        567.5356597900391,
        539.3377075195312
      ],
      "bbox_px_page": [
        3168,
        3567,
        3941,
        3745
      ]
    },
    "col_07": {
      "text": "",
      "image": "chart_rows/page_030/row_015/cells/col_07.png",
      "image_tight": "chart_rows/page_030/row_015/cells/col_07_tight.png",
      "bbox_pdf": [
        567.5356597900391,
        513.6912841796875,
        651.9163010418415,
        539.3377075195312
      ],
      "bbox_px_page": [
        3941,
        3567,
        4527,
        3745
      ]
    },
    "col_08": {
      "text": "Mast",
      "image": "chart_rows/page_030/row_015/cells/col_08.png",
      "image_tight": "chart_rows/page_030/row_015/cells/col_08_tight.png",
      "bbox_pdf": [
        651.9163010418415,
        513.6912841796875,
        737.734619140625,
        539.3377075195312
      ],
      "bbox_px_page": [
        4527,
        3567,
        5123,
        3745
      ]
    }
  }
}