{
  "id": "p053_r001",
  "page_number": 53,
  "row_index": 1,
  "no": "1",
  "row_text": "Danger line: A danger line draws attention to a danger which would not stand out clearly enough if represented solely by its symbol (e.g. isolated rock) or delimits an area containing numerous dangers, through which it is unsafe to navigate",
  "row_image": "chart_rows/page_053/row_001/row.png",
  "cells": {
    "No": {
      "text": "1",
      "image": "chart_rows/page_053/row_001/cells/No.png",
      "image_tight": "chart_rows/page_053/row_001/cells/No_tight.png",
      "bbox_pdf": [
        54.07160186767578,
        108.0701904296875,
        82.99796140193939,
        252.0701904296875
      ],
      "bbox_px_page": [
        375,
        750,
        576,
        1750
      ]
    },
    "INT": {
      "text": "",
      "image": "chart_rows/page_053/row_001/cells/INT.png",
      "image_tight": "chart_rows/page_053/row_001/cells/INT_tight.png",
      "bbox_pdf": [
        82.99796140193939,
        108.0701904296875,
        211.40581703186035,
        252.0701904296875
      ],
      "bbox_px_page": [
        576,
        750,
        1468,
        1750
      ]
    },
    "Description": {
      "text": "Danger line: A danger line draws attention to a danger which would not stand out clearly enough if represented solely by its symbol (e.g. isolated rock) or delimits an area containing numerous dangers, through which it is unsafe to navigate",
      "image": "chart_rows/page_053/row_001/cells/Description.png",
      "image_tight": "chart_rows/page_053/row_001/cells/Description_tight.png",
      "bbox_pdf": [
        211.40581703186035,
        108.0701904296875,
        320.6000061035156,
        252.0701904296875
      ],
      "bbox_px_page": [
        1468,
        750,
        2226,
        1750
      ]
    },
    "NOAA": {
      "text": "",
      "image": "chart_rows/page_053/row_001/cells/NOAA.png",
      "image_tight": "chart_rows/page_053/row_001/cells/NOAA_tight.png",
      "bbox_pdf": [
        320.6000061035156,
        108.0701904296875,
        474.3236999511719,
        252.0701904296875
      ],
      "bbox_px_page": [
        2226,
        750,
        3293,
        1750
      ]
    },
    "NGA": {
      "text": "",
      "image": "chart_rows/page_053/row_001/cells/NGA.png",
      "image_tight": "chart_rows/page_053/row_001/cells/NGA_tight.png",
      "bbox_pdf": [
        474.3236999511719,
        108.0701904296875,
        585.5497436523438,
        252.0701904296875
      ],
      "bbox_px_page": [
        3293,
        750,
        4066,
        1750
      ]
    },
    "OtherNGA": {
      "text": "",
      "image": "chart_rows/page_053/row_001/cells/OtherNGA.png",
      "image_tight": "chart_rows/page_053/row_001/cells/OtherNGA_tight.png",
      "bbox_pdf": [
        585.5497436523438,
        108.0701904296875,
        669.9003596305847,
        252.0701904296875
      ],
      "bbox_px_page": [
        4066,
        750,
        4652,
        1750
      ]
    },
    "ECDIS": {
      "text": "Obstruction, depth not stated Obstruction which covers and uncovers Underwater hazard with depth of 20 meters or less Isolated danger of depth less than the safety contour Foul area, not safe for navigation",
      "image": "chart_rows/page_053/row_001/cells/ECDIS.png",
      "image_tight": "chart_rows/page_053/row_001/cells/ECDIS_tight.png",
      "bbox_pdf": [
        669.9003596305847,
        108.0701904296875,
        755.734619140625,
        252.0701904296875
      ],
      "bbox_px_page": [
        4652,
        750,
        5248,
        1750
      ]
    }
  }
}