{
  "id": "p032_r014",
  "page_number": 32,
  "row_index": 14,
  "no": "r",
  "row_text": "Limited",
  "row_image": "chart_rows/page_032/row_014/row.png",
  "cells": {
    "No": {
      "text": "r",
      "image": "chart_rows/page_032/row_014/cells/No.png",
      "image_tight": "chart_rows/page_032/row_014/cells/No_tight.png",
      "bbox_pdf": [
        36.07160186767578,
        355.4377136230469,
        64.99938281575669,
        373.88409423828125
      ],
      "bbox_px_page": [
        250,
        2468,
        451,
        2596
      ]
    },
    "INT": {
      "text": "",
      "image": "chart_rows/page_032/row_014/cells/INT.png",
      "image_tight": "chart_rows/page_032/row_014/cells/INT_tight.png",
      "bbox_pdf": [
        64.99938281575669,
        355.4377136230469,
        193.06974206492305,
        373.88409423828125
      ],
      "bbox_px_page": [
        451,
        2468,
        1340,
        2596
      ]
    },
    "Description": {
      "text": "Limited",
      "image": "chart_rows/page_032/row_014/cells/Description.png",
      "image_tight": "chart_rows/page_032/row_014/cells/Description_tight.png",
      "bbox_pdf": [
        193.06974206492305,
        355.4377136230469,
        304.3567180633545,
        373.88409423828125
      ],
      "bbox_px_page": [
        1340,
        2468,
        2113,
        2596
      ]
    },
    "NOAA": {
      "text": "Ltd",
      "image": "chart_rows/page_032/row_014/cells/NOAA.png",
      "image_tight": "chart_rows/page_032/row_014/cells/NOAA_tight.png",
      "bbox_pdf": [
        304.3567180633545,
        355.4377136230469,
        456.3229369148612,
        373.88409423828125
      ],
      "bbox_px_page": [
        2113,
        2468,
        3168,
        2596
      ]
    },
    "NGA": {
      "text": "",
      "image": "chart_rows/page_032/row_014/cells/NGA.png",
      "image_tight": "chart_rows/page_032/row_014/cells/NGA_tight.png",
      "bbox_pdf": [
        456.3229369148612,
        355.4377136230469,
        567.7757158279419,
        373.88409423828125
      ],
      "bbox_px_page": [
        3168,
        2468,
        3942,
        2596
      ]
    },
    "OtherNGA": {
      "text": "",
      "image": "chart_rows/page_032/row_014/cells/OtherNGA.png",
      "image_tight": "chart_rows/page_032/row_014/cells/OtherNGA_tight.png",
      "bbox_pdf": [
        567.7757158279419,
        355.4377136230469,
        651.92743146047,
        373.88409423828125
      ],
      "bbox_px_page": [
        3942,
        2468,
        4527,
        2596
      ]
    },
    "ECDIS": {
      "text": "",
      "image": "chart_rows/page_032/row_014/cells/ECDIS.png",
      "image_tight": "chart_rows/page_032/row_014/cells/ECDIS_tight.png",
      "bbox_pdf": [
        651.92743146047,
        355.4377136230469,
        737.734619140625,
        373.88409423828125
      ],
      "bbox_px_page": [
        4527,
        2468,
        5123,
        2596
      ]
    }
  }
}