{
  "id": "p019_r005",
  "page_number": 19,
  "row_index": 5,
  "no": "13",
  "row_text": "value is obtained by cursor pick",
  "row_image": "chart_rows/page_019/row_005/row.png",
  "cells": {
    "No": {
      "text": "13",
      "image": "chart_rows/page_019/row_005/cells/No.png",
      "image_tight": "chart_rows/page_019/row_005/cells/No_tight.png",
      "bbox_pdf": [
        54.07160186767578,
        296.17059326171875,
        82.99796140193939,
        354.4833984375
      ],
      "bbox_px_page": [
        375,
        2056,
        576,
        2461
      ]
    },
    "INT": {
      "text": "†",
      "image": "chart_rows/page_019/row_005/cells/INT.png",
      "image_tight": "chart_rows/page_019/row_005/cells/INT_tight.png",
      "bbox_pdf": [
        82.99796140193939,
        296.17059326171875,
        211.40581703186035,
        354.4833984375
      ],
      "bbox_px_page": [
        576,
        2056,
        1468,
        2461
      ]
    },
    "Description": {
      "text": "Form lines with spot height",
      "image": "chart_rows/page_019/row_005/cells/Description.png",
      "image_tight": "chart_rows/page_019/row_005/cells/Description_tight.png",
      "bbox_pdf": [
        211.40581703186035,
        296.17059326171875,
        320.6000061035156,
        354.4833984375
      ],
      "bbox_px_page": [
        1468,
        2056,
        2226,
        2461
      ]
    },
    "NOAA": {
      "text": "",
      "image": "chart_rows/page_019/row_005/cells/NOAA.png",
      "image_tight": "chart_rows/page_019/row_005/cells/NOAA_tight.png",
      "bbox_pdf": [
        320.6000061035156,
        296.17059326171875,
        474.3236999511719,
        354.4833984375
      ],
      "bbox_px_page": [
        2226,
        2056,
        3293,
        2461
      ]
    },
    "NGA": {
      "text": "",
      "image": "chart_rows/page_019/row_005/cells/NGA.png",
      "image_tight": "chart_rows/page_019/row_005/cells/NGA_tight.png",
      "bbox_pdf": [
        474.3236999511719,
        296.17059326171875,
        585.5497436523438,
        354.4833984375
      ],
      "bbox_px_page": [
        3293,
        2056,
        4066,
        2461
      ]
    },
    "OtherNGA": {
      "text": "109 m",
      "image": "chart_rows/page_019/row_005/cells/OtherNGA.png",
      "image_tight": "chart_rows/page_019/row_005/cells/OtherNGA_tight.png",
      "bbox_pdf": [
        585.5497436523438,
        296.17059326171875,
        669.9003596305847,
        354.4833984375
      ],
      "bbox_px_page": [
        4066,
        2056,
        4652,
        2461
      ]
    },
    "ECDIS": {
      "text": "value is obtained by cursor pick",
      "image": "chart_rows/page_019/row_005/cells/ECDIS.png",
      "image_tight": "chart_rows/page_019/row_005/cells/ECDIS_tight.png",
      "bbox_pdf": [
        669.9003596305847,
        296.17059326171875,
        755.734619140625,
        354.4833984375
      ],
      "bbox_px_page": [
        4652,
        2056,
        5248,
        2461
      ]
    }
  }
}