{
  "id": "p018_r007",
  "page_number": 18,
  "row_index": 7,
  "no": "7",
  "row_text": "Stony shore, Shingly shore",
  "row_image": "chart_rows/page_018/row_007/row.png",
  "cells": {
    "No": {
      "text": "7",
      "image": "chart_rows/page_018/row_007/cells/No.png",
      "image_tight": "chart_rows/page_018/row_007/cells/No_tight.png",
      "bbox_pdf": [
        36.07160186767578,
        453.08660316467285,
        64.99938281575669,
        493.2799936905503
      ],
      "bbox_px_page": [
        250,
        3146,
        451,
        3425
      ]
    },
    "INT": {
      "text": "Stones",
      "image": "chart_rows/page_018/row_007/cells/INT.png",
      "image_tight": "chart_rows/page_018/row_007/cells/INT_tight.png",
      "bbox_pdf": [
        64.99938281575669,
        453.08660316467285,
        193.06974206492305,
        493.2799936905503
      ],
      "bbox_px_page": [
        451,
        3146,
        1340,
        3425
      ]
    },
    "Description": {
      "text": "Stony shore, Shingly shore",
      "image": "chart_rows/page_018/row_007/cells/Description.png",
      "image_tight": "chart_rows/page_018/row_007/cells/Description_tight.png",
      "bbox_pdf": [
        193.06974206492305,
        453.08660316467285,
        304.3567180633545,
        493.2799936905503
      ],
      "bbox_px_page": [
        1340,
        3146,
        2113,
        3425
      ]
    },
    "NOAA": {
      "text": "†",
      "image": "chart_rows/page_018/row_007/cells/NOAA.png",
      "image_tight": "chart_rows/page_018/row_007/cells/NOAA_tight.png",
      "bbox_pdf": [
        304.3567180633545,
        453.08660316467285,
        456.3229369148612,
        493.2799936905503
      ],
      "bbox_px_page": [
        2113,
        3146,
        3168,
        3425
      ]
    },
    "NGA": {
      "text": "",
      "image": "chart_rows/page_018/row_007/cells/NGA.png",
      "image_tight": "chart_rows/page_018/row_007/cells/NGA_tight.png",
      "bbox_pdf": [
        456.3229369148612,
        453.08660316467285,
        567.7757158279419,
        493.2799936905503
      ],
      "bbox_px_page": [
        3168,
        3146,
        3942,
        3425
      ]
    },
    "OtherNGA": {
      "text": "",
      "image": "chart_rows/page_018/row_007/cells/OtherNGA.png",
      "image_tight": "chart_rows/page_018/row_007/cells/OtherNGA_tight.png",
      "bbox_pdf": [
        567.7757158279419,
        453.08660316467285,
        651.92743146047,
        493.2799936905503
      ],
      "bbox_px_page": [
        3942,
        3146,
        4527,
        3425
      ]
    },
    "ECDIS": {
      "text": "",
      "image": "chart_rows/page_018/row_007/cells/ECDIS.png",
      "image_tight": "chart_rows/page_018/row_007/cells/ECDIS_tight.png",
      "bbox_pdf": [
        651.92743146047,
        453.08660316467285,
        737.734619140625,
        493.2799936905503
      ],
      "bbox_px_page": [
        4527,
        3146,
        5123,
        3425
      ]
    }
  }
}