{
  "id": "p050_r008",
  "page_number": 50,
  "row_index": 8,
  "no": "38",
  "row_text": "Rocky ledges or coral reef",
  "row_image": "chart_rows/page_050/row_008/row.png",
  "cells": {
    "No": {
      "text": "38",
      "image": "chart_rows/page_050/row_008/cells/No.png",
      "image_tight": "chart_rows/page_050/row_008/cells/No_tight.png",
      "bbox_pdf": [
        36.07160186767578,
        514.7061767578125,
        64.99938281575669,
        556.91259765625
      ],
      "bbox_px_page": [
        250,
        3574,
        451,
        3867
      ]
    },
    "INT": {
      "text": "ca",
      "image": "chart_rows/page_050/row_008/cells/INT.png",
      "image_tight": "chart_rows/page_050/row_008/cells/INT_tight.png",
      "bbox_pdf": [
        64.99938281575669,
        514.7061767578125,
        193.06974206492305,
        556.91259765625
      ],
      "bbox_px_page": [
        451,
        3574,
        1340,
        3867
      ]
    },
    "Description": {
      "text": "Calcareous",
      "image": "chart_rows/page_050/row_008/cells/Description.png",
      "image_tight": "chart_rows/page_050/row_008/cells/Description_tight.png",
      "bbox_pdf": [
        193.06974206492305,
        514.7061767578125,
        304.3567180633545,
        556.91259765625
      ],
      "bbox_px_page": [
        1340,
        3574,
        2113,
        3867
      ]
    },
    "NOAA": {
      "text": "Ca",
      "image": "chart_rows/page_050/row_008/cells/NOAA.png",
      "image_tight": "chart_rows/page_050/row_008/cells/NOAA_tight.png",
      "bbox_pdf": [
        304.3567180633545,
        514.7061767578125,
        456.3229369148612,
        556.91259765625
      ],
      "bbox_px_page": [
        2113,
        3574,
        3168,
        3867
      ]
    },
    "NGA": {
      "text": "",
      "image": "chart_rows/page_050/row_008/cells/NGA.png",
      "image_tight": "chart_rows/page_050/row_008/cells/NGA_tight.png",
      "bbox_pdf": [
        456.3229369148612,
        514.7061767578125,
        567.7757158279419,
        556.91259765625
      ],
      "bbox_px_page": [
        3168,
        3574,
        3942,
        3867
      ]
    },
    "OtherNGA": {
      "text": "",
      "image": "chart_rows/page_050/row_008/cells/OtherNGA.png",
      "image_tight": "chart_rows/page_050/row_008/cells/OtherNGA_tight.png",
      "bbox_pdf": [
        567.7757158279419,
        514.7061767578125,
        651.92743146047,
        556.91259765625
      ],
      "bbox_px_page": [
        3942,
        3574,
        4527,
        3867
      ]
    },
    "ECDIS": {
      "text": "Rocky ledges or coral reef",
      "image": "chart_rows/page_050/row_008/cells/ECDIS.png",
      "image_tight": "chart_rows/page_050/row_008/cells/ECDIS_tight.png",
      "bbox_pdf": [
        651.92743146047,
        514.7061767578125,
        737.734619140625,
        556.91259765625
      ],
      "bbox_px_page": [
        4527,
        3574,
        5123,
        3867
      ]
    }
  }
}