{
  "id": "p044_r004",
  "page_number": 44,
  "row_index": 4,
  "no": "3.2",
  "row_text": "Low accuracy line demarking area wreck or obstruction Low accuracy line demarking foul area",
  "row_image": "chart_rows/page_044/row_004/row.png",
  "cells": {
    "No": {
      "text": "3.2",
      "image": "chart_rows/page_044/row_004/cells/No.png",
      "image_tight": "chart_rows/page_044/row_004/cells/No_tight.png",
      "bbox_pdf": [
        36.07160186767578,
        314.1408996582031,
        64.99938281575669,
        372.02227783203125
      ],
      "bbox_px_page": [
        250,
        2181,
        451,
        2583
      ]
    },
    "INT": {
      "text": "Rep (2011)",
      "image": "chart_rows/page_044/row_004/cells/INT.png",
      "image_tight": "chart_rows/page_044/row_004/cells/INT_tight.png",
      "bbox_pdf": [
        64.99938281575669,
        314.1408996582031,
        193.06974206492305,
        372.02227783203125
      ],
      "bbox_px_page": [
        451,
        2181,
        1340,
        2583
      ]
    },
    "Description": {
      "text": "Reported (with year of report), but not confirmed",
      "image": "chart_rows/page_044/row_004/cells/Description.png",
      "image_tight": "chart_rows/page_044/row_004/cells/Description_tight.png",
      "bbox_pdf": [
        193.06974206492305,
        314.1408996582031,
        304.3567180633545,
        372.02227783203125
      ],
      "bbox_px_page": [
        1340,
        2181,
        2113,
        2583
      ]
    },
    "NOAA": {
      "text": "",
      "image": "chart_rows/page_044/row_004/cells/NOAA.png",
      "image_tight": "chart_rows/page_044/row_004/cells/NOAA_tight.png",
      "bbox_pdf": [
        304.3567180633545,
        314.1408996582031,
        456.3229369148612,
        372.02227783203125
      ],
      "bbox_px_page": [
        2113,
        2181,
        3168,
        2583
      ]
    },
    "NGA": {
      "text": "",
      "image": "chart_rows/page_044/row_004/cells/NGA.png",
      "image_tight": "chart_rows/page_044/row_004/cells/NGA_tight.png",
      "bbox_pdf": [
        456.3229369148612,
        314.1408996582031,
        567.7757158279419,
        372.02227783203125
      ],
      "bbox_px_page": [
        3168,
        2181,
        3942,
        2583
      ]
    },
    "OtherNGA": {
      "text": "",
      "image": "chart_rows/page_044/row_004/cells/OtherNGA.png",
      "image_tight": "chart_rows/page_044/row_004/cells/OtherNGA_tight.png",
      "bbox_pdf": [
        567.7757158279419,
        314.1408996582031,
        651.92743146047,
        372.02227783203125
      ],
      "bbox_px_page": [
        3942,
        2181,
        4527,
        2583
      ]
    },
    "ECDIS": {
      "text": "Low accuracy line demarking area wreck or obstruction Low accuracy line demarking foul area",
      "image": "chart_rows/page_044/row_004/cells/ECDIS.png",
      "image_tight": "chart_rows/page_044/row_004/cells/ECDIS_tight.png",
      "bbox_pdf": [
        651.92743146047,
        314.1408996582031,
        737.734619140625,
        372.02227783203125
      ],
      "bbox_px_page": [
        4527,
        2181,
        5123,
        2583
      ]
    }
  }
}