{
  "id": "p022_r014",
  "page_number": 22,
  "row_index": 14,
  "no": "s",
  "row_text": "Grass",
  "row_image": "chart_rows/page_022/row_014/row.png",
  "cells": {
    "col_01": {
      "text": "s",
      "image": "chart_rows/page_022/row_014/cells/col_01.png",
      "image_tight": "chart_rows/page_022/row_014/cells/col_01_tight.png",
      "bbox_pdf": [
        36.07160186767578,
        494.94940185546875,
        65.0,
        531.3958129882812
      ],
      "bbox_px_page": [
        250,
        3437,
        451,
        3690
      ]
    },
    "col_02": {
      "text": "",
      "image": "chart_rows/page_022/row_014/cells/col_02.png",
      "image_tight": "chart_rows/page_022/row_014/cells/col_02_tight.png",
      "bbox_pdf": [
        65.0,
        494.94940185546875,
        191.80630493164062,
        531.3958129882812
      ],
      "bbox_px_page": [
        451,
        3437,
        1331,
        3690
      ]
    },
    "col_03": {
      "text": "Grass",
      "image": "chart_rows/page_022/row_014/cells/col_03.png",
      "image_tight": "chart_rows/page_022/row_014/cells/col_03_tight.png",
      "bbox_pdf": [
        191.80630493164062,
        494.94940185546875,
        304.19958686828613,
        531.3958129882812
      ],
      "bbox_px_page": [
        1331,
        3437,
        2112,
        3690
      ]
    },
    "col_04": {
      "text": "Grass",
      "image": "chart_rows/page_022/row_014/cells/col_04.png",
      "image_tight": "chart_rows/page_022/row_014/cells/col_04_tight.png",
      "bbox_pdf": [
        304.19958686828613,
        494.94940185546875,
        456.3236818741643,
        531.3958129882812
      ],
      "bbox_px_page": [
        2112,
        3437,
        3168,
        3690
      ]
    },
    "col_05": {
      "text": "",
      "image": "chart_rows/page_022/row_014/cells/col_05.png",
      "image_tight": "chart_rows/page_022/row_014/cells/col_05_tight.png",
      "bbox_pdf": [
        456.3236818741643,
        494.94940185546875,
        566.1237182617188,
        531.3958129882812
      ],
      "bbox_px_page": [
        3168,
        3437,
        3931,
        3690
      ]
    },
    "col_06": {
      "text": "",
      "image": "chart_rows/page_022/row_014/cells/col_06.png",
      "image_tight": "chart_rows/page_022/row_014/cells/col_06_tight.png",
      "bbox_pdf": [
        566.1237182617188,
        494.94940185546875,
        737.734619140625,
        531.3958129882812
      ],
      "bbox_px_page": [
        3931,
        3437,
        5123,
        3690
      ]
    }
  }
}