{
  "id": "p049_r008",
  "page_number": 49,
  "row_index": 8,
  "no": "7",
  "row_text": "Pebbles",
  "row_image": "chart_rows/page_049/row_008/row.png",
  "cells": {
    "No": {
      "text": "7",
      "image": "chart_rows/page_049/row_008/cells/No.png",
      "image_tight": "chart_rows/page_049/row_008/cells/No_tight.png",
      "bbox_pdf": [
        54.07160186767578,
        243.50448608398438,
        82.99796140193939,
        263.0768127441406
      ],
      "bbox_px_page": [
        375,
        1691,
        576,
        1826
      ]
    },
    "INT": {
      "text": "P",
      "image": "chart_rows/page_049/row_008/cells/INT.png",
      "image_tight": "chart_rows/page_049/row_008/cells/INT_tight.png",
      "bbox_pdf": [
        82.99796140193939,
        243.50448608398438,
        211.40581703186035,
        263.0768127441406
      ],
      "bbox_px_page": [
        576,
        1691,
        1468,
        1826
      ]
    },
    "Description": {
      "text": "Pebbles",
      "image": "chart_rows/page_049/row_008/cells/Description.png",
      "image_tight": "chart_rows/page_049/row_008/cells/Description_tight.png",
      "bbox_pdf": [
        211.40581703186035,
        243.50448608398438,
        320.6000061035156,
        263.0768127441406
      ],
      "bbox_px_page": [
        1468,
        1691,
        2226,
        1826
      ]
    },
    "NOAA": {
      "text": "",
      "image": "chart_rows/page_049/row_008/cells/NOAA.png",
      "image_tight": "chart_rows/page_049/row_008/cells/NOAA_tight.png",
      "bbox_pdf": [
        320.6000061035156,
        243.50448608398438,
        474.3236999511719,
        263.0768127441406
      ],
      "bbox_px_page": [
        2226,
        1691,
        3293,
        1826
      ]
    },
    "NGA": {
      "text": "",
      "image": "chart_rows/page_049/row_008/cells/NGA.png",
      "image_tight": "chart_rows/page_049/row_008/cells/NGA_tight.png",
      "bbox_pdf": [
        474.3236999511719,
        243.50448608398438,
        585.5497436523438,
        263.0768127441406
      ],
      "bbox_px_page": [
        3293,
        1691,
        4066,
        1826
      ]
    },
    "OtherNGA": {
      "text": "P",
      "image": "chart_rows/page_049/row_008/cells/OtherNGA.png",
      "image_tight": "chart_rows/page_049/row_008/cells/OtherNGA_tight.png",
      "bbox_pdf": [
        585.5497436523438,
        243.50448608398438,
        669.9003596305847,
        263.0768127441406
      ],
      "bbox_px_page": [
        4066,
        1691,
        4652,
        1826
      ]
    },
    "ECDIS": {
      "text": "Pebbles",
      "image": "chart_rows/page_049/row_008/cells/ECDIS.png",
      "image_tight": "chart_rows/page_049/row_008/cells/ECDIS_tight.png",
      "bbox_pdf": [
        669.9003596305847,
        243.50448608398438,
        755.734619140625,
        263.0768127441406
      ],
      "bbox_px_page": [
        4652,
        1691,
        5248,
        1826
      ]
    }
  }
}