{
  "id": "p031_r007",
  "page_number": 31,
  "row_index": 7,
  "no": "34.2",
  "row_text": "Castle, Fort, Blockhouse (on small scale charts)",
  "row_image": "chart_rows/page_031/row_007/row.png",
  "cells": {
    "col_01": {
      "text": "34.2",
      "image": "chart_rows/page_031/row_007/cells/col_01.png",
      "image_tight": "chart_rows/page_031/row_007/cells/col_01_tight.png",
      "bbox_pdf": [
        54.07160186767578,
        314.0685119628906,
        83.0,
        336.47930908203125
      ],
      "bbox_px_page": [
        375,
        2181,
        576,
        2336
      ]
    },
    "col_02": {
      "text": "",
      "image": "chart_rows/page_031/row_007/cells/col_02.png",
      "image_tight": "chart_rows/page_031/row_007/cells/col_02_tight.png",
      "bbox_pdf": [
        83.0,
        314.0685119628906,
        209.80630493164062,
        336.47930908203125
      ],
      "bbox_px_page": [
        576,
        2181,
        1456,
        2336
      ]
    },
    "col_03": {
      "text": "Castle, Fort, Blockhouse (on small scale charts)",
      "image": "chart_rows/page_031/row_007/cells/col_03.png",
      "image_tight": "chart_rows/page_031/row_007/cells/col_03_tight.png",
      "bbox_pdf": [
        209.80630493164062,
        314.0685119628906,
        320.6000061035156,
        336.47930908203125
      ],
      "bbox_px_page": [
        1456,
        2181,
        2226,
        2336
      ]
    },
    "col_04": {
      "text": "",
      "image": "chart_rows/page_031/row_007/cells/col_04.png",
      "image_tight": "chart_rows/page_031/row_007/cells/col_04_tight.png",
      "bbox_pdf": [
        320.6000061035156,
        314.0685119628906,
        397.2838134765625,
        336.47930908203125
      ],
      "bbox_px_page": [
        2226,
        2181,
        2758,
        2336
      ]
    },
    "col_05": {
      "text": "",
      "image": "chart_rows/page_031/row_007/cells/col_05.png",
      "image_tight": "chart_rows/page_031/row_007/cells/col_05_tight.png",
      "bbox_pdf": [
        397.2838134765625,
        314.0685119628906,
        474.3236999511719,
        336.47930908203125
      ],
      "bbox_px_page": [
        2758,
        2181,
        3293,
        2336
      ]
    },
    "col_06": {
      "text": "",
      "image": "chart_rows/page_031/row_007/cells/col_06.png",
      "image_tight": "chart_rows/page_031/row_007/cells/col_06_tight.png",
      "bbox_pdf": [
        474.3236999511719,
        314.0685119628906,
        584.1237182617188,
        336.47930908203125
      ],
      "bbox_px_page": [
        3293,
        2181,
        4056,
        2336
      ]
    },
    "col_07": {
      "text": "",
      "image": "chart_rows/page_031/row_007/cells/col_07.png",
      "image_tight": "chart_rows/page_031/row_007/cells/col_07_tight.png",
      "bbox_pdf": [
        584.1237182617188,
        314.0685119628906,
        669.9290771484375,
        336.47930908203125
      ],
      "bbox_px_page": [
        4056,
        2181,
        4652,
        2336
      ]
    },
    "col_08": {
      "text": "Fortified structure",
      "image": "chart_rows/page_031/row_007/cells/col_08.png",
      "image_tight": "chart_rows/page_031/row_007/cells/col_08_tight.png",
      "bbox_pdf": [
        669.9290771484375,
        314.0685119628906,
        755.734619140625,
        336.47930908203125
      ],
      "bbox_px_page": [
        4652,
        2181,
        5248,
        2336
      ]
    }
  }
}