{
  "id": "p021_r011",
  "page_number": 21,
  "row_index": 11,
  "no": "33",
  "row_text": "Marsh with coastline or shoreline construction of low accuracy in position",
  "row_image": "chart_rows/page_021/row_011/row.png",
  "cells": {
    "No": {
      "text": "33",
      "image": "chart_rows/page_021/row_011/cells/No.png",
      "image_tight": "chart_rows/page_021/row_011/cells/No_tight.png",
      "bbox_pdf": [
        54.07160186767578,
        330.765166929923,
        82.99796140193939,
        381.4724426269531
      ],
      "bbox_px_page": [
        375,
        2296,
        576,
        2649
      ]
    },
    "INT": {
      "text": "",
      "image": "chart_rows/page_021/row_011/cells/INT.png",
      "image_tight": "chart_rows/page_021/row_011/cells/INT_tight.png",
      "bbox_pdf": [
        82.99796140193939,
        330.765166929923,
        211.40581703186035,
        381.4724426269531
      ],
      "bbox_px_page": [
        576,
        2296,
        1468,
        2649
      ]
    },
    "Description": {
      "text": "Marsh, Swamp, Reed beds",
      "image": "chart_rows/page_021/row_011/cells/Description.png",
      "image_tight": "chart_rows/page_021/row_011/cells/Description_tight.png",
      "bbox_pdf": [
        211.40581703186035,
        330.765166929923,
        320.6000061035156,
        381.4724426269531
      ],
      "bbox_px_page": [
        1468,
        2296,
        2226,
        2649
      ]
    },
    "NOAA": {
      "text": "",
      "image": "chart_rows/page_021/row_011/cells/NOAA.png",
      "image_tight": "chart_rows/page_021/row_011/cells/NOAA_tight.png",
      "bbox_pdf": [
        320.6000061035156,
        330.765166929923,
        474.3236999511719,
        381.4724426269531
      ],
      "bbox_px_page": [
        2226,
        2296,
        3293,
        2649
      ]
    },
    "NGA": {
      "text": "",
      "image": "chart_rows/page_021/row_011/cells/NGA.png",
      "image_tight": "chart_rows/page_021/row_011/cells/NGA_tight.png",
      "bbox_pdf": [
        474.3236999511719,
        330.765166929923,
        585.5497436523438,
        381.4724426269531
      ],
      "bbox_px_page": [
        3293,
        2296,
        4066,
        2649
      ]
    },
    "OtherNGA": {
      "text": "",
      "image": "chart_rows/page_021/row_011/cells/OtherNGA.png",
      "image_tight": "chart_rows/page_021/row_011/cells/OtherNGA_tight.png",
      "bbox_pdf": [
        585.5497436523438,
        330.765166929923,
        669.9003596305847,
        381.4724426269531
      ],
      "bbox_px_page": [
        4066,
        2296,
        4652,
        2649
      ]
    },
    "ECDIS": {
      "text": "Marsh with coastline or shoreline construction of low accuracy in position",
      "image": "chart_rows/page_021/row_011/cells/ECDIS.png",
      "image_tight": "chart_rows/page_021/row_011/cells/ECDIS_tight.png",
      "bbox_pdf": [
        669.9003596305847,
        330.765166929923,
        755.734619140625,
        381.4724426269531
      ],
      "bbox_px_page": [
        4652,
        2296,
        5248,
        2649
      ]
    }
  }
}