{
  "id": "p024_r007",
  "page_number": 24,
  "row_index": 7,
  "no": "17",
  "row_text": "Airport as a point Runway as a line Airport area, with runway area and visually conspicuous runway area",
  "row_image": "chart_rows/page_024/row_007/row.png",
  "cells": {
    "No": {
      "text": "17",
      "image": "chart_rows/page_024/row_007/cells/No.png",
      "image_tight": "chart_rows/page_024/row_007/cells/No_tight.png",
      "bbox_pdf": [
        36.07160186767578,
        279.0701904296875,
        64.99938281575669,
        409.5701904296875
      ],
      "bbox_px_page": [
        250,
        1937,
        451,
        2844
      ]
    },
    "INT": {
      "text": "",
      "image": "chart_rows/page_024/row_007/cells/INT.png",
      "image_tight": "chart_rows/page_024/row_007/cells/INT_tight.png",
      "bbox_pdf": [
        64.99938281575669,
        279.0701904296875,
        193.06974206492305,
        409.5701904296875
      ],
      "bbox_px_page": [
        451,
        1937,
        1340,
        2844
      ]
    },
    "Description": {
      "text": "Airport, Airfield",
      "image": "chart_rows/page_024/row_007/cells/Description.png",
      "image_tight": "chart_rows/page_024/row_007/cells/Description_tight.png",
      "bbox_pdf": [
        193.06974206492305,
        279.0701904296875,
        304.3567180633545,
        409.5701904296875
      ],
      "bbox_px_page": [
        1340,
        1937,
        2113,
        2844
      ]
    },
    "NOAA": {
      "text": "Airport",
      "image": "chart_rows/page_024/row_007/cells/NOAA.png",
      "image_tight": "chart_rows/page_024/row_007/cells/NOAA_tight.png",
      "bbox_pdf": [
        304.3567180633545,
        279.0701904296875,
        456.3229369148612,
        409.5701904296875
      ],
      "bbox_px_page": [
        2113,
        1937,
        3168,
        2844
      ]
    },
    "NGA": {
      "text": "",
      "image": "chart_rows/page_024/row_007/cells/NGA.png",
      "image_tight": "chart_rows/page_024/row_007/cells/NGA_tight.png",
      "bbox_pdf": [
        456.3229369148612,
        279.0701904296875,
        567.7757158279419,
        409.5701904296875
      ],
      "bbox_px_page": [
        3168,
        1937,
        3942,
        2844
      ]
    },
    "OtherNGA": {
      "text": "",
      "image": "chart_rows/page_024/row_007/cells/OtherNGA.png",
      "image_tight": "chart_rows/page_024/row_007/cells/OtherNGA_tight.png",
      "bbox_pdf": [
        567.7757158279419,
        279.0701904296875,
        651.92743146047,
        409.5701904296875
      ],
      "bbox_px_page": [
        3942,
        1937,
        4527,
        2844
      ]
    },
    "ECDIS": {
      "text": "Airport as a point Runway as a line Airport area, with runway area and visually conspicuous runway area",
      "image": "chart_rows/page_024/row_007/cells/ECDIS.png",
      "image_tight": "chart_rows/page_024/row_007/cells/ECDIS_tight.png",
      "bbox_pdf": [
        651.92743146047,
        279.0701904296875,
        737.734619140625,
        409.5701904296875
      ],
      "bbox_px_page": [
        4527,
        1937,
        5123,
        2844
      ]
    }
  }
}