{
  "id": "p040_r012",
  "page_number": 40,
  "row_index": 12,
  "no": "13",
  "row_text": "Mean Higher High Water",
  "row_image": "chart_rows/page_040/row_012/row.png",
  "cells": {
    "col_01": {
      "text": "13",
      "image": "chart_rows/page_040/row_012/cells/col_01.png",
      "image_tight": "chart_rows/page_040/row_012/cells/col_01_tight.png",
      "bbox_pdf": [
        36.07099914550781,
        349.8558883666992,
        99.07099914550781,
        369.2709045410156
      ],
      "bbox_px_page": [
        250,
        2429,
        687,
        2564
      ]
    },
    "col_02": {
      "text": "MHHW",
      "image": "chart_rows/page_040/row_012/cells/col_02.png",
      "image_tight": "chart_rows/page_040/row_012/cells/col_02_tight.png",
      "bbox_pdf": [
        99.07099914550781,
        349.8558883666992,
        184.5709991455078,
        369.2709045410156
      ],
      "bbox_px_page": [
        687,
        2429,
        1281,
        2564
      ]
    },
    "col_03": {
      "text": "Mean Higher High Water",
      "image": "chart_rows/page_040/row_012/cells/col_03.png",
      "image_tight": "chart_rows/page_040/row_012/cells/col_03_tight.png",
      "bbox_pdf": [
        184.5709991455078,
        349.8558883666992,
        364.5710144042969,
        369.2709045410156
      ],
      "bbox_px_page": [
        1281,
        2429,
        2531,
        2564
      ]
    },
    "col_04": {
      "text": "",
      "image": "chart_rows/page_040/row_012/cells/col_04.png",
      "image_tight": "chart_rows/page_040/row_012/cells/col_04_tight.png",
      "bbox_pdf": [
        364.5710144042969,
        349.8558883666992,
        387.0708923339844,
        369.2709045410156
      ],
      "bbox_px_page": [
        2531,
        2429,
        2687,
        2564
      ]
    },
    "col_05": {
      "text": "",
      "image": "chart_rows/page_040/row_012/cells/col_05.png",
      "image_tight": "chart_rows/page_040/row_012/cells/col_05_tight.png",
      "bbox_pdf": [
        387.0708923339844,
        349.8558883666992,
        738.0709228515625,
        369.2709045410156
      ],
      "bbox_px_page": [
        2687,
        2429,
        5125,
        2564
      ]
    }
  }
}