{
  "id": "p035_r007",
  "page_number": 35,
  "row_index": 7,
  "no": "23",
  "row_text": "Sli P li R",
  "row_image": "chart_rows/page_035/row_007/row.png",
  "cells": {
    "col_01": {
      "text": "23",
      "image": "chart_rows/page_035/row_007/cells/col_01.png",
      "image_tight": "chart_rows/page_035/row_007/cells/col_01_tight.png",
      "bbox_pdf": [
        54.07160186767578,
        301.6027606900316,
        83.0,
        334.5638198852539
      ],
      "bbox_px_page": [
        375,
        2094,
        576,
        2323
      ]
    },
    "col_02": {
      "text": "0",
      "image": "chart_rows/page_035/row_007/cells/col_02.png",
      "image_tight": "chart_rows/page_035/row_007/cells/col_02_tight.png",
      "bbox_pdf": [
        83.0,
        301.6027606900316,
        148.33418422937393,
        334.5638198852539
      ],
      "bbox_px_page": [
        576,
        2094,
        1030,
        2323
      ]
    },
    "col_03": {
      "text": "Slip 0",
      "image": "chart_rows/page_035/row_007/cells/col_03.png",
      "image_tight": "chart_rows/page_035/row_007/cells/col_03_tight.png",
      "bbox_pdf": [
        148.33418422937393,
        301.6027606900316,
        209.80630493164062,
        334.5638198852539
      ],
      "bbox_px_page": [
        1030,
        2094,
        1456,
        2323
      ]
    },
    "col_04": {
      "text": "Sli P li R",
      "image": "chart_rows/page_035/row_007/cells/col_04.png",
      "image_tight": "chart_rows/page_035/row_007/cells/col_04_tight.png",
      "bbox_pdf": [
        209.80630493164062,
        301.6027606900316,
        320.6000061035156,
        334.5638198852539
      ],
      "bbox_px_page": [
        1456,
        2094,
        2226,
        2323
      ]
    },
    "col_05": {
      "text": "",
      "image": "chart_rows/page_035/row_007/cells/col_05.png",
      "image_tight": "chart_rows/page_035/row_007/cells/col_05_tight.png",
      "bbox_pdf": [
        320.6000061035156,
        301.6027606900316,
        474.3236999511719,
        334.5638198852539
      ],
      "bbox_px_page": [
        2226,
        2094,
        3293,
        2323
      ]
    },
    "col_06": {
      "text": "",
      "image": "chart_rows/page_035/row_007/cells/col_06.png",
      "image_tight": "chart_rows/page_035/row_007/cells/col_06_tight.png",
      "bbox_pdf": [
        474.3236999511719,
        301.6027606900316,
        585.386962890625,
        334.5638198852539
      ],
      "bbox_px_page": [
        3293,
        2094,
        4065,
        2323
      ]
    },
    "col_07": {
      "text": "",
      "image": "chart_rows/page_035/row_007/cells/col_07.png",
      "image_tight": "chart_rows/page_035/row_007/cells/col_07_tight.png",
      "bbox_pdf": [
        585.386962890625,
        301.6027606900316,
        669.9257489442825,
        334.5638198852539
      ],
      "bbox_px_page": [
        4065,
        2094,
        4652,
        2323
      ]
    },
    "col_08": {
      "text": "Sli",
      "image": "chart_rows/page_035/row_007/cells/col_08.png",
      "image_tight": "chart_rows/page_035/row_007/cells/col_08_tight.png",
      "bbox_pdf": [
        669.9257489442825,
        301.6027606900316,
        755.734619140625,
        334.5638198852539
      ],
      "bbox_px_page": [
        4652,
        2094,
        5248,
        2323
      ]
    }
  }
}