{
  "id": "p032_r006",
  "page_number": 32,
  "row_index": 6,
  "no": "i",
  "row_text": "Gab GAB",
  "row_image": "chart_rows/page_032/row_006/row.png",
  "cells": {
    "No": {
      "text": "i",
      "image": "chart_rows/page_032/row_006/cells/No.png",
      "image_tight": "chart_rows/page_032/row_006/cells/No_tight.png",
      "bbox_pdf": [
        36.07160186767578,
        200.30218505859375,
        64.99938281575669,
        222.34860229492188
      ],
      "bbox_px_page": [
        250,
        1390,
        451,
        1544
      ]
    },
    "INT": {
      "text": "",
      "image": "chart_rows/page_032/row_006/cells/INT.png",
      "image_tight": "chart_rows/page_032/row_006/cells/INT_tight.png",
      "bbox_pdf": [
        64.99938281575669,
        200.30218505859375,
        193.06974206492305,
        222.34860229492188
      ],
      "bbox_px_page": [
        451,
        1390,
        1340,
        1544
      ]
    },
    "Description": {
      "text": "Gable",
      "image": "chart_rows/page_032/row_006/cells/Description.png",
      "image_tight": "chart_rows/page_032/row_006/cells/Description_tight.png",
      "bbox_pdf": [
        193.06974206492305,
        200.30218505859375,
        304.3567180633545,
        222.34860229492188
      ],
      "bbox_px_page": [
        1340,
        1390,
        2113,
        1544
      ]
    },
    "NOAA": {
      "text": "Gab GAB",
      "image": "chart_rows/page_032/row_006/cells/NOAA.png",
      "image_tight": "chart_rows/page_032/row_006/cells/NOAA_tight.png",
      "bbox_pdf": [
        304.3567180633545,
        200.30218505859375,
        456.3229369148612,
        222.34860229492188
      ],
      "bbox_px_page": [
        2113,
        1390,
        3168,
        1544
      ]
    },
    "NGA": {
      "text": "",
      "image": "chart_rows/page_032/row_006/cells/NGA.png",
      "image_tight": "chart_rows/page_032/row_006/cells/NGA_tight.png",
      "bbox_pdf": [
        456.3229369148612,
        200.30218505859375,
        567.7757158279419,
        222.34860229492188
      ],
      "bbox_px_page": [
        3168,
        1390,
        3942,
        1544
      ]
    },
    "OtherNGA": {
      "text": "",
      "image": "chart_rows/page_032/row_006/cells/OtherNGA.png",
      "image_tight": "chart_rows/page_032/row_006/cells/OtherNGA_tight.png",
      "bbox_pdf": [
        567.7757158279419,
        200.30218505859375,
        651.92743146047,
        222.34860229492188
      ],
      "bbox_px_page": [
        3942,
        1390,
        4527,
        1544
      ]
    },
    "ECDIS": {
      "text": "",
      "image": "chart_rows/page_032/row_006/cells/ECDIS.png",
      "image_tight": "chart_rows/page_032/row_006/cells/ECDIS_tight.png",
      "bbox_pdf": [
        651.92743146047,
        200.30218505859375,
        737.734619140625,
        222.34860229492188
      ],
      "bbox_px_page": [
        4527,
        1390,
        5123,
        1544
      ]
    }
  }
}