{
  "id": "p018_r004",
  "page_number": 18,
  "row_index": 4,
  "no": "3",
  "row_text": "Presence of cliffs coincident with coastline is obtained by cursor pick Sloping ground crest line distant from coastline, radar or visually conspicuous Cliff as an area",
  "row_image": "chart_rows/page_018/row_004/row.png",
  "cells": {
    "No": {
      "text": "3",
      "image": "chart_rows/page_018/row_004/cells/No.png",
      "image_tight": "chart_rows/page_018/row_004/cells/No_tight.png",
      "bbox_pdf": [
        36.07160186767578,
        220.5636763945222,
        64.99938281575669,
        352.97840881347656
      ],
      "bbox_px_page": [
        250,
        1531,
        451,
        2451
      ]
    },
    "INT": {
      "text": "",
      "image": "chart_rows/page_018/row_004/cells/INT.png",
      "image_tight": "chart_rows/page_018/row_004/cells/INT_tight.png",
      "bbox_pdf": [
        64.99938281575669,
        220.5636763945222,
        193.06974206492305,
        352.97840881347656
      ],
      "bbox_px_page": [
        451,
        1531,
        1340,
        2451
      ]
    },
    "Description": {
      "text": "Cliffs, Steep coast",
      "image": "chart_rows/page_018/row_004/cells/Description.png",
      "image_tight": "chart_rows/page_018/row_004/cells/Description_tight.png",
      "bbox_pdf": [
        193.06974206492305,
        220.5636763945222,
        304.3567180633545,
        352.97840881347656
      ],
      "bbox_px_page": [
        1340,
        1531,
        2113,
        2451
      ]
    },
    "NOAA": {
      "text": "high low † †",
      "image": "chart_rows/page_018/row_004/cells/NOAA.png",
      "image_tight": "chart_rows/page_018/row_004/cells/NOAA_tight.png",
      "bbox_pdf": [
        304.3567180633545,
        220.5636763945222,
        456.3229369148612,
        352.97840881347656
      ],
      "bbox_px_page": [
        2113,
        1531,
        3168,
        2451
      ]
    },
    "NGA": {
      "text": "",
      "image": "chart_rows/page_018/row_004/cells/NGA.png",
      "image_tight": "chart_rows/page_018/row_004/cells/NGA_tight.png",
      "bbox_pdf": [
        456.3229369148612,
        220.5636763945222,
        567.7757158279419,
        352.97840881347656
      ],
      "bbox_px_page": [
        3168,
        1531,
        3942,
        2451
      ]
    },
    "OtherNGA": {
      "text": "",
      "image": "chart_rows/page_018/row_004/cells/OtherNGA.png",
      "image_tight": "chart_rows/page_018/row_004/cells/OtherNGA_tight.png",
      "bbox_pdf": [
        567.7757158279419,
        220.5636763945222,
        651.92743146047,
        352.97840881347656
      ],
      "bbox_px_page": [
        3942,
        1531,
        4527,
        2451
      ]
    },
    "ECDIS": {
      "text": "Presence of cliffs coincident with coastline is obtained by cursor pick Sloping ground crest line distant from coastline, radar or visually conspicuous Cliff as an area",
      "image": "chart_rows/page_018/row_004/cells/ECDIS.png",
      "image_tight": "chart_rows/page_018/row_004/cells/ECDIS_tight.png",
      "bbox_pdf": [
        651.92743146047,
        220.5636763945222,
        737.734619140625,
        352.97840881347656
      ],
      "bbox_px_page": [
        4527,
        1531,
        5123,
        2451
      ]
    }
  }
}