{
  "id": "p043_r011",
  "page_number": 43,
  "row_index": 11,
  "no": "o",
  "row_text": "Knots",
  "row_image": "chart_rows/page_043/row_011/row.png",
  "cells": {
    "col_01": {
      "text": "o",
      "image": "chart_rows/page_043/row_011/cells/col_01.png",
      "image_tight": "chart_rows/page_043/row_011/cells/col_01_tight.png",
      "bbox_pdf": [
        53.89714285714286,
        387.1807861328125,
        82.90285714285714,
        405.627197265625
      ],
      "bbox_px_page": [
        374,
        2688,
        575,
        2816
      ]
    },
    "col_02": {
      "text": "",
      "image": "chart_rows/page_043/row_011/cells/col_02.png",
      "image_tight": "chart_rows/page_043/row_011/cells/col_02_tight.png",
      "bbox_pdf": [
        82.90285714285714,
        387.1807861328125,
        209.62285714285716,
        405.627197265625
      ],
      "bbox_px_page": [
        575,
        2688,
        1455,
        2816
      ]
    },
    "col_03": {
      "text": "Knots",
      "image": "chart_rows/page_043/row_011/cells/col_03.png",
      "image_tight": "chart_rows/page_043/row_011/cells/col_03_tight.png",
      "bbox_pdf": [
        209.62285714285716,
        387.1807861328125,
        320.5028571428572,
        405.627197265625
      ],
      "bbox_px_page": [
        1455,
        2688,
        2225,
        2816
      ]
    },
    "col_04": {
      "text": "kn",
      "image": "chart_rows/page_043/row_011/cells/col_04.png",
      "image_tight": "chart_rows/page_043/row_011/cells/col_04_tight.png",
      "bbox_pdf": [
        320.5028571428572,
        387.1807861328125,
        474.17142857142863,
        405.627197265625
      ],
      "bbox_px_page": [
        2225,
        2688,
        3292,
        2816
      ]
    },
    "col_05": {
      "text": "",
      "image": "chart_rows/page_043/row_011/cells/col_05.png",
      "image_tight": "chart_rows/page_043/row_011/cells/col_05_tight.png",
      "bbox_pdf": [
        474.17142857142863,
        387.1807861328125,
        584.0228571428572,
        405.627197265625
      ],
      "bbox_px_page": [
        3292,
        2688,
        4055,
        2816
      ]
    },
    "col_06": {
      "text": "",
      "image": "chart_rows/page_043/row_011/cells/col_06.png",
      "image_tight": "chart_rows/page_043/row_011/cells/col_06_tight.png",
      "bbox_pdf": [
        584.0228571428572,
        387.1807861328125,
        755.5885714285715,
        405.627197265625
      ],
      "bbox_px_page": [
        4055,
        2688,
        5247,
        2816
      ]
    }
  }
}