{
  "id": "p054_r002",
  "page_number": 54,
  "row_index": 2,
  "no": "13",
  "row_text": "Dangerous underwater rock of uncertain depth Isolated danger of depth less than the safety contour",
  "row_image": "chart_rows/page_054/row_002/row.png",
  "cells": {
    "No": {
      "text": "13",
      "image": "chart_rows/page_054/row_002/cells/No.png",
      "image_tight": "chart_rows/page_054/row_002/cells/No_tight.png",
      "bbox_pdf": [
        36.07160186767578,
        182.32339477539062,
        64.99938281575669,
        242.74508666992188
      ],
      "bbox_px_page": [
        250,
        1266,
        451,
        1685
      ]
    },
    "INT": {
      "text": "",
      "image": "chart_rows/page_054/row_002/cells/INT.png",
      "image_tight": "chart_rows/page_054/row_002/cells/INT_tight.png",
      "bbox_pdf": [
        64.99938281575669,
        182.32339477539062,
        193.06974206492305,
        242.74508666992188
      ],
      "bbox_px_page": [
        451,
        1266,
        1340,
        1685
      ]
    },
    "Description": {
      "text": "Underwater rock of unknown depth, dangerous to surface navigation",
      "image": "chart_rows/page_054/row_002/cells/Description.png",
      "image_tight": "chart_rows/page_054/row_002/cells/Description_tight.png",
      "bbox_pdf": [
        193.06974206492305,
        182.32339477539062,
        304.3567180633545,
        242.74508666992188
      ],
      "bbox_px_page": [
        1340,
        1266,
        2113,
        1685
      ]
    },
    "NOAA": {
      "text": "",
      "image": "chart_rows/page_054/row_002/cells/NOAA.png",
      "image_tight": "chart_rows/page_054/row_002/cells/NOAA_tight.png",
      "bbox_pdf": [
        304.3567180633545,
        182.32339477539062,
        456.3229369148612,
        242.74508666992188
      ],
      "bbox_px_page": [
        2113,
        1266,
        3168,
        1685
      ]
    },
    "NGA": {
      "text": "",
      "image": "chart_rows/page_054/row_002/cells/NGA.png",
      "image_tight": "chart_rows/page_054/row_002/cells/NGA_tight.png",
      "bbox_pdf": [
        456.3229369148612,
        182.32339477539062,
        567.7757158279419,
        242.74508666992188
      ],
      "bbox_px_page": [
        3168,
        1266,
        3942,
        1685
      ]
    },
    "OtherNGA": {
      "text": "",
      "image": "chart_rows/page_054/row_002/cells/OtherNGA.png",
      "image_tight": "chart_rows/page_054/row_002/cells/OtherNGA_tight.png",
      "bbox_pdf": [
        567.7757158279419,
        182.32339477539062,
        651.92743146047,
        242.74508666992188
      ],
      "bbox_px_page": [
        3942,
        1266,
        4527,
        1685
      ]
    },
    "ECDIS": {
      "text": "Dangerous underwater rock of uncertain depth Isolated danger of depth less than the safety contour",
      "image": "chart_rows/page_054/row_002/cells/ECDIS.png",
      "image_tight": "chart_rows/page_054/row_002/cells/ECDIS_tight.png",
      "bbox_pdf": [
        651.92743146047,
        182.32339477539062,
        737.734619140625,
        242.74508666992188
      ],
      "bbox_px_page": [
        4527,
        1266,
        5123,
        1685
      ]
    }
  }
}