{
  "id": "p026_r004",
  "page_number": 26,
  "row_index": 4,
  "no": "a",
  "row_text": "Note D26.2: The safe vertical clearance The reduction is variable and depends up",
  "row_image": "chart_rows/page_026/row_004/row.png",
  "cells": {
    "No": {
      "text": "—",
      "image": "chart_rows/page_026/row_004/cells/No.png",
      "image_tight": "chart_rows/page_026/row_004/cells/No_tight.png",
      "bbox_pdf": [
        36.07160186767578,
        279.0701904296875,
        64.99938281575669,
        301.8661346435547
      ],
      "bbox_px_page": [
        250,
        1937,
        451,
        2096
      ]
    },
    "INT": {
      "text": "Note D26.2: The safe vertical clearance The reduction is variable and depends up",
      "image": "chart_rows/page_026/row_004/cells/INT.png",
      "image_tight": "chart_rows/page_026/row_004/cells/INT_tight.png",
      "bbox_pdf": [
        64.99938281575669,
        279.0701904296875,
        193.06974206492305,
        301.8661346435547
      ],
      "bbox_px_page": [
        451,
        1937,
        1340,
        2096
      ]
    },
    "Description": {
      "text": "defined by the responsible authority, pon the transmission voltage. See H2",
      "image": "chart_rows/page_026/row_004/cells/Description.png",
      "image_tight": "chart_rows/page_026/row_004/cells/Description_tight.png",
      "bbox_pdf": [
        193.06974206492305,
        279.0701904296875,
        304.3567180633545,
        301.8661346435547
      ],
      "bbox_px_page": [
        1340,
        1937,
        2113,
        2096
      ]
    },
    "NOAA": {
      "text": ", to avoid risk of electrical discharge, has been ob 20.",
      "image": "chart_rows/page_026/row_004/cells/NOAA.png",
      "image_tight": "chart_rows/page_026/row_004/cells/NOAA_tight.png",
      "bbox_pdf": [
        304.3567180633545,
        279.0701904296875,
        456.3229369148612,
        301.8661346435547
      ],
      "bbox_px_page": [
        2113,
        1937,
        3168,
        2096
      ]
    },
    "NGA": {
      "text": "btained by applying a reduction to the",
      "image": "chart_rows/page_026/row_004/cells/NGA.png",
      "image_tight": "chart_rows/page_026/row_004/cells/NGA_tight.png",
      "bbox_pdf": [
        456.3229369148612,
        279.0701904296875,
        567.7757158279419,
        301.8661346435547
      ],
      "bbox_px_page": [
        3168,
        1937,
        3942,
        2096
      ]
    },
    "OtherNGA": {
      "text": "e physical vertical clearance",
      "image": "chart_rows/page_026/row_004/cells/OtherNGA.png",
      "image_tight": "chart_rows/page_026/row_004/cells/OtherNGA_tight.png",
      "bbox_pdf": [
        567.7757158279419,
        279.0701904296875,
        651.92743146047,
        301.8661346435547
      ],
      "bbox_px_page": [
        3942,
        1937,
        4527,
        2096
      ]
    },
    "ECDIS": {
      "text": "e of the cable.",
      "image": "chart_rows/page_026/row_004/cells/ECDIS.png",
      "image_tight": "chart_rows/page_026/row_004/cells/ECDIS_tight.png",
      "bbox_pdf": [
        651.92743146047,
        279.0701904296875,
        737.734619140625,
        301.8661346435547
      ],
      "bbox_px_page": [
        4527,
        1937,
        5123,
        2096
      ]
    }
  }
}