{
  "id": "p035_r010",
  "page_number": 35,
  "row_index": 10,
  "no": "25",
  "row_text": "Dry dock, Graving dock",
  "row_image": "chart_rows/page_035/row_010/row.png",
  "cells": {
    "col_01": {
      "text": "25",
      "image": "chart_rows/page_035/row_010/cells/col_01.png",
      "image_tight": "chart_rows/page_035/row_010/cells/col_01_tight.png",
      "bbox_pdf": [
        54.07160186767578,
        409.7536315917969,
        83.0,
        440.57684326171875
      ],
      "bbox_px_page": [
        375,
        2845,
        576,
        3059
      ]
    },
    "col_02": {
      "text": "",
      "image": "chart_rows/page_035/row_010/cells/col_02.png",
      "image_tight": "chart_rows/page_035/row_010/cells/col_02_tight.png",
      "bbox_pdf": [
        83.0,
        409.7536315917969,
        148.33418422937393,
        440.57684326171875
      ],
      "bbox_px_page": [
        576,
        2845,
        1030,
        3059
      ]
    },
    "col_03": {
      "text": "",
      "image": "chart_rows/page_035/row_010/cells/col_03.png",
      "image_tight": "chart_rows/page_035/row_010/cells/col_03_tight.png",
      "bbox_pdf": [
        148.33418422937393,
        409.7536315917969,
        209.80630493164062,
        440.57684326171875
      ],
      "bbox_px_page": [
        1030,
        2845,
        1456,
        3059
      ]
    },
    "col_04": {
      "text": "Dry dock, Graving dock",
      "image": "chart_rows/page_035/row_010/cells/col_04.png",
      "image_tight": "chart_rows/page_035/row_010/cells/col_04_tight.png",
      "bbox_pdf": [
        209.80630493164062,
        409.7536315917969,
        320.6000061035156,
        440.57684326171875
      ],
      "bbox_px_page": [
        1456,
        2845,
        2226,
        3059
      ]
    },
    "col_05": {
      "text": "",
      "image": "chart_rows/page_035/row_010/cells/col_05.png",
      "image_tight": "chart_rows/page_035/row_010/cells/col_05_tight.png",
      "bbox_pdf": [
        320.6000061035156,
        409.7536315917969,
        474.3236999511719,
        440.57684326171875
      ],
      "bbox_px_page": [
        2226,
        2845,
        3293,
        3059
      ]
    },
    "col_06": {
      "text": "",
      "image": "chart_rows/page_035/row_010/cells/col_06.png",
      "image_tight": "chart_rows/page_035/row_010/cells/col_06_tight.png",
      "bbox_pdf": [
        474.3236999511719,
        409.7536315917969,
        585.386962890625,
        440.57684326171875
      ],
      "bbox_px_page": [
        3293,
        2845,
        4065,
        3059
      ]
    },
    "col_07": {
      "text": "",
      "image": "chart_rows/page_035/row_010/cells/col_07.png",
      "image_tight": "chart_rows/page_035/row_010/cells/col_07_tight.png",
      "bbox_pdf": [
        585.386962890625,
        409.7536315917969,
        669.9257489442825,
        440.57684326171875
      ],
      "bbox_px_page": [
        4065,
        2845,
        4652,
        3059
      ]
    },
    "col_08": {
      "text": "Dry dock",
      "image": "chart_rows/page_035/row_010/cells/col_08.png",
      "image_tight": "chart_rows/page_035/row_010/cells/col_08_tight.png",
      "bbox_pdf": [
        669.9257489442825,
        409.7536315917969,
        755.734619140625,
        440.57684326171875
      ],
      "bbox_px_page": [
        4652,
        2845,
        5248,
        3059
      ]
    }
  }
}