{
  "id": "p043_r012",
  "page_number": 43,
  "row_index": 12,
  "no": "p",
  "row_text": "Height",
  "row_image": "chart_rows/page_043/row_012/row.png",
  "cells": {
    "col_01": {
      "text": "p",
      "image": "chart_rows/page_043/row_012/cells/col_01.png",
      "image_tight": "chart_rows/page_043/row_012/cells/col_01_tight.png",
      "bbox_pdf": [
        53.89714285714286,
        405.627197265625,
        82.90285714285714,
        424.073486328125
      ],
      "bbox_px_page": [
        374,
        2816,
        575,
        2944
      ]
    },
    "col_02": {
      "text": "",
      "image": "chart_rows/page_043/row_012/cells/col_02.png",
      "image_tight": "chart_rows/page_043/row_012/cells/col_02_tight.png",
      "bbox_pdf": [
        82.90285714285714,
        405.627197265625,
        209.62285714285716,
        424.073486328125
      ],
      "bbox_px_page": [
        575,
        2816,
        1455,
        2944
      ]
    },
    "col_03": {
      "text": "Height",
      "image": "chart_rows/page_043/row_012/cells/col_03.png",
      "image_tight": "chart_rows/page_043/row_012/cells/col_03_tight.png",
      "bbox_pdf": [
        209.62285714285716,
        405.627197265625,
        320.5028571428572,
        424.073486328125
      ],
      "bbox_px_page": [
        1455,
        2816,
        2225,
        2944
      ]
    },
    "col_04": {
      "text": "ht",
      "image": "chart_rows/page_043/row_012/cells/col_04.png",
      "image_tight": "chart_rows/page_043/row_012/cells/col_04_tight.png",
      "bbox_pdf": [
        320.5028571428572,
        405.627197265625,
        474.17142857142863,
        424.073486328125
      ],
      "bbox_px_page": [
        2225,
        2816,
        3292,
        2944
      ]
    },
    "col_05": {
      "text": "",
      "image": "chart_rows/page_043/row_012/cells/col_05.png",
      "image_tight": "chart_rows/page_043/row_012/cells/col_05_tight.png",
      "bbox_pdf": [
        474.17142857142863,
        405.627197265625,
        584.0228571428572,
        424.073486328125
      ],
      "bbox_px_page": [
        3292,
        2816,
        4055,
        2944
      ]
    },
    "col_06": {
      "text": "",
      "image": "chart_rows/page_043/row_012/cells/col_06.png",
      "image_tight": "chart_rows/page_043/row_012/cells/col_06_tight.png",
      "bbox_pdf": [
        584.0228571428572,
        405.627197265625,
        755.5885714285715,
        424.073486328125
      ],
      "bbox_px_page": [
        4055,
        2816,
        5247,
        2944
      ]
    }
  }
}