{
  "id": "p029_r012",
  "page_number": 29,
  "row_index": 12,
  "no": "10.4",
  "row_text": "Church cupola (dome)",
  "row_image": "chart_rows/page_029/row_012/row.png",
  "cells": {
    "No": {
      "text": "10.4",
      "image": "chart_rows/page_029/row_012/cells/No.png",
      "image_tight": "chart_rows/page_029/row_012/cells/No_tight.png",
      "bbox_pdf": [
        54.07160186767578,
        517.45556640625,
        82.99796140193939,
        546.7020263671875
      ],
      "bbox_px_page": [
        375,
        3593,
        576,
        3796
      ]
    },
    "INT": {
      "text": "",
      "image": "chart_rows/page_029/row_012/cells/INT.png",
      "image_tight": "chart_rows/page_029/row_012/cells/INT_tight.png",
      "bbox_pdf": [
        82.99796140193939,
        517.45556640625,
        211.40581703186035,
        546.7020263671875
      ],
      "bbox_px_page": [
        576,
        3593,
        1468,
        3796
      ]
    },
    "Description": {
      "text": "Church cupola (dome)",
      "image": "chart_rows/page_029/row_012/cells/Description.png",
      "image_tight": "chart_rows/page_029/row_012/cells/Description_tight.png",
      "bbox_pdf": [
        211.40581703186035,
        517.45556640625,
        320.6000061035156,
        546.7020263671875
      ],
      "bbox_px_page": [
        1468,
        3593,
        2226,
        3796
      ]
    },
    "NOAA": {
      "text": "Cup CUPOLA",
      "image": "chart_rows/page_029/row_012/cells/NOAA.png",
      "image_tight": "chart_rows/page_029/row_012/cells/NOAA_tight.png",
      "bbox_pdf": [
        320.6000061035156,
        517.45556640625,
        474.3236999511719,
        546.7020263671875
      ],
      "bbox_px_page": [
        2226,
        3593,
        3293,
        3796
      ]
    },
    "NGA": {
      "text": "",
      "image": "chart_rows/page_029/row_012/cells/NGA.png",
      "image_tight": "chart_rows/page_029/row_012/cells/NGA_tight.png",
      "bbox_pdf": [
        474.3236999511719,
        517.45556640625,
        585.5497436523438,
        546.7020263671875
      ],
      "bbox_px_page": [
        3293,
        3593,
        4066,
        3796
      ]
    },
    "OtherNGA": {
      "text": "",
      "image": "chart_rows/page_029/row_012/cells/OtherNGA.png",
      "image_tight": "chart_rows/page_029/row_012/cells/OtherNGA_tight.png",
      "bbox_pdf": [
        585.5497436523438,
        517.45556640625,
        669.9003596305847,
        546.7020263671875
      ],
      "bbox_px_page": [
        4066,
        3593,
        4652,
        3796
      ]
    },
    "ECDIS": {
      "text": "",
      "image": "chart_rows/page_029/row_012/cells/ECDIS.png",
      "image_tight": "chart_rows/page_029/row_012/cells/ECDIS_tight.png",
      "bbox_pdf": [
        669.9003596305847,
        517.45556640625,
        755.734619140625,
        546.7020263671875
      ],
      "bbox_px_page": [
        4652,
        3593,
        5248,
        3796
      ]
    }
  }
}