{
  "id": "p022_r011",
  "page_number": 22,
  "row_index": 11,
  "no": "p",
  "row_text": "Apparent shoreline",
  "row_image": "chart_rows/page_022/row_011/row.png",
  "cells": {
    "col_01": {
      "text": "p",
      "image": "chart_rows/page_022/row_011/cells/col_01.png",
      "image_tight": "chart_rows/page_022/row_011/cells/col_01_tight.png",
      "bbox_pdf": [
        36.07160186767578,
        396.41021728515625,
        65.0,
        429.256591796875
      ],
      "bbox_px_page": [
        250,
        2752,
        451,
        2980
      ]
    },
    "col_02": {
      "text": "",
      "image": "chart_rows/page_022/row_011/cells/col_02.png",
      "image_tight": "chart_rows/page_022/row_011/cells/col_02_tight.png",
      "bbox_pdf": [
        65.0,
        396.41021728515625,
        191.80630493164062,
        429.256591796875
      ],
      "bbox_px_page": [
        451,
        2752,
        1331,
        2980
      ]
    },
    "col_03": {
      "text": "Apparent shoreline",
      "image": "chart_rows/page_022/row_011/cells/col_03.png",
      "image_tight": "chart_rows/page_022/row_011/cells/col_03_tight.png",
      "bbox_pdf": [
        191.80630493164062,
        396.41021728515625,
        304.19958686828613,
        429.256591796875
      ],
      "bbox_px_page": [
        1331,
        2752,
        2112,
        2980
      ]
    },
    "col_04": {
      "text": "Marsh",
      "image": "chart_rows/page_022/row_011/cells/col_04.png",
      "image_tight": "chart_rows/page_022/row_011/cells/col_04_tight.png",
      "bbox_pdf": [
        304.19958686828613,
        396.41021728515625,
        456.3236818741643,
        429.256591796875
      ],
      "bbox_px_page": [
        2112,
        2752,
        3168,
        2980
      ]
    },
    "col_05": {
      "text": "",
      "image": "chart_rows/page_022/row_011/cells/col_05.png",
      "image_tight": "chart_rows/page_022/row_011/cells/col_05_tight.png",
      "bbox_pdf": [
        456.3236818741643,
        396.41021728515625,
        566.1237182617188,
        429.256591796875
      ],
      "bbox_px_page": [
        3168,
        2752,
        3931,
        2980
      ]
    },
    "col_06": {
      "text": "",
      "image": "chart_rows/page_022/row_011/cells/col_06.png",
      "image_tight": "chart_rows/page_022/row_011/cells/col_06_tight.png",
      "bbox_pdf": [
        566.1237182617188,
        396.41021728515625,
        737.734619140625,
        429.256591796875
      ],
      "bbox_px_page": [
        3931,
        2752,
        5123,
        2980
      ]
    }
  }
}