{
  "id": "p019_r004",
  "page_number": 19,
  "row_index": 4,
  "no": "12",
  "row_text": "Approximate contour lines with values and approximate height",
  "row_image": "chart_rows/page_019/row_004/row.png",
  "cells": {
    "No": {
      "text": "12",
      "image": "chart_rows/page_019/row_004/cells/No.png",
      "image_tight": "chart_rows/page_019/row_004/cells/No_tight.png",
      "bbox_pdf": [
        54.07160186767578,
        236.539794921875,
        82.99796140193939,
        296.17059326171875
      ],
      "bbox_px_page": [
        375,
        1642,
        576,
        2056
      ]
    },
    "INT": {
      "text": "",
      "image": "chart_rows/page_019/row_004/cells/INT.png",
      "image_tight": "chart_rows/page_019/row_004/cells/INT_tight.png",
      "bbox_pdf": [
        82.99796140193939,
        236.539794921875,
        211.40581703186035,
        296.17059326171875
      ],
      "bbox_px_page": [
        576,
        1642,
        1468,
        2056
      ]
    },
    "Description": {
      "text": "Approximate contour lines with values and approximate height",
      "image": "chart_rows/page_019/row_004/cells/Description.png",
      "image_tight": "chart_rows/page_019/row_004/cells/Description_tight.png",
      "bbox_pdf": [
        211.40581703186035,
        236.539794921875,
        320.6000061035156,
        296.17059326171875
      ],
      "bbox_px_page": [
        1468,
        1642,
        2226,
        2056
      ]
    },
    "NOAA": {
      "text": "",
      "image": "chart_rows/page_019/row_004/cells/NOAA.png",
      "image_tight": "chart_rows/page_019/row_004/cells/NOAA_tight.png",
      "bbox_pdf": [
        320.6000061035156,
        236.539794921875,
        474.3236999511719,
        296.17059326171875
      ],
      "bbox_px_page": [
        2226,
        1642,
        3293,
        2056
      ]
    },
    "NGA": {
      "text": "",
      "image": "chart_rows/page_019/row_004/cells/NGA.png",
      "image_tight": "chart_rows/page_019/row_004/cells/NGA_tight.png",
      "bbox_pdf": [
        474.3236999511719,
        236.539794921875,
        585.5497436523438,
        296.17059326171875
      ],
      "bbox_px_page": [
        3293,
        1642,
        4066,
        2056
      ]
    },
    "OtherNGA": {
      "text": "",
      "image": "chart_rows/page_019/row_004/cells/OtherNGA.png",
      "image_tight": "chart_rows/page_019/row_004/cells/OtherNGA_tight.png",
      "bbox_pdf": [
        585.5497436523438,
        236.539794921875,
        669.9003596305847,
        296.17059326171875
      ],
      "bbox_px_page": [
        4066,
        1642,
        4652,
        2056
      ]
    },
    "ECDIS": {
      "text": "Elevation contour with spot height, contour",
      "image": "chart_rows/page_019/row_004/cells/ECDIS.png",
      "image_tight": "chart_rows/page_019/row_004/cells/ECDIS_tight.png",
      "bbox_pdf": [
        669.9003596305847,
        236.539794921875,
        755.734619140625,
        296.17059326171875
      ],
      "bbox_px_page": [
        4652,
        1642,
        5248,
        2056
      ]
    }
  }
}