{
  "id": "p025_r006",
  "page_number": 25,
  "row_index": 6,
  "no": "23 5",
  "row_text": "clr 20.0 clr 20 0",
  "row_image": "chart_rows/page_025/row_006/row.png",
  "cells": {
    "No": {
      "text": "23 5",
      "image": "chart_rows/page_025/row_006/cells/No.png",
      "image_tight": "chart_rows/page_025/row_006/cells/No_tight.png",
      "bbox_pdf": [
        54.07160186767578,
        351.0701904296875,
        82.99796140193939,
        378.0701017379761
      ],
      "bbox_px_page": [
        375,
        2437,
        576,
        2625
      ]
    },
    "INT": {
      "text": "",
      "image": "chart_rows/page_025/row_006/cells/INT.png",
      "image_tight": "chart_rows/page_025/row_006/cells/INT_tight.png",
      "bbox_pdf": [
        82.99796140193939,
        351.0701904296875,
        211.40581703186035,
        378.0701017379761
      ],
      "bbox_px_page": [
        576,
        2437,
        1468,
        2625
      ]
    },
    "Description": {
      "text": "Pontoon bridge",
      "image": "chart_rows/page_025/row_006/cells/Description.png",
      "image_tight": "chart_rows/page_025/row_006/cells/Description_tight.png",
      "bbox_pdf": [
        211.40581703186035,
        351.0701904296875,
        320.6000061035156,
        378.0701017379761
      ],
      "bbox_px_page": [
        1468,
        2437,
        2226,
        2625
      ]
    },
    "NOAA": {
      "text": "",
      "image": "chart_rows/page_025/row_006/cells/NOAA.png",
      "image_tight": "chart_rows/page_025/row_006/cells/NOAA_tight.png",
      "bbox_pdf": [
        320.6000061035156,
        351.0701904296875,
        474.3236999511719,
        378.0701017379761
      ],
      "bbox_px_page": [
        2226,
        2437,
        3293,
        2625
      ]
    },
    "NGA": {
      "text": "",
      "image": "chart_rows/page_025/row_006/cells/NGA.png",
      "image_tight": "chart_rows/page_025/row_006/cells/NGA_tight.png",
      "bbox_pdf": [
        474.3236999511719,
        351.0701904296875,
        585.5497436523438,
        378.0701017379761
      ],
      "bbox_px_page": [
        3293,
        2437,
        4066,
        2625
      ]
    },
    "OtherNGA": {
      "text": "clr 20.0 clr 20 0",
      "image": "chart_rows/page_025/row_006/cells/OtherNGA.png",
      "image_tight": "chart_rows/page_025/row_006/cells/OtherNGA_tight.png",
      "bbox_pdf": [
        585.5497436523438,
        351.0701904296875,
        669.9003596305847,
        378.0701017379761
      ],
      "bbox_px_page": [
        4066,
        2437,
        4652,
        2625
      ]
    },
    "ECDIS": {
      "text": "Bridge",
      "image": "chart_rows/page_025/row_006/cells/ECDIS.png",
      "image_tight": "chart_rows/page_025/row_006/cells/ECDIS_tight.png",
      "bbox_pdf": [
        669.9003596305847,
        351.0701904296875,
        755.734619140625,
        378.0701017379761
      ],
      "bbox_px_page": [
        4652,
        2437,
        5248,
        2625
      ]
    }
  }
}