{
  "id": "p023_r011",
  "page_number": 23,
  "row_index": 11,
  "no": "10",
  "row_text": "Road, track or path as a line",
  "row_image": "chart_rows/page_023/row_011/row.png",
  "cells": {
    "col_01": {
      "text": "10",
      "image": "chart_rows/page_023/row_011/cells/col_01.png",
      "image_tight": "chart_rows/page_023/row_011/cells/col_01_tight.png",
      "bbox_pdf": [
        54.07160186767578,
        438.62188720703125,
        83.0,
        475.7955017089844
      ],
      "bbox_px_page": [
        375,
        3045,
        576,
        3304
      ]
    },
    "col_02": {
      "text": "",
      "image": "chart_rows/page_023/row_011/cells/col_02.png",
      "image_tight": "chart_rows/page_023/row_011/cells/col_02_tight.png",
      "bbox_pdf": [
        83.0,
        438.62188720703125,
        148.33418422937393,
        475.7955017089844
      ],
      "bbox_px_page": [
        576,
        3045,
        1030,
        3304
      ]
    },
    "col_03": {
      "text": "",
      "image": "chart_rows/page_023/row_011/cells/col_03.png",
      "image_tight": "chart_rows/page_023/row_011/cells/col_03_tight.png",
      "bbox_pdf": [
        148.33418422937393,
        438.62188720703125,
        209.80630493164062,
        475.7955017089844
      ],
      "bbox_px_page": [
        1030,
        3045,
        1456,
        3304
      ]
    },
    "col_04": {
      "text": "Motorway, highway",
      "image": "chart_rows/page_023/row_011/cells/col_04.png",
      "image_tight": "chart_rows/page_023/row_011/cells/col_04_tight.png",
      "bbox_pdf": [
        209.80630493164062,
        438.62188720703125,
        320.6000061035156,
        475.7955017089844
      ],
      "bbox_px_page": [
        1456,
        3045,
        2226,
        3304
      ]
    },
    "col_05": {
      "text": "",
      "image": "chart_rows/page_023/row_011/cells/col_05.png",
      "image_tight": "chart_rows/page_023/row_011/cells/col_05_tight.png",
      "bbox_pdf": [
        320.6000061035156,
        438.62188720703125,
        474.3236999511719,
        475.7955017089844
      ],
      "bbox_px_page": [
        2226,
        3045,
        3293,
        3304
      ]
    },
    "col_06": {
      "text": "",
      "image": "chart_rows/page_023/row_011/cells/col_06.png",
      "image_tight": "chart_rows/page_023/row_011/cells/col_06_tight.png",
      "bbox_pdf": [
        474.3236999511719,
        438.62188720703125,
        585.386962890625,
        475.7955017089844
      ],
      "bbox_px_page": [
        3293,
        3045,
        4065,
        3304
      ]
    },
    "col_07": {
      "text": "",
      "image": "chart_rows/page_023/row_011/cells/col_07.png",
      "image_tight": "chart_rows/page_023/row_011/cells/col_07_tight.png",
      "bbox_pdf": [
        585.386962890625,
        438.62188720703125,
        669.9257489442825,
        475.7955017089844
      ],
      "bbox_px_page": [
        4065,
        3045,
        4652,
        3304
      ]
    },
    "col_08": {
      "text": "Road, track or path as a line",
      "image": "chart_rows/page_023/row_011/cells/col_08.png",
      "image_tight": "chart_rows/page_023/row_011/cells/col_08_tight.png",
      "bbox_pdf": [
        669.9257489442825,
        438.62188720703125,
        755.734619140625,
        475.7955017089844
      ],
      "bbox_px_page": [
        4652,
        3045,
        5248,
        3304
      ]
    }
  }
}