{
  "id": "p035_r011",
  "page_number": 35,
  "row_index": 11,
  "no": "26",
  "row_text": "Floating dock as a line Floating dock as an area",
  "row_image": "chart_rows/page_035/row_011/row.png",
  "cells": {
    "col_01": {
      "text": "26",
      "image": "chart_rows/page_035/row_011/cells/col_01.png",
      "image_tight": "chart_rows/page_035/row_011/cells/col_01_tight.png",
      "bbox_pdf": [
        54.07160186767578,
        440.57684326171875,
        83.0,
        486.3938903808594
      ],
      "bbox_px_page": [
        375,
        3059,
        576,
        3377
      ]
    },
    "col_02": {
      "text": "",
      "image": "chart_rows/page_035/row_011/cells/col_02.png",
      "image_tight": "chart_rows/page_035/row_011/cells/col_02_tight.png",
      "bbox_pdf": [
        83.0,
        440.57684326171875,
        148.33418422937393,
        486.3938903808594
      ],
      "bbox_px_page": [
        576,
        3059,
        1030,
        3377
      ]
    },
    "col_03": {
      "text": "",
      "image": "chart_rows/page_035/row_011/cells/col_03.png",
      "image_tight": "chart_rows/page_035/row_011/cells/col_03_tight.png",
      "bbox_pdf": [
        148.33418422937393,
        440.57684326171875,
        209.80630493164062,
        486.3938903808594
      ],
      "bbox_px_page": [
        1030,
        3059,
        1456,
        3377
      ]
    },
    "col_04": {
      "text": "Floating dock",
      "image": "chart_rows/page_035/row_011/cells/col_04.png",
      "image_tight": "chart_rows/page_035/row_011/cells/col_04_tight.png",
      "bbox_pdf": [
        209.80630493164062,
        440.57684326171875,
        320.6000061035156,
        486.3938903808594
      ],
      "bbox_px_page": [
        1456,
        3059,
        2226,
        3377
      ]
    },
    "col_05": {
      "text": "",
      "image": "chart_rows/page_035/row_011/cells/col_05.png",
      "image_tight": "chart_rows/page_035/row_011/cells/col_05_tight.png",
      "bbox_pdf": [
        320.6000061035156,
        440.57684326171875,
        474.3236999511719,
        486.3938903808594
      ],
      "bbox_px_page": [
        2226,
        3059,
        3293,
        3377
      ]
    },
    "col_06": {
      "text": "",
      "image": "chart_rows/page_035/row_011/cells/col_06.png",
      "image_tight": "chart_rows/page_035/row_011/cells/col_06_tight.png",
      "bbox_pdf": [
        474.3236999511719,
        440.57684326171875,
        585.386962890625,
        486.3938903808594
      ],
      "bbox_px_page": [
        3293,
        3059,
        4065,
        3377
      ]
    },
    "col_07": {
      "text": "",
      "image": "chart_rows/page_035/row_011/cells/col_07.png",
      "image_tight": "chart_rows/page_035/row_011/cells/col_07_tight.png",
      "bbox_pdf": [
        585.386962890625,
        440.57684326171875,
        669.9257489442825,
        486.3938903808594
      ],
      "bbox_px_page": [
        4065,
        3059,
        4652,
        3377
      ]
    },
    "col_08": {
      "text": "Floating dock as a line Floating dock as an area",
      "image": "chart_rows/page_035/row_011/cells/col_08.png",
      "image_tight": "chart_rows/page_035/row_011/cells/col_08_tight.png",
      "bbox_pdf": [
        669.9257489442825,
        440.57684326171875,
        755.734619140625,
        486.3938903808594
      ],
      "bbox_px_page": [
        4652,
        3059,
        5248,
        3377
      ]
    }
  }
}