{
  "id": "p032_r011",
  "page_number": 32,
  "row_index": 11,
  "no": "o",
  "row_text": "Courthouse",
  "row_image": "chart_rows/page_032/row_011/row.png",
  "cells": {
    "No": {
      "text": "o",
      "image": "chart_rows/page_032/row_011/cells/No.png",
      "image_tight": "chart_rows/page_032/row_011/cells/No_tight.png",
      "bbox_pdf": [
        36.07160186767578,
        300.0985107421875,
        64.99938281575669,
        318.5448913574219
      ],
      "bbox_px_page": [
        250,
        2084,
        451,
        2212
      ]
    },
    "INT": {
      "text": "",
      "image": "chart_rows/page_032/row_011/cells/INT.png",
      "image_tight": "chart_rows/page_032/row_011/cells/INT_tight.png",
      "bbox_pdf": [
        64.99938281575669,
        300.0985107421875,
        193.06974206492305,
        318.5448913574219
      ],
      "bbox_px_page": [
        451,
        2084,
        1340,
        2212
      ]
    },
    "Description": {
      "text": "Courthouse",
      "image": "chart_rows/page_032/row_011/cells/Description.png",
      "image_tight": "chart_rows/page_032/row_011/cells/Description_tight.png",
      "bbox_pdf": [
        193.06974206492305,
        300.0985107421875,
        304.3567180633545,
        318.5448913574219
      ],
      "bbox_px_page": [
        1340,
        2084,
        2113,
        2212
      ]
    },
    "NOAA": {
      "text": "Ct Ho",
      "image": "chart_rows/page_032/row_011/cells/NOAA.png",
      "image_tight": "chart_rows/page_032/row_011/cells/NOAA_tight.png",
      "bbox_pdf": [
        304.3567180633545,
        300.0985107421875,
        456.3229369148612,
        318.5448913574219
      ],
      "bbox_px_page": [
        2113,
        2084,
        3168,
        2212
      ]
    },
    "NGA": {
      "text": "",
      "image": "chart_rows/page_032/row_011/cells/NGA.png",
      "image_tight": "chart_rows/page_032/row_011/cells/NGA_tight.png",
      "bbox_pdf": [
        456.3229369148612,
        300.0985107421875,
        567.7757158279419,
        318.5448913574219
      ],
      "bbox_px_page": [
        3168,
        2084,
        3942,
        2212
      ]
    },
    "OtherNGA": {
      "text": "",
      "image": "chart_rows/page_032/row_011/cells/OtherNGA.png",
      "image_tight": "chart_rows/page_032/row_011/cells/OtherNGA_tight.png",
      "bbox_pdf": [
        567.7757158279419,
        300.0985107421875,
        651.92743146047,
        318.5448913574219
      ],
      "bbox_px_page": [
        3942,
        2084,
        4527,
        2212
      ]
    },
    "ECDIS": {
      "text": "",
      "image": "chart_rows/page_032/row_011/cells/ECDIS.png",
      "image_tight": "chart_rows/page_032/row_011/cells/ECDIS_tight.png",
      "bbox_pdf": [
        651.92743146047,
        300.0985107421875,
        737.734619140625,
        318.5448913574219
      ],
      "bbox_px_page": [
        4527,
        2084,
        5123,
        2212
      ]
    }
  }
}