{
  "id": "p043_r009",
  "page_number": 43,
  "row_index": 9,
  "no": "m",
  "row_text": "Current, general, with rate",
  "row_image": "chart_rows/page_043/row_009/row.png",
  "cells": {
    "col_01": {
      "text": "m",
      "image": "chart_rows/page_043/row_009/cells/col_01.png",
      "image_tight": "chart_rows/page_043/row_009/cells/col_01_tight.png",
      "bbox_pdf": [
        53.89714285714286,
        350.2879943847656,
        82.90285714285714,
        368.73431396484375
      ],
      "bbox_px_page": [
        374,
        2432,
        575,
        2560
      ]
    },
    "col_02": {
      "text": "",
      "image": "chart_rows/page_043/row_009/cells/col_02.png",
      "image_tight": "chart_rows/page_043/row_009/cells/col_02_tight.png",
      "bbox_pdf": [
        82.90285714285714,
        350.2879943847656,
        209.62285714285716,
        368.73431396484375
      ],
      "bbox_px_page": [
        575,
        2432,
        1455,
        2560
      ]
    },
    "col_03": {
      "text": "Current, general, with rate",
      "image": "chart_rows/page_043/row_009/cells/col_03.png",
      "image_tight": "chart_rows/page_043/row_009/cells/col_03_tight.png",
      "bbox_pdf": [
        209.62285714285716,
        350.2879943847656,
        320.5028571428572,
        368.73431396484375
      ],
      "bbox_px_page": [
        1455,
        2432,
        2225,
        2560
      ]
    },
    "col_04": {
      "text": "2 kn",
      "image": "chart_rows/page_043/row_009/cells/col_04.png",
      "image_tight": "chart_rows/page_043/row_009/cells/col_04_tight.png",
      "bbox_pdf": [
        320.5028571428572,
        350.2879943847656,
        474.17142857142863,
        368.73431396484375
      ],
      "bbox_px_page": [
        2225,
        2432,
        3292,
        2560
      ]
    },
    "col_05": {
      "text": "",
      "image": "chart_rows/page_043/row_009/cells/col_05.png",
      "image_tight": "chart_rows/page_043/row_009/cells/col_05_tight.png",
      "bbox_pdf": [
        474.17142857142863,
        350.2879943847656,
        584.0228571428572,
        368.73431396484375
      ],
      "bbox_px_page": [
        3292,
        2432,
        4055,
        2560
      ]
    },
    "col_06": {
      "text": "",
      "image": "chart_rows/page_043/row_009/cells/col_06.png",
      "image_tight": "chart_rows/page_043/row_009/cells/col_06_tight.png",
      "bbox_pdf": [
        584.0228571428572,
        350.2879943847656,
        755.5885714285715,
        368.73431396484375
      ],
      "bbox_px_page": [
        4055,
        2432,
        5247,
        2560
      ]
    }
  }
}