{
  "id": "p022_r005",
  "page_number": 22,
  "row_index": 5,
  "no": "j",
  "row_text": "Coniferous woodland",
  "row_image": "chart_rows/page_022/row_005/row.png",
  "cells": {
    "col_01": {
      "text": "j",
      "image": "chart_rows/page_022/row_005/cells/col_01.png",
      "image_tight": "chart_rows/page_022/row_005/cells/col_01_tight.png",
      "bbox_pdf": [
        36.07160186767578,
        242.53179931640625,
        65.0,
        268.1781921386719
      ],
      "bbox_px_page": [
        250,
        1684,
        451,
        1862
      ]
    },
    "col_02": {
      "text": "",
      "image": "chart_rows/page_022/row_005/cells/col_02.png",
      "image_tight": "chart_rows/page_022/row_005/cells/col_02_tight.png",
      "bbox_pdf": [
        65.0,
        242.53179931640625,
        191.80630493164062,
        268.1781921386719
      ],
      "bbox_px_page": [
        451,
        1684,
        1331,
        1862
      ]
    },
    "col_03": {
      "text": "Coniferous woodland",
      "image": "chart_rows/page_022/row_005/cells/col_03.png",
      "image_tight": "chart_rows/page_022/row_005/cells/col_03_tight.png",
      "bbox_pdf": [
        191.80630493164062,
        242.53179931640625,
        304.19958686828613,
        268.1781921386719
      ],
      "bbox_px_page": [
        1331,
        1684,
        2112,
        1862
      ]
    },
    "col_04": {
      "text": "†",
      "image": "chart_rows/page_022/row_005/cells/col_04.png",
      "image_tight": "chart_rows/page_022/row_005/cells/col_04_tight.png",
      "bbox_pdf": [
        304.19958686828613,
        242.53179931640625,
        456.3236818741643,
        268.1781921386719
      ],
      "bbox_px_page": [
        2112,
        1684,
        3168,
        1862
      ]
    },
    "col_05": {
      "text": "",
      "image": "chart_rows/page_022/row_005/cells/col_05.png",
      "image_tight": "chart_rows/page_022/row_005/cells/col_05_tight.png",
      "bbox_pdf": [
        456.3236818741643,
        242.53179931640625,
        566.1237182617188,
        268.1781921386719
      ],
      "bbox_px_page": [
        3168,
        1684,
        3931,
        1862
      ]
    },
    "col_06": {
      "text": "",
      "image": "chart_rows/page_022/row_005/cells/col_06.png",
      "image_tight": "chart_rows/page_022/row_005/cells/col_06_tight.png",
      "bbox_pdf": [
        566.1237182617188,
        242.53179931640625,
        737.734619140625,
        268.1781921386719
      ],
      "bbox_px_page": [
        3931,
        1684,
        5123,
        1862
      ]
    }
  }
}