{
  "id": "p038_r009",
  "page_number": 38,
  "row_index": 9,
  "no": "60",
  "row_text": "Conspicuous single building",
  "row_image": "chart_rows/page_038/row_009/row.png",
  "cells": {
    "col_01": {
      "text": "60",
      "image": "chart_rows/page_038/row_009/cells/col_01.png",
      "image_tight": "chart_rows/page_038/row_009/cells/col_01_tight.png",
      "bbox_pdf": [
        36.07160186767578,
        411.9010009765625,
        66.97056174278259,
        434.3117980957031
      ],
      "bbox_px_page": [
        250,
        2860,
        465,
        3016
      ]
    },
    "col_02": {
      "text": "",
      "image": "chart_rows/page_038/row_009/cells/col_02.png",
      "image_tight": "chart_rows/page_038/row_009/cells/col_02_tight.png",
      "bbox_pdf": [
        66.97056174278259,
        411.9010009765625,
        191.8062746396463,
        434.3117980957031
      ],
      "bbox_px_page": [
        465,
        2860,
        1331,
        3016
      ]
    },
    "col_03": {
      "text": "Harbormaster’s office",
      "image": "chart_rows/page_038/row_009/cells/col_03.png",
      "image_tight": "chart_rows/page_038/row_009/cells/col_03_tight.png",
      "bbox_pdf": [
        191.8062746396463,
        411.9010009765625,
        302.6000061035156,
        434.3117980957031
      ],
      "bbox_px_page": [
        1331,
        2860,
        2101,
        3016
      ]
    },
    "col_04": {
      "text": "Hbr",
      "image": "chart_rows/page_038/row_009/cells/col_04.png",
      "image_tight": "chart_rows/page_038/row_009/cells/col_04_tight.png",
      "bbox_pdf": [
        302.6000061035156,
        411.9010009765625,
        381.01983642578125,
        434.3117980957031
      ],
      "bbox_px_page": [
        2101,
        2860,
        2645,
        3016
      ]
    },
    "col_05": {
      "text": "Mr",
      "image": "chart_rows/page_038/row_009/cells/col_05.png",
      "image_tight": "chart_rows/page_038/row_009/cells/col_05_tight.png",
      "bbox_pdf": [
        381.01983642578125,
        411.9010009765625,
        456.3236999511719,
        434.3117980957031
      ],
      "bbox_px_page": [
        2645,
        2860,
        3168,
        3016
      ]
    },
    "col_06": {
      "text": "",
      "image": "chart_rows/page_038/row_009/cells/col_06.png",
      "image_tight": "chart_rows/page_038/row_009/cells/col_06_tight.png",
      "bbox_pdf": [
        456.3236999511719,
        411.9010009765625,
        566.1237182617188,
        434.3117980957031
      ],
      "bbox_px_page": [
        3168,
        2860,
        3931,
        3016
      ]
    },
    "col_07": {
      "text": "",
      "image": "chart_rows/page_038/row_009/cells/col_07.png",
      "image_tight": "chart_rows/page_038/row_009/cells/col_07_tight.png",
      "bbox_pdf": [
        566.1237182617188,
        411.9010009765625,
        651.9290771484375,
        434.3117980957031
      ],
      "bbox_px_page": [
        3931,
        2860,
        4527,
        3016
      ]
    },
    "col_08": {
      "text": "Conspicuous single building",
      "image": "chart_rows/page_038/row_009/cells/col_08.png",
      "image_tight": "chart_rows/page_038/row_009/cells/col_08_tight.png",
      "bbox_pdf": [
        651.9290771484375,
        411.9010009765625,
        737.734619140625,
        434.3117980957031
      ],
      "bbox_px_page": [
        4527,
        2860,
        5123,
        3016
      ]
    }
  }
}