{
  "id": "p050_r006",
  "page_number": 50,
  "row_index": 6,
  "no": "22",
  "row_text": "Coral reef, which covers and uncovers",
  "row_image": "chart_rows/page_050/row_006/row.png",
  "cells": {
    "No": {
      "text": "22",
      "image": "chart_rows/page_050/row_006/cells/No.png",
      "image_tight": "chart_rows/page_050/row_006/cells/No_tight.png",
      "bbox_pdf": [
        36.07160186767578,
        336.8308439999819,
        64.99938281575669,
        379.8563737347722
      ],
      "bbox_px_page": [
        250,
        2339,
        451,
        2637
      ]
    },
    "INT": {
      "text": "",
      "image": "chart_rows/page_050/row_006/cells/INT.png",
      "image_tight": "chart_rows/page_050/row_006/cells/INT_tight.png",
      "bbox_pdf": [
        64.99938281575669,
        336.8308439999819,
        193.06974206492305,
        379.8563737347722
      ],
      "bbox_px_page": [
        451,
        2339,
        1340,
        2637
      ]
    },
    "Description": {
      "text": "Coral reef, which covers and uncovers",
      "image": "chart_rows/page_050/row_006/cells/Description.png",
      "image_tight": "chart_rows/page_050/row_006/cells/Description_tight.png",
      "bbox_pdf": [
        193.06974206492305,
        336.8308439999819,
        304.3567180633545,
        379.8563737347722
      ],
      "bbox_px_page": [
        1340,
        2339,
        2113,
        2637
      ]
    },
    "NOAA": {
      "text": "",
      "image": "chart_rows/page_050/row_006/cells/NOAA.png",
      "image_tight": "chart_rows/page_050/row_006/cells/NOAA_tight.png",
      "bbox_pdf": [
        304.3567180633545,
        336.8308439999819,
        456.3229369148612,
        379.8563737347722
      ],
      "bbox_px_page": [
        2113,
        2339,
        3168,
        2637
      ]
    },
    "NGA": {
      "text": "",
      "image": "chart_rows/page_050/row_006/cells/NGA.png",
      "image_tight": "chart_rows/page_050/row_006/cells/NGA_tight.png",
      "bbox_pdf": [
        456.3229369148612,
        336.8308439999819,
        567.7757158279419,
        379.8563737347722
      ],
      "bbox_px_page": [
        3168,
        2339,
        3942,
        2637
      ]
    },
    "OtherNGA": {
      "text": "",
      "image": "chart_rows/page_050/row_006/cells/OtherNGA.png",
      "image_tight": "chart_rows/page_050/row_006/cells/OtherNGA_tight.png",
      "bbox_pdf": [
        567.7757158279419,
        336.8308439999819,
        651.92743146047,
        379.8563737347722
      ],
      "bbox_px_page": [
        3942,
        2339,
        4527,
        2637
      ]
    },
    "ECDIS": {
      "text": "reef",
      "image": "chart_rows/page_050/row_006/cells/ECDIS.png",
      "image_tight": "chart_rows/page_050/row_006/cells/ECDIS_tight.png",
      "bbox_pdf": [
        651.92743146047,
        336.8308439999819,
        737.734619140625,
        379.8563737347722
      ],
      "bbox_px_page": [
        4527,
        2339,
        5123,
        2637
      ]
    }
  }
}