{
  "id": "p066_r008",
  "page_number": 66,
  "row_index": 8,
  "no": "17",
  "row_text": "Archipelagic Sea Lane (ASL); axis line and limit beyond which vessels shall not navigate",
  "row_image": "chart_rows/page_066/row_008/row.png",
  "cells": {
    "No": {
      "text": "17",
      "image": "chart_rows/page_066/row_008/cells/No.png",
      "image_tight": "chart_rows/page_066/row_008/cells/No_tight.png",
      "bbox_pdf": [
        36.07160186767578,
        440.08380126953125,
        64.99938281575669,
        503.08380126953125
      ],
      "bbox_px_page": [
        250,
        3056,
        451,
        3493
      ]
    },
    "INT": {
      "text": "",
      "image": "chart_rows/page_066/row_008/cells/INT.png",
      "image_tight": "chart_rows/page_066/row_008/cells/INT_tight.png",
      "bbox_pdf": [
        64.99938281575669,
        440.08380126953125,
        193.06974206492305,
        503.08380126953125
      ],
      "bbox_px_page": [
        451,
        3056,
        1340,
        3493
      ]
    },
    "Description": {
      "text": "Archipelagic Sea Lane (ASL); axis line and limit beyond which vessels shall not navigate",
      "image": "chart_rows/page_066/row_008/cells/Description.png",
      "image_tight": "chart_rows/page_066/row_008/cells/Description_tight.png",
      "bbox_pdf": [
        193.06974206492305,
        440.08380126953125,
        304.3567180633545,
        503.08380126953125
      ],
      "bbox_px_page": [
        1340,
        3056,
        2113,
        3493
      ]
    },
    "NOAA": {
      "text": "",
      "image": "chart_rows/page_066/row_008/cells/NOAA.png",
      "image_tight": "chart_rows/page_066/row_008/cells/NOAA_tight.png",
      "bbox_pdf": [
        304.3567180633545,
        440.08380126953125,
        456.3229369148612,
        503.08380126953125
      ],
      "bbox_px_page": [
        2113,
        3056,
        3168,
        3493
      ]
    },
    "NGA": {
      "text": "",
      "image": "chart_rows/page_066/row_008/cells/NGA.png",
      "image_tight": "chart_rows/page_066/row_008/cells/NGA_tight.png",
      "bbox_pdf": [
        456.3229369148612,
        440.08380126953125,
        567.7757158279419,
        503.08380126953125
      ],
      "bbox_px_page": [
        3168,
        3056,
        3942,
        3493
      ]
    },
    "OtherNGA": {
      "text": "",
      "image": "chart_rows/page_066/row_008/cells/OtherNGA.png",
      "image_tight": "chart_rows/page_066/row_008/cells/OtherNGA_tight.png",
      "bbox_pdf": [
        567.7757158279419,
        440.08380126953125,
        651.92743146047,
        503.08380126953125
      ],
      "bbox_px_page": [
        3942,
        3056,
        4527,
        3493
      ]
    },
    "ECDIS": {
      "text": "Axis and boundary of archipelagic sea lane",
      "image": "chart_rows/page_066/row_008/cells/ECDIS.png",
      "image_tight": "chart_rows/page_066/row_008/cells/ECDIS_tight.png",
      "bbox_pdf": [
        651.92743146047,
        440.08380126953125,
        737.734619140625,
        503.08380126953125
      ],
      "bbox_px_page": [
        4527,
        3056,
        5123,
        3493
      ]
    }
  }
}