{
  "id": "p066_r003",
  "page_number": 66,
  "row_index": 3,
  "no": "12",
  "row_text": "Separation line (large scale, small scale)",
  "row_image": "chart_rows/page_066/row_003/row.png",
  "cells": {
    "No": {
      "text": "12",
      "image": "chart_rows/page_066/row_003/cells/No.png",
      "image_tight": "chart_rows/page_066/row_003/cells/No_tight.png",
      "bbox_pdf": [
        36.07160186767578,
        193.75021362304688,
        64.99938281575669,
        216.25021362304688
      ],
      "bbox_px_page": [
        250,
        1345,
        451,
        1501
      ]
    },
    "INT": {
      "text": "",
      "image": "chart_rows/page_066/row_003/cells/INT.png",
      "image_tight": "chart_rows/page_066/row_003/cells/INT_tight.png",
      "bbox_pdf": [
        64.99938281575669,
        193.75021362304688,
        193.06974206492305,
        216.25021362304688
      ],
      "bbox_px_page": [
        451,
        1345,
        1340,
        1501
      ]
    },
    "Description": {
      "text": "Separation line (large scale, small scale)",
      "image": "chart_rows/page_066/row_003/cells/Description.png",
      "image_tight": "chart_rows/page_066/row_003/cells/Description_tight.png",
      "bbox_pdf": [
        193.06974206492305,
        193.75021362304688,
        304.3567180633545,
        216.25021362304688
      ],
      "bbox_px_page": [
        1340,
        1345,
        2113,
        1501
      ]
    },
    "NOAA": {
      "text": "",
      "image": "chart_rows/page_066/row_003/cells/NOAA.png",
      "image_tight": "chart_rows/page_066/row_003/cells/NOAA_tight.png",
      "bbox_pdf": [
        304.3567180633545,
        193.75021362304688,
        456.3229369148612,
        216.25021362304688
      ],
      "bbox_px_page": [
        2113,
        1345,
        3168,
        1501
      ]
    },
    "NGA": {
      "text": "",
      "image": "chart_rows/page_066/row_003/cells/NGA.png",
      "image_tight": "chart_rows/page_066/row_003/cells/NGA_tight.png",
      "bbox_pdf": [
        456.3229369148612,
        193.75021362304688,
        567.7757158279419,
        216.25021362304688
      ],
      "bbox_px_page": [
        3168,
        1345,
        3942,
        1501
      ]
    },
    "OtherNGA": {
      "text": "",
      "image": "chart_rows/page_066/row_003/cells/OtherNGA.png",
      "image_tight": "chart_rows/page_066/row_003/cells/OtherNGA_tight.png",
      "bbox_pdf": [
        567.7757158279419,
        193.75021362304688,
        651.92743146047,
        216.25021362304688
      ],
      "bbox_px_page": [
        3942,
        1345,
        4527,
        1501
      ]
    },
    "ECDIS": {
      "text": "Traffic separation line",
      "image": "chart_rows/page_066/row_003/cells/ECDIS.png",
      "image_tight": "chart_rows/page_066/row_003/cells/ECDIS_tight.png",
      "bbox_pdf": [
        651.92743146047,
        193.75021362304688,
        737.734619140625,
        216.25021362304688
      ],
      "bbox_px_page": [
        4527,
        1345,
        5123,
        1501
      ]
    }
  }
}