{
  "id": "p025_r005",
  "page_number": 25,
  "row_index": 5,
  "no": "23 3",
  "row_text": "Lifting bridge with vertical",
  "row_image": "chart_rows/page_025/row_005/row.png",
  "cells": {
    "No": {
      "text": "23 3",
      "image": "chart_rows/page_025/row_005/cells/No.png",
      "image_tight": "chart_rows/page_025/row_005/cells/No_tight.png",
      "bbox_pdf": [
        54.07160186767578,
        279.0701904296875,
        82.99796140193939,
        297.9690160751343
      ],
      "bbox_px_page": [
        375,
        1937,
        576,
        2069
      ]
    },
    "INT": {
      "text": "",
      "image": "chart_rows/page_025/row_005/cells/INT.png",
      "image_tight": "chart_rows/page_025/row_005/cells/INT_tight.png",
      "bbox_pdf": [
        82.99796140193939,
        279.0701904296875,
        211.40581703186035,
        297.9690160751343
      ],
      "bbox_px_page": [
        576,
        1937,
        1468,
        2069
      ]
    },
    "Description": {
      "text": "Lifting bridge with vertical",
      "image": "chart_rows/page_025/row_005/cells/Description.png",
      "image_tight": "chart_rows/page_025/row_005/cells/Description_tight.png",
      "bbox_pdf": [
        211.40581703186035,
        279.0701904296875,
        320.6000061035156,
        297.9690160751343
      ],
      "bbox_px_page": [
        1468,
        1937,
        2226,
        2069
      ]
    },
    "NOAA": {
      "text": "",
      "image": "chart_rows/page_025/row_005/cells/NOAA.png",
      "image_tight": "chart_rows/page_025/row_005/cells/NOAA_tight.png",
      "bbox_pdf": [
        320.6000061035156,
        279.0701904296875,
        474.3236999511719,
        297.9690160751343
      ],
      "bbox_px_page": [
        2226,
        1937,
        3293,
        2069
      ]
    },
    "NGA": {
      "text": "",
      "image": "chart_rows/page_025/row_005/cells/NGA.png",
      "image_tight": "chart_rows/page_025/row_005/cells/NGA_tight.png",
      "bbox_pdf": [
        474.3236999511719,
        279.0701904296875,
        585.5497436523438,
        297.9690160751343
      ],
      "bbox_px_page": [
        3293,
        1937,
        4066,
        2069
      ]
    },
    "OtherNGA": {
      "text": "clr op 20.0",
      "image": "chart_rows/page_025/row_005/cells/OtherNGA.png",
      "image_tight": "chart_rows/page_025/row_005/cells/OtherNGA_tight.png",
      "bbox_pdf": [
        585.5497436523438,
        279.0701904296875,
        669.9003596305847,
        297.9690160751343
      ],
      "bbox_px_page": [
        4066,
        1937,
        4652,
        2069
      ]
    },
    "ECDIS": {
      "text": "",
      "image": "chart_rows/page_025/row_005/cells/ECDIS.png",
      "image_tight": "chart_rows/page_025/row_005/cells/ECDIS_tight.png",
      "bbox_pdf": [
        669.9003596305847,
        279.0701904296875,
        755.734619140625,
        297.9690160751343
      ],
      "bbox_px_page": [
        4652,
        1937,
        5248,
        2069
      ]
    }
  }
}