{
  "id": "p022_r002",
  "page_number": 22,
  "row_index": 2,
  "no": "f",
  "row_text": "Hachures",
  "row_image": "chart_rows/page_022/row_002/row.png",
  "cells": {
    "col_01": {
      "text": "f",
      "image": "chart_rows/page_022/row_002/cells/col_01.png",
      "image_tight": "chart_rows/page_022/row_002/cells/col_01_tight.png",
      "bbox_pdf": [
        36.07160186767578,
        122.91659545898438,
        65.0,
        169.9010009765625
      ],
      "bbox_px_page": [
        250,
        853,
        451,
        1179
      ]
    },
    "col_02": {
      "text": "",
      "image": "chart_rows/page_022/row_002/cells/col_02.png",
      "image_tight": "chart_rows/page_022/row_002/cells/col_02_tight.png",
      "bbox_pdf": [
        65.0,
        122.91659545898438,
        191.80630493164062,
        169.9010009765625
      ],
      "bbox_px_page": [
        451,
        853,
        1331,
        1179
      ]
    },
    "col_03": {
      "text": "Hachures",
      "image": "chart_rows/page_022/row_002/cells/col_03.png",
      "image_tight": "chart_rows/page_022/row_002/cells/col_03_tight.png",
      "bbox_pdf": [
        191.80630493164062,
        122.91659545898438,
        304.19958686828613,
        169.9010009765625
      ],
      "bbox_px_page": [
        1331,
        853,
        2112,
        1179
      ]
    },
    "col_04": {
      "text": "†",
      "image": "chart_rows/page_022/row_002/cells/col_04.png",
      "image_tight": "chart_rows/page_022/row_002/cells/col_04_tight.png",
      "bbox_pdf": [
        304.19958686828613,
        122.91659545898438,
        456.3236818741643,
        169.9010009765625
      ],
      "bbox_px_page": [
        2112,
        853,
        3168,
        1179
      ]
    },
    "col_05": {
      "text": "",
      "image": "chart_rows/page_022/row_002/cells/col_05.png",
      "image_tight": "chart_rows/page_022/row_002/cells/col_05_tight.png",
      "bbox_pdf": [
        456.3236818741643,
        122.91659545898438,
        566.1237182617188,
        169.9010009765625
      ],
      "bbox_px_page": [
        3168,
        853,
        3931,
        1179
      ]
    },
    "col_06": {
      "text": "",
      "image": "chart_rows/page_022/row_002/cells/col_06.png",
      "image_tight": "chart_rows/page_022/row_002/cells/col_06_tight.png",
      "bbox_pdf": [
        566.1237182617188,
        122.91659545898438,
        737.734619140625,
        169.9010009765625
      ],
      "bbox_px_page": [
        3931,
        853,
        5123,
        1179
      ]
    }
  }
}