{
  "id": "p038_r004",
  "page_number": 38,
  "row_index": 4,
  "no": "52",
  "row_text": "Timber yard as a point Timber yard as an area",
  "row_image": "chart_rows/page_038/row_004/row.png",
  "cells": {
    "col_01": {
      "text": "52",
      "image": "chart_rows/page_038/row_004/cells/col_01.png",
      "image_tight": "chart_rows/page_038/row_004/cells/col_01_tight.png",
      "bbox_pdf": [
        36.07160186767578,
        188.91171264648438,
        66.97056174278259,
        239.934730052948
      ],
      "bbox_px_page": [
        250,
        1311,
        465,
        1666
      ]
    },
    "col_02": {
      "text": "",
      "image": "chart_rows/page_038/row_004/cells/col_02.png",
      "image_tight": "chart_rows/page_038/row_004/cells/col_02_tight.png",
      "bbox_pdf": [
        66.97056174278259,
        188.91171264648438,
        191.8062746396463,
        239.934730052948
      ],
      "bbox_px_page": [
        465,
        1311,
        1331,
        1666
      ]
    },
    "col_03": {
      "text": "Timber yard",
      "image": "chart_rows/page_038/row_004/cells/col_03.png",
      "image_tight": "chart_rows/page_038/row_004/cells/col_03_tight.png",
      "bbox_pdf": [
        191.8062746396463,
        188.91171264648438,
        302.6000061035156,
        239.934730052948
      ],
      "bbox_px_page": [
        1331,
        1311,
        2101,
        1666
      ]
    },
    "col_04": {
      "text": "†",
      "image": "chart_rows/page_038/row_004/cells/col_04.png",
      "image_tight": "chart_rows/page_038/row_004/cells/col_04_tight.png",
      "bbox_pdf": [
        302.6000061035156,
        188.91171264648438,
        381.01983642578125,
        239.934730052948
      ],
      "bbox_px_page": [
        2101,
        1311,
        2645,
        1666
      ]
    },
    "col_05": {
      "text": "",
      "image": "chart_rows/page_038/row_004/cells/col_05.png",
      "image_tight": "chart_rows/page_038/row_004/cells/col_05_tight.png",
      "bbox_pdf": [
        381.01983642578125,
        188.91171264648438,
        456.3236999511719,
        239.934730052948
      ],
      "bbox_px_page": [
        2645,
        1311,
        3168,
        1666
      ]
    },
    "col_06": {
      "text": "",
      "image": "chart_rows/page_038/row_004/cells/col_06.png",
      "image_tight": "chart_rows/page_038/row_004/cells/col_06_tight.png",
      "bbox_pdf": [
        456.3236999511719,
        188.91171264648438,
        566.1237182617188,
        239.934730052948
      ],
      "bbox_px_page": [
        3168,
        1311,
        3931,
        1666
      ]
    },
    "col_07": {
      "text": "",
      "image": "chart_rows/page_038/row_004/cells/col_07.png",
      "image_tight": "chart_rows/page_038/row_004/cells/col_07_tight.png",
      "bbox_pdf": [
        566.1237182617188,
        188.91171264648438,
        651.9290771484375,
        239.934730052948
      ],
      "bbox_px_page": [
        3931,
        1311,
        4527,
        1666
      ]
    },
    "col_08": {
      "text": "Timber yard as a point Timber yard as an area",
      "image": "chart_rows/page_038/row_004/cells/col_08.png",
      "image_tight": "chart_rows/page_038/row_004/cells/col_08_tight.png",
      "bbox_pdf": [
        651.9290771484375,
        188.91171264648438,
        737.734619140625,
        239.934730052948
      ],
      "bbox_px_page": [
        4527,
        1311,
        5123,
        1666
      ]
    }
  }
}