{
  "id": "p049_r015",
  "page_number": 49,
  "row_index": 15,
  "no": "12.1",
  "row_text": "Two layers, e.g. sand over mud",
  "row_image": "chart_rows/page_049/row_015/row.png",
  "cells": {
    "No": {
      "text": "12.1",
      "image": "chart_rows/page_049/row_015/cells/No.png",
      "image_tight": "chart_rows/page_049/row_015/cells/No_tight.png",
      "bbox_pdf": [
        54.07160186767578,
        380.5111083984375,
        82.99796140193939,
        400.08349609375
      ],
      "bbox_px_page": [
        375,
        2642,
        576,
        2778
      ]
    },
    "INT": {
      "text": "S/M",
      "image": "chart_rows/page_049/row_015/cells/INT.png",
      "image_tight": "chart_rows/page_049/row_015/cells/INT_tight.png",
      "bbox_pdf": [
        82.99796140193939,
        380.5111083984375,
        211.40581703186035,
        400.08349609375
      ],
      "bbox_px_page": [
        576,
        2642,
        1468,
        2778
      ]
    },
    "Description": {
      "text": "Two layers, e.g. sand over mud",
      "image": "chart_rows/page_049/row_015/cells/Description.png",
      "image_tight": "chart_rows/page_049/row_015/cells/Description_tight.png",
      "bbox_pdf": [
        211.40581703186035,
        380.5111083984375,
        320.6000061035156,
        400.08349609375
      ],
      "bbox_px_page": [
        1468,
        2642,
        2226,
        2778
      ]
    },
    "NOAA": {
      "text": "",
      "image": "chart_rows/page_049/row_015/cells/NOAA.png",
      "image_tight": "chart_rows/page_049/row_015/cells/NOAA_tight.png",
      "bbox_pdf": [
        320.6000061035156,
        380.5111083984375,
        474.3236999511719,
        400.08349609375
      ],
      "bbox_px_page": [
        2226,
        2642,
        3293,
        2778
      ]
    },
    "NGA": {
      "text": "",
      "image": "chart_rows/page_049/row_015/cells/NGA.png",
      "image_tight": "chart_rows/page_049/row_015/cells/NGA_tight.png",
      "bbox_pdf": [
        474.3236999511719,
        380.5111083984375,
        585.5497436523438,
        400.08349609375
      ],
      "bbox_px_page": [
        3293,
        2642,
        4066,
        2778
      ]
    },
    "OtherNGA": {
      "text": "",
      "image": "chart_rows/page_049/row_015/cells/OtherNGA.png",
      "image_tight": "chart_rows/page_049/row_015/cells/OtherNGA_tight.png",
      "bbox_pdf": [
        585.5497436523438,
        380.5111083984375,
        669.9003596305847,
        400.08349609375
      ],
      "bbox_px_page": [
        4066,
        2642,
        4652,
        2778
      ]
    },
    "ECDIS": {
      "text": "",
      "image": "chart_rows/page_049/row_015/cells/ECDIS.png",
      "image_tight": "chart_rows/page_049/row_015/cells/ECDIS_tight.png",
      "bbox_pdf": [
        669.9003596305847,
        380.5111083984375,
        755.734619140625,
        400.08349609375
      ],
      "bbox_px_page": [
        4652,
        2642,
        5248,
        2778
      ]
    }
  }
}