{
  "id": "p033_r005",
  "page_number": 33,
  "row_index": 5,
  "no": "3",
  "row_text": "Causeway as a line Causeway, covers and uncovers as a line Causeway as an area Causeway, covers and uncovers as an area",
  "row_image": "chart_rows/page_033/row_005/row.png",
  "cells": {
    "No": {
      "text": "3",
      "image": "chart_rows/page_033/row_005/cells/No.png",
      "image_tight": "chart_rows/page_033/row_005/cells/No_tight.png",
      "bbox_pdf": [
        54.07160186767578,
        267.5669345855713,
        82.99796140193939,
        368.4073022897355
      ],
      "bbox_px_page": [
        375,
        1858,
        576,
        2558
      ]
    },
    "INT": {
      "text": "",
      "image": "chart_rows/page_033/row_005/cells/INT.png",
      "image_tight": "chart_rows/page_033/row_005/cells/INT_tight.png",
      "bbox_pdf": [
        82.99796140193939,
        267.5669345855713,
        211.40581703186035,
        368.4073022897355
      ],
      "bbox_px_page": [
        576,
        1858,
        1468,
        2558
      ]
    },
    "Description": {
      "text": "Causeway",
      "image": "chart_rows/page_033/row_005/cells/Description.png",
      "image_tight": "chart_rows/page_033/row_005/cells/Description_tight.png",
      "bbox_pdf": [
        211.40581703186035,
        267.5669345855713,
        320.6000061035156,
        368.4073022897355
      ],
      "bbox_px_page": [
        1468,
        1858,
        2226,
        2558
      ]
    },
    "NOAA": {
      "text": "Cswy",
      "image": "chart_rows/page_033/row_005/cells/NOAA.png",
      "image_tight": "chart_rows/page_033/row_005/cells/NOAA_tight.png",
      "bbox_pdf": [
        320.6000061035156,
        267.5669345855713,
        474.3236999511719,
        368.4073022897355
      ],
      "bbox_px_page": [
        2226,
        1858,
        3293,
        2558
      ]
    },
    "NGA": {
      "text": "",
      "image": "chart_rows/page_033/row_005/cells/NGA.png",
      "image_tight": "chart_rows/page_033/row_005/cells/NGA_tight.png",
      "bbox_pdf": [
        474.3236999511719,
        267.5669345855713,
        585.5497436523438,
        368.4073022897355
      ],
      "bbox_px_page": [
        3293,
        1858,
        4066,
        2558
      ]
    },
    "OtherNGA": {
      "text": "",
      "image": "chart_rows/page_033/row_005/cells/OtherNGA.png",
      "image_tight": "chart_rows/page_033/row_005/cells/OtherNGA_tight.png",
      "bbox_pdf": [
        585.5497436523438,
        267.5669345855713,
        669.9003596305847,
        368.4073022897355
      ],
      "bbox_px_page": [
        4066,
        1858,
        4652,
        2558
      ]
    },
    "ECDIS": {
      "text": "Causeway as a line Causeway, covers and uncovers as a line Causeway as an area Causeway, covers and uncovers as an area",
      "image": "chart_rows/page_033/row_005/cells/ECDIS.png",
      "image_tight": "chart_rows/page_033/row_005/cells/ECDIS_tight.png",
      "bbox_pdf": [
        669.9003596305847,
        267.5669345855713,
        755.734619140625,
        368.4073022897355
      ],
      "bbox_px_page": [
        4652,
        1858,
        5248,
        2558
      ]
    }
  }
}