{
  "id": "p061_r006",
  "page_number": 61,
  "row_index": 6,
  "no": "5.1",
  "row_text": "Wind turbine, floating wind turbine, vertical clearance under blade",
  "row_image": "chart_rows/page_061/row_006/row.png",
  "cells": {
    "No": {
      "text": "5.1",
      "image": "chart_rows/page_061/row_006/cells/No.png",
      "image_tight": "chart_rows/page_061/row_006/cells/No_tight.png",
      "bbox_pdf": [
        54.07160186767578,
        307.747802734375,
        82.99796140193939,
        338.55859375
      ],
      "bbox_px_page": [
        375,
        2137,
        576,
        2351
      ]
    },
    "INT": {
      "text": "",
      "image": "chart_rows/page_061/row_006/cells/INT.png",
      "image_tight": "chart_rows/page_061/row_006/cells/INT_tight.png",
      "bbox_pdf": [
        82.99796140193939,
        307.747802734375,
        211.40581703186035,
        338.55859375
      ],
      "bbox_px_page": [
        576,
        2137,
        1468,
        2351
      ]
    },
    "Description": {
      "text": "Wind turbine, floating wind turbine, vertical clearance under blade",
      "image": "chart_rows/page_061/row_006/cells/Description.png",
      "image_tight": "chart_rows/page_061/row_006/cells/Description_tight.png",
      "bbox_pdf": [
        211.40581703186035,
        307.747802734375,
        320.6000061035156,
        338.55859375
      ],
      "bbox_px_page": [
        1468,
        2137,
        2226,
        2351
      ]
    },
    "NOAA": {
      "text": "",
      "image": "chart_rows/page_061/row_006/cells/NOAA.png",
      "image_tight": "chart_rows/page_061/row_006/cells/NOAA_tight.png",
      "bbox_pdf": [
        320.6000061035156,
        307.747802734375,
        474.3236999511719,
        338.55859375
      ],
      "bbox_px_page": [
        2226,
        2137,
        3293,
        2351
      ]
    },
    "NGA": {
      "text": "Fl.Y",
      "image": "chart_rows/page_061/row_006/cells/NGA.png",
      "image_tight": "chart_rows/page_061/row_006/cells/NGA_tight.png",
      "bbox_pdf": [
        474.3236999511719,
        307.747802734375,
        585.5497436523438,
        338.55859375
      ],
      "bbox_px_page": [
        3293,
        2137,
        4066,
        2351
      ]
    },
    "OtherNGA": {
      "text": "",
      "image": "chart_rows/page_061/row_006/cells/OtherNGA.png",
      "image_tight": "chart_rows/page_061/row_006/cells/OtherNGA_tight.png",
      "bbox_pdf": [
        585.5497436523438,
        307.747802734375,
        669.9003596305847,
        338.55859375
      ],
      "bbox_px_page": [
        4066,
        2137,
        4652,
        2351
      ]
    },
    "ECDIS": {
      "text": "Wind motor visually conspicuous",
      "image": "chart_rows/page_061/row_006/cells/ECDIS.png",
      "image_tight": "chart_rows/page_061/row_006/cells/ECDIS_tight.png",
      "bbox_pdf": [
        669.9003596305847,
        307.747802734375,
        755.734619140625,
        338.55859375
      ],
      "bbox_px_page": [
        4652,
        2137,
        5248,
        2351
      ]
    }
  }
}