{
  "id": "p035_r002",
  "page_number": 35,
  "row_index": 2,
  "no": "19.2",
  "row_text": "Yacht harbor, marina",
  "row_image": "chart_rows/page_035/row_002/row.png",
  "cells": {
    "col_01": {
      "text": "19.2",
      "image": "chart_rows/page_035/row_002/cells/col_01.png",
      "image_tight": "chart_rows/page_035/row_002/cells/col_01_tight.png",
      "bbox_pdf": [
        54.07160186767578,
        146.33169555664062,
        83.0,
        169.84640502929688
      ],
      "bbox_px_page": [
        375,
        1016,
        576,
        1179
      ]
    },
    "col_02": {
      "text": "",
      "image": "chart_rows/page_035/row_002/cells/col_02.png",
      "image_tight": "chart_rows/page_035/row_002/cells/col_02_tight.png",
      "bbox_pdf": [
        83.0,
        146.33169555664062,
        148.33418422937393,
        169.84640502929688
      ],
      "bbox_px_page": [
        576,
        1016,
        1030,
        1179
      ]
    },
    "col_03": {
      "text": "",
      "image": "chart_rows/page_035/row_002/cells/col_03.png",
      "image_tight": "chart_rows/page_035/row_002/cells/col_03_tight.png",
      "bbox_pdf": [
        148.33418422937393,
        146.33169555664062,
        209.80630493164062,
        169.84640502929688
      ],
      "bbox_px_page": [
        1030,
        1016,
        1456,
        1179
      ]
    },
    "col_04": {
      "text": "Visitors’ berth",
      "image": "chart_rows/page_035/row_002/cells/col_04.png",
      "image_tight": "chart_rows/page_035/row_002/cells/col_04_tight.png",
      "bbox_pdf": [
        209.80630493164062,
        146.33169555664062,
        320.6000061035156,
        169.84640502929688
      ],
      "bbox_px_page": [
        1456,
        1016,
        2226,
        1179
      ]
    },
    "col_05": {
      "text": "",
      "image": "chart_rows/page_035/row_002/cells/col_05.png",
      "image_tight": "chart_rows/page_035/row_002/cells/col_05_tight.png",
      "bbox_pdf": [
        320.6000061035156,
        146.33169555664062,
        474.3236999511719,
        169.84640502929688
      ],
      "bbox_px_page": [
        2226,
        1016,
        3293,
        1179
      ]
    },
    "col_06": {
      "text": "",
      "image": "chart_rows/page_035/row_002/cells/col_06.png",
      "image_tight": "chart_rows/page_035/row_002/cells/col_06_tight.png",
      "bbox_pdf": [
        474.3236999511719,
        146.33169555664062,
        585.386962890625,
        169.84640502929688
      ],
      "bbox_px_page": [
        3293,
        1016,
        4065,
        1179
      ]
    },
    "col_07": {
      "text": "",
      "image": "chart_rows/page_035/row_002/cells/col_07.png",
      "image_tight": "chart_rows/page_035/row_002/cells/col_07_tight.png",
      "bbox_pdf": [
        585.386962890625,
        146.33169555664062,
        669.9257489442825,
        169.84640502929688
      ],
      "bbox_px_page": [
        4065,
        1016,
        4652,
        1179
      ]
    },
    "col_08": {
      "text": "Yacht harbor, marina",
      "image": "chart_rows/page_035/row_002/cells/col_08.png",
      "image_tight": "chart_rows/page_035/row_002/cells/col_08_tight.png",
      "bbox_pdf": [
        669.9257489442825,
        146.33169555664062,
        755.734619140625,
        169.84640502929688
      ],
      "bbox_px_page": [
        4652,
        1016,
        5248,
        1179
      ]
    }
  }
}