{
  "id": "p019_r008",
  "page_number": 19,
  "row_index": 8,
  "no": "20",
  "row_text": "River, Stream",
  "row_image": "chart_rows/page_019/row_008/row.png",
  "cells": {
    "No": {
      "text": "20",
      "image": "chart_rows/page_019/row_008/cells/No.png",
      "image_tight": "chart_rows/page_019/row_008/cells/No_tight.png",
      "bbox_pdf": [
        54.07160186767578,
        431.07269287109375,
        82.99796140193939,
        489.1157227754593
      ],
      "bbox_px_page": [
        375,
        2993,
        576,
        3396
      ]
    },
    "INT": {
      "text": "",
      "image": "chart_rows/page_019/row_008/cells/INT.png",
      "image_tight": "chart_rows/page_019/row_008/cells/INT_tight.png",
      "bbox_pdf": [
        82.99796140193939,
        431.07269287109375,
        211.40581703186035,
        489.1157227754593
      ],
      "bbox_px_page": [
        576,
        2993,
        1468,
        3396
      ]
    },
    "Description": {
      "text": "River, Stream",
      "image": "chart_rows/page_019/row_008/cells/Description.png",
      "image_tight": "chart_rows/page_019/row_008/cells/Description_tight.png",
      "bbox_pdf": [
        211.40581703186035,
        431.07269287109375,
        320.6000061035156,
        489.1157227754593
      ],
      "bbox_px_page": [
        1468,
        2993,
        2226,
        3396
      ]
    },
    "NOAA": {
      "text": "",
      "image": "chart_rows/page_019/row_008/cells/NOAA.png",
      "image_tight": "chart_rows/page_019/row_008/cells/NOAA_tight.png",
      "bbox_pdf": [
        320.6000061035156,
        431.07269287109375,
        474.3236999511719,
        489.1157227754593
      ],
      "bbox_px_page": [
        2226,
        2993,
        3293,
        3396
      ]
    },
    "NGA": {
      "text": "",
      "image": "chart_rows/page_019/row_008/cells/NGA.png",
      "image_tight": "chart_rows/page_019/row_008/cells/NGA_tight.png",
      "bbox_pdf": [
        474.3236999511719,
        431.07269287109375,
        585.5497436523438,
        489.1157227754593
      ],
      "bbox_px_page": [
        3293,
        2993,
        4066,
        3396
      ]
    },
    "OtherNGA": {
      "text": "",
      "image": "chart_rows/page_019/row_008/cells/OtherNGA.png",
      "image_tight": "chart_rows/page_019/row_008/cells/OtherNGA_tight.png",
      "bbox_pdf": [
        585.5497436523438,
        431.07269287109375,
        669.9003596305847,
        489.1157227754593
      ],
      "bbox_px_page": [
        4066,
        2993,
        4652,
        3396
      ]
    },
    "ECDIS": {
      "text": "River",
      "image": "chart_rows/page_019/row_008/cells/ECDIS.png",
      "image_tight": "chart_rows/page_019/row_008/cells/ECDIS_tight.png",
      "bbox_pdf": [
        669.9003596305847,
        431.07269287109375,
        755.734619140625,
        489.1157227754593
      ],
      "bbox_px_page": [
        4652,
        2993,
        5248,
        3396
      ]
    }
  }
}