{
  "id": "p037_r007",
  "page_number": 37,
  "row_index": 7,
  "no": "44",
  "row_text": "Dam, Weir (direction of flow shown is left to right)",
  "row_image": "chart_rows/page_037/row_007/row.png",
  "cells": {
    "col_01": {
      "text": "44",
      "image": "chart_rows/page_037/row_007/cells/col_01.png",
      "image_tight": "chart_rows/page_037/row_007/cells/col_01_tight.png",
      "bbox_pdf": [
        54.07160186767578,
        486.1192419771105,
        83.0,
        538.2160034179688
      ],
      "bbox_px_page": [
        375,
        3375,
        576,
        3737
      ]
    },
    "col_02": {
      "text": "",
      "image": "chart_rows/page_037/row_007/cells/col_02.png",
      "image_tight": "chart_rows/page_037/row_007/cells/col_02_tight.png",
      "bbox_pdf": [
        83.0,
        486.1192419771105,
        148.33418422937393,
        538.2160034179688
      ],
      "bbox_px_page": [
        576,
        3375,
        1030,
        3737
      ]
    },
    "col_03": {
      "text": "",
      "image": "chart_rows/page_037/row_007/cells/col_03.png",
      "image_tight": "chart_rows/page_037/row_007/cells/col_03_tight.png",
      "bbox_pdf": [
        148.33418422937393,
        486.1192419771105,
        209.80630493164062,
        538.2160034179688
      ],
      "bbox_px_page": [
        1030,
        3375,
        1456,
        3737
      ]
    },
    "col_04": {
      "text": "Dam, Weir (direction of flow shown is left to right)",
      "image": "chart_rows/page_037/row_007/cells/col_04.png",
      "image_tight": "chart_rows/page_037/row_007/cells/col_04_tight.png",
      "bbox_pdf": [
        209.80630493164062,
        486.1192419771105,
        320.6000061035156,
        538.2160034179688
      ],
      "bbox_px_page": [
        1456,
        3375,
        2226,
        3737
      ]
    },
    "col_05": {
      "text": "",
      "image": "chart_rows/page_037/row_007/cells/col_05.png",
      "image_tight": "chart_rows/page_037/row_007/cells/col_05_tight.png",
      "bbox_pdf": [
        320.6000061035156,
        486.1192419771105,
        474.3236999511719,
        538.2160034179688
      ],
      "bbox_px_page": [
        2226,
        3375,
        3293,
        3737
      ]
    },
    "col_06": {
      "text": "",
      "image": "chart_rows/page_037/row_007/cells/col_06.png",
      "image_tight": "chart_rows/page_037/row_007/cells/col_06_tight.png",
      "bbox_pdf": [
        474.3236999511719,
        486.1192419771105,
        585.386962890625,
        538.2160034179688
      ],
      "bbox_px_page": [
        3293,
        3375,
        4065,
        3737
      ]
    },
    "col_07": {
      "text": "",
      "image": "chart_rows/page_037/row_007/cells/col_07.png",
      "image_tight": "chart_rows/page_037/row_007/cells/col_07_tight.png",
      "bbox_pdf": [
        585.386962890625,
        486.1192419771105,
        669.9257489442825,
        538.2160034179688
      ],
      "bbox_px_page": [
        4065,
        3375,
        4652,
        3737
      ]
    },
    "col_08": {
      "text": "Dam as a line Dam as an area",
      "image": "chart_rows/page_037/row_007/cells/col_08.png",
      "image_tight": "chart_rows/page_037/row_007/cells/col_08_tight.png",
      "bbox_pdf": [
        669.9257489442825,
        486.1192419771105,
        755.734619140625,
        538.2160034179688
      ],
      "bbox_px_page": [
        4652,
        3375,
        5248,
        3737
      ]
    }
  }
}