{
  "id": "p062_r002",
  "page_number": 62,
  "row_index": 2,
  "no": "14",
  "row_text": "Disused platform with superstructure removed",
  "row_image": "chart_rows/page_062/row_002/row.png",
  "cells": {
    "col_01": {
      "text": "14",
      "image": "chart_rows/page_062/row_002/cells/col_01.png",
      "image_tight": "chart_rows/page_062/row_002/cells/col_01_tight.png",
      "bbox_pdf": [
        36.07160186767578,
        129.28158569335938,
        66.97056174278259,
        155.92160034179688
      ],
      "bbox_px_page": [
        250,
        897,
        465,
        1082
      ]
    },
    "col_02": {
      "text": "Ru Z-44 (ru)",
      "image": "chart_rows/page_062/row_002/cells/col_02.png",
      "image_tight": "chart_rows/page_062/row_002/cells/col_02_tight.png",
      "bbox_pdf": [
        66.97056174278259,
        129.28158569335938,
        191.8062746396463,
        155.92160034179688
      ],
      "bbox_px_page": [
        465,
        897,
        1331,
        1082
      ]
    },
    "col_03": {
      "text": "Disused platform with superstructure removed",
      "image": "chart_rows/page_062/row_002/cells/col_03.png",
      "image_tight": "chart_rows/page_062/row_002/cells/col_03_tight.png",
      "bbox_pdf": [
        191.8062746396463,
        129.28158569335938,
        302.6000061035156,
        155.92160034179688
      ],
      "bbox_px_page": [
        1331,
        897,
        2101,
        1082
      ]
    },
    "col_04": {
      "text": "",
      "image": "chart_rows/page_062/row_002/cells/col_04.png",
      "image_tight": "chart_rows/page_062/row_002/cells/col_04_tight.png",
      "bbox_pdf": [
        302.6000061035156,
        129.28158569335938,
        381.01983642578125,
        155.92160034179688
      ],
      "bbox_px_page": [
        2101,
        897,
        2645,
        1082
      ]
    },
    "col_05": {
      "text": "",
      "image": "chart_rows/page_062/row_002/cells/col_05.png",
      "image_tight": "chart_rows/page_062/row_002/cells/col_05_tight.png",
      "bbox_pdf": [
        381.01983642578125,
        129.28158569335938,
        456.3236999511719,
        155.92160034179688
      ],
      "bbox_px_page": [
        2645,
        897,
        3168,
        1082
      ]
    },
    "col_06": {
      "text": "(disused)",
      "image": "chart_rows/page_062/row_002/cells/col_06.png",
      "image_tight": "chart_rows/page_062/row_002/cells/col_06_tight.png",
      "bbox_pdf": [
        456.3236999511719,
        129.28158569335938,
        566.1237182617188,
        155.92160034179688
      ],
      "bbox_px_page": [
        3168,
        897,
        3931,
        1082
      ]
    },
    "col_07": {
      "text": "o",
      "image": "chart_rows/page_062/row_002/cells/col_07.png",
      "image_tight": "chart_rows/page_062/row_002/cells/col_07_tight.png",
      "bbox_pdf": [
        566.1237182617188,
        129.28158569335938,
        651.9290771484375,
        155.92160034179688
      ],
      "bbox_px_page": [
        3931,
        897,
        4527,
        1082
      ]
    },
    "col_08": {
      "text": "obtained by cursor pick",
      "image": "chart_rows/page_062/row_002/cells/col_08.png",
      "image_tight": "chart_rows/page_062/row_002/cells/col_08_tight.png",
      "bbox_pdf": [
        651.9290771484375,
        129.28158569335938,
        737.734619140625,
        155.92160034179688
      ],
      "bbox_px_page": [
        4527,
        897,
        5123,
        1082
      ]
    }
  }
}