{
  "id": "p021_r005",
  "page_number": 21,
  "row_index": 5,
  "no": "31.4",
  "row_text": "Vegetation, line of trees",
  "row_image": "chart_rows/page_021/row_005/row.png",
  "cells": {
    "No": {
      "text": "31.4",
      "image": "chart_rows/page_021/row_005/cells/No.png",
      "image_tight": "chart_rows/page_021/row_005/cells/No_tight.png",
      "bbox_pdf": [
        54.07160186767578,
        172.21600341796875,
        82.99796140193939,
        192.91769409179688
      ],
      "bbox_px_page": [
        375,
        1195,
        576,
        1339
      ]
    },
    "INT": {
      "text": "",
      "image": "chart_rows/page_021/row_005/cells/INT.png",
      "image_tight": "chart_rows/page_021/row_005/cells/INT_tight.png",
      "bbox_pdf": [
        82.99796140193939,
        172.21600341796875,
        211.40581703186035,
        192.91769409179688
      ],
      "bbox_px_page": [
        576,
        1195,
        1468,
        1339
      ]
    },
    "Description": {
      "text": "Palm",
      "image": "chart_rows/page_021/row_005/cells/Description.png",
      "image_tight": "chart_rows/page_021/row_005/cells/Description_tight.png",
      "bbox_pdf": [
        211.40581703186035,
        172.21600341796875,
        320.6000061035156,
        192.91769409179688
      ],
      "bbox_px_page": [
        1468,
        1195,
        2226,
        1339
      ]
    },
    "NOAA": {
      "text": "",
      "image": "chart_rows/page_021/row_005/cells/NOAA.png",
      "image_tight": "chart_rows/page_021/row_005/cells/NOAA_tight.png",
      "bbox_pdf": [
        320.6000061035156,
        172.21600341796875,
        474.3236999511719,
        192.91769409179688
      ],
      "bbox_px_page": [
        2226,
        1195,
        3293,
        1339
      ]
    },
    "NGA": {
      "text": "",
      "image": "chart_rows/page_021/row_005/cells/NGA.png",
      "image_tight": "chart_rows/page_021/row_005/cells/NGA_tight.png",
      "bbox_pdf": [
        474.3236999511719,
        172.21600341796875,
        585.5497436523438,
        192.91769409179688
      ],
      "bbox_px_page": [
        3293,
        1195,
        4066,
        1339
      ]
    },
    "OtherNGA": {
      "text": "",
      "image": "chart_rows/page_021/row_005/cells/OtherNGA.png",
      "image_tight": "chart_rows/page_021/row_005/cells/OtherNGA_tight.png",
      "bbox_pdf": [
        585.5497436523438,
        172.21600341796875,
        669.9003596305847,
        192.91769409179688
      ],
      "bbox_px_page": [
        4066,
        1195,
        4652,
        1339
      ]
    },
    "ECDIS": {
      "text": "Vegetation, line of trees",
      "image": "chart_rows/page_021/row_005/cells/ECDIS.png",
      "image_tight": "chart_rows/page_021/row_005/cells/ECDIS_tight.png",
      "bbox_pdf": [
        669.9003596305847,
        172.21600341796875,
        755.734619140625,
        192.91769409179688
      ],
      "bbox_px_page": [
        4652,
        1195,
        5248,
        1339
      ]
    }
  }
}