{
  "id": "p020_r006",
  "page_number": 20,
  "row_index": 6,
  "no": "Vegeta",
  "row_text": "Supplementary national sy",
  "row_image": "chart_rows/page_020/row_006/row.png",
  "cells": {
    "col_01": {
      "text": "Vegeta",
      "image": "chart_rows/page_020/row_006/cells/col_01.png",
      "image_tight": "chart_rows/page_020/row_006/cells/col_01_tight.png",
      "bbox_pdf": [
        36.07160186767578,
        403.43157958984375,
        66.83821793145034,
        421.43157958984375
      ],
      "bbox_px_page": [
        250,
        2801,
        464,
        2926
      ]
    },
    "col_02": {
      "text": "ation",
      "image": "chart_rows/page_020/row_006/cells/col_02.png",
      "image_tight": "chart_rows/page_020/row_006/cells/col_02_tight.png",
      "bbox_pdf": [
        66.83821793145034,
        403.43157958984375,
        128.35996961593628,
        421.43157958984375
      ],
      "bbox_px_page": [
        464,
        2801,
        891,
        2926
      ]
    },
    "col_03": {
      "text": "",
      "image": "chart_rows/page_020/row_006/cells/col_03.png",
      "image_tight": "chart_rows/page_020/row_006/cells/col_03_tight.png",
      "bbox_pdf": [
        128.35996961593628,
        403.43157958984375,
        192.74342723796144,
        421.43157958984375
      ],
      "bbox_px_page": [
        891,
        2801,
        1338,
        2926
      ]
    },
    "col_04": {
      "text": "",
      "image": "chart_rows/page_020/row_006/cells/col_04.png",
      "image_tight": "chart_rows/page_020/row_006/cells/col_04_tight.png",
      "bbox_pdf": [
        192.74342723796144,
        403.43157958984375,
        302.6000061035156,
        421.43157958984375
      ],
      "bbox_px_page": [
        1338,
        2801,
        2101,
        2926
      ]
    },
    "col_05": {
      "text": "",
      "image": "chart_rows/page_020/row_006/cells/col_05.png",
      "image_tight": "chart_rows/page_020/row_006/cells/col_05_tight.png",
      "bbox_pdf": [
        302.6000061035156,
        403.43157958984375,
        456.3236999511719,
        421.43157958984375
      ],
      "bbox_px_page": [
        2101,
        2801,
        3168,
        2926
      ]
    },
    "col_06": {
      "text": "",
      "image": "chart_rows/page_020/row_006/cells/col_06.png",
      "image_tight": "chart_rows/page_020/row_006/cells/col_06_tight.png",
      "bbox_pdf": [
        456.3236999511719,
        403.43157958984375,
        567.5356597900391,
        421.43157958984375
      ],
      "bbox_px_page": [
        3168,
        2801,
        3941,
        2926
      ]
    },
    "col_07": {
      "text": "Supplementary national sy",
      "image": "chart_rows/page_020/row_006/cells/col_07.png",
      "image_tight": "chart_rows/page_020/row_006/cells/col_07_tight.png",
      "bbox_pdf": [
        567.5356597900391,
        403.43157958984375,
        651.9163010418415,
        421.43157958984375
      ],
      "bbox_px_page": [
        3941,
        2801,
        4527,
        2926
      ]
    },
    "col_08": {
      "text": "ymbols: i–t",
      "image": "chart_rows/page_020/row_006/cells/col_08.png",
      "image_tight": "chart_rows/page_020/row_006/cells/col_08_tight.png",
      "bbox_pdf": [
        651.9163010418415,
        403.43157958984375,
        737.734619140625,
        421.43157958984375
      ],
      "bbox_px_page": [
        4527,
        2801,
        5123,
        2926
      ]
    }
  }
}