{
  "id": "p060_r013",
  "page_number": 60,
  "row_index": 13,
  "no": "n",
  "row_text": "Sinkers",
  "row_image": "chart_rows/page_060/row_013/row.png",
  "cells": {
    "col_01": {
      "text": "n",
      "image": "chart_rows/page_060/row_013/cells/col_01.png",
      "image_tight": "chart_rows/page_060/row_013/cells/col_01_tight.png",
      "bbox_pdf": [
        36.07160186767578,
        405.0701904296875,
        66.97056174278259,
        441.0701904296875
      ],
      "bbox_px_page": [
        250,
        2812,
        465,
        3062
      ]
    },
    "col_02": {
      "text": "",
      "image": "chart_rows/page_060/row_013/cells/col_02.png",
      "image_tight": "chart_rows/page_060/row_013/cells/col_02_tight.png",
      "bbox_pdf": [
        66.97056174278259,
        405.0701904296875,
        191.8062746396463,
        441.0701904296875
      ],
      "bbox_px_page": [
        465,
        2812,
        1331,
        3062
      ]
    },
    "col_03": {
      "text": "Sinkers",
      "image": "chart_rows/page_060/row_013/cells/col_03.png",
      "image_tight": "chart_rows/page_060/row_013/cells/col_03_tight.png",
      "bbox_pdf": [
        191.8062746396463,
        405.0701904296875,
        302.6000061035156,
        441.0701904296875
      ],
      "bbox_px_page": [
        1331,
        2812,
        2101,
        3062
      ]
    },
    "col_04": {
      "text": "",
      "image": "chart_rows/page_060/row_013/cells/col_04.png",
      "image_tight": "chart_rows/page_060/row_013/cells/col_04_tight.png",
      "bbox_pdf": [
        302.6000061035156,
        405.0701904296875,
        381.01983642578125,
        441.0701904296875
      ],
      "bbox_px_page": [
        2101,
        2812,
        2645,
        3062
      ]
    },
    "col_05": {
      "text": "",
      "image": "chart_rows/page_060/row_013/cells/col_05.png",
      "image_tight": "chart_rows/page_060/row_013/cells/col_05_tight.png",
      "bbox_pdf": [
        381.01983642578125,
        405.0701904296875,
        456.3236999511719,
        441.0701904296875
      ],
      "bbox_px_page": [
        2645,
        2812,
        3168,
        3062
      ]
    },
    "col_06": {
      "text": "",
      "image": "chart_rows/page_060/row_013/cells/col_06.png",
      "image_tight": "chart_rows/page_060/row_013/cells/col_06_tight.png",
      "bbox_pdf": [
        456.3236999511719,
        405.0701904296875,
        566.1237182617188,
        441.0701904296875
      ],
      "bbox_px_page": [
        3168,
        2812,
        3931,
        3062
      ]
    },
    "col_07": {
      "text": "",
      "image": "chart_rows/page_060/row_013/cells/col_07.png",
      "image_tight": "chart_rows/page_060/row_013/cells/col_07_tight.png",
      "bbox_pdf": [
        566.1237182617188,
        405.0701904296875,
        651.9290771484375,
        441.0701904296875
      ],
      "bbox_px_page": [
        3931,
        2812,
        4527,
        3062
      ]
    },
    "col_08": {
      "text": "",
      "image": "chart_rows/page_060/row_013/cells/col_08.png",
      "image_tight": "chart_rows/page_060/row_013/cells/col_08_tight.png",
      "bbox_pdf": [
        651.9290771484375,
        405.0701904296875,
        737.734619140625,
        441.0701904296875
      ],
      "bbox_px_page": [
        4527,
        2812,
        5123,
        3062
      ]
    }
  }
}