{
  "id": "p018_r001",
  "page_number": 18,
  "row_index": 1,
  "no": "Foresh",
  "row_text": "hore → I, J",
  "row_image": "chart_rows/page_018/row_001/row.png",
  "cells": {
    "No": {
      "text": "Foresh",
      "image": "chart_rows/page_018/row_001/cells/No.png",
      "image_tight": "chart_rows/page_018/row_001/cells/No_tight.png",
      "bbox_pdf": [
        36.07160186767578,
        108.07089233398438,
        64.99938281575669,
        126.07089233398438
      ],
      "bbox_px_page": [
        250,
        750,
        451,
        875
      ]
    },
    "INT": {
      "text": "hore → I, J",
      "image": "chart_rows/page_018/row_001/cells/INT.png",
      "image_tight": "chart_rows/page_018/row_001/cells/INT_tight.png",
      "bbox_pdf": [
        64.99938281575669,
        108.07089233398438,
        193.06974206492305,
        126.07089233398438
      ],
      "bbox_px_page": [
        451,
        750,
        1340,
        875
      ]
    },
    "Description": {
      "text": "",
      "image": "chart_rows/page_018/row_001/cells/Description.png",
      "image_tight": "chart_rows/page_018/row_001/cells/Description_tight.png",
      "bbox_pdf": [
        193.06974206492305,
        108.07089233398438,
        304.3567180633545,
        126.07089233398438
      ],
      "bbox_px_page": [
        1340,
        750,
        2113,
        875
      ]
    },
    "NOAA": {
      "text": "",
      "image": "chart_rows/page_018/row_001/cells/NOAA.png",
      "image_tight": "chart_rows/page_018/row_001/cells/NOAA_tight.png",
      "bbox_pdf": [
        304.3567180633545,
        108.07089233398438,
        456.3229369148612,
        126.07089233398438
      ],
      "bbox_px_page": [
        2113,
        750,
        3168,
        875
      ]
    },
    "NGA": {
      "text": "",
      "image": "chart_rows/page_018/row_001/cells/NGA.png",
      "image_tight": "chart_rows/page_018/row_001/cells/NGA_tight.png",
      "bbox_pdf": [
        456.3229369148612,
        108.07089233398438,
        567.7757158279419,
        126.07089233398438
      ],
      "bbox_px_page": [
        3168,
        750,
        3942,
        875
      ]
    },
    "OtherNGA": {
      "text": "",
      "image": "chart_rows/page_018/row_001/cells/OtherNGA.png",
      "image_tight": "chart_rows/page_018/row_001/cells/OtherNGA_tight.png",
      "bbox_pdf": [
        567.7757158279419,
        108.07089233398438,
        651.92743146047,
        126.07089233398438
      ],
      "bbox_px_page": [
        3942,
        750,
        4527,
        875
      ]
    },
    "ECDIS": {
      "text": "",
      "image": "chart_rows/page_018/row_001/cells/ECDIS.png",
      "image_tight": "chart_rows/page_018/row_001/cells/ECDIS_tight.png",
      "bbox_pdf": [
        651.92743146047,
        108.07089233398438,
        737.734619140625,
        126.07089233398438
      ],
      "bbox_px_page": [
        4527,
        750,
        5123,
        875
      ]
    }
  }
}