{
  "id": "p061_r002",
  "page_number": 61,
  "row_index": 2,
  "no": "1",
  "row_text": "Area to be navigated with caution, name is obtained by cursor pick",
  "row_image": "chart_rows/page_061/row_002/row.png",
  "cells": {
    "No": {
      "text": "1",
      "image": "chart_rows/page_061/row_002/cells/No.png",
      "image_tight": "chart_rows/page_061/row_002/cells/No_tight.png",
      "bbox_pdf": [
        54.07160186767578,
        126.0701904296875,
        82.99796140193939,
        182.8800048828125
      ],
      "bbox_px_page": [
        375,
        875,
        576,
        1270
      ]
    },
    "INT": {
      "text": "Ekofisk Oilfield",
      "image": "chart_rows/page_061/row_002/cells/INT.png",
      "image_tight": "chart_rows/page_061/row_002/cells/INT_tight.png",
      "bbox_pdf": [
        82.99796140193939,
        126.0701904296875,
        211.40581703186035,
        182.8800048828125
      ],
      "bbox_px_page": [
        576,
        875,
        1468,
        1270
      ]
    },
    "Description": {
      "text": "Name of oilfield or gasfield",
      "image": "chart_rows/page_061/row_002/cells/Description.png",
      "image_tight": "chart_rows/page_061/row_002/cells/Description_tight.png",
      "bbox_pdf": [
        211.40581703186035,
        126.0701904296875,
        320.6000061035156,
        182.8800048828125
      ],
      "bbox_px_page": [
        1468,
        875,
        2226,
        1270
      ]
    },
    "NOAA": {
      "text": "CORRIB GAS FIELD Well Well Well Well 348 346 334 334",
      "image": "chart_rows/page_061/row_002/cells/NOAA.png",
      "image_tight": "chart_rows/page_061/row_002/cells/NOAA_tight.png",
      "bbox_pdf": [
        320.6000061035156,
        126.0701904296875,
        474.3236999511719,
        182.8800048828125
      ],
      "bbox_px_page": [
        2226,
        875,
        3293,
        1270
      ]
    },
    "NGA": {
      "text": "",
      "image": "chart_rows/page_061/row_002/cells/NGA.png",
      "image_tight": "chart_rows/page_061/row_002/cells/NGA_tight.png",
      "bbox_pdf": [
        474.3236999511719,
        126.0701904296875,
        585.5497436523438,
        182.8800048828125
      ],
      "bbox_px_page": [
        3293,
        875,
        4066,
        1270
      ]
    },
    "OtherNGA": {
      "text": "",
      "image": "chart_rows/page_061/row_002/cells/OtherNGA.png",
      "image_tight": "chart_rows/page_061/row_002/cells/OtherNGA_tight.png",
      "bbox_pdf": [
        585.5497436523438,
        126.0701904296875,
        669.9003596305847,
        182.8800048828125
      ],
      "bbox_px_page": [
        4066,
        875,
        4652,
        1270
      ]
    },
    "ECDIS": {
      "text": "Area to be navigated with caution, name is obtained by cursor pick",
      "image": "chart_rows/page_061/row_002/cells/ECDIS.png",
      "image_tight": "chart_rows/page_061/row_002/cells/ECDIS_tight.png",
      "bbox_pdf": [
        669.9003596305847,
        126.0701904296875,
        755.734619140625,
        182.8800048828125
      ],
      "bbox_px_page": [
        4652,
        875,
        5248,
        1270
      ]
    }
  }
}