{
  "id": "p033_r007",
  "page_number": 33,
  "row_index": 7,
  "no": "4.2",
  "row_text": "Breakwater (loose boulders, tetrapods, etc.)",
  "row_image": "chart_rows/page_033/row_007/row.png",
  "cells": {
    "No": {
      "text": "4.2",
      "image": "chart_rows/page_033/row_007/cells/No.png",
      "image_tight": "chart_rows/page_033/row_007/cells/No_tight.png",
      "bbox_pdf": [
        54.07160186767578,
        467.28082275390625,
        82.99796140193939,
        501.13885498046875
      ],
      "bbox_px_page": [
        375,
        3245,
        576,
        3480
      ]
    },
    "INT": {
      "text": "",
      "image": "chart_rows/page_033/row_007/cells/INT.png",
      "image_tight": "chart_rows/page_033/row_007/cells/INT_tight.png",
      "bbox_pdf": [
        82.99796140193939,
        467.28082275390625,
        211.40581703186035,
        501.13885498046875
      ],
      "bbox_px_page": [
        576,
        3245,
        1468,
        3480
      ]
    },
    "Description": {
      "text": "Breakwater (loose boulders, tetrapods, etc.)",
      "image": "chart_rows/page_033/row_007/cells/Description.png",
      "image_tight": "chart_rows/page_033/row_007/cells/Description_tight.png",
      "bbox_pdf": [
        211.40581703186035,
        467.28082275390625,
        320.6000061035156,
        501.13885498046875
      ],
      "bbox_px_page": [
        1468,
        3245,
        2226,
        3480
      ]
    },
    "NOAA": {
      "text": "",
      "image": "chart_rows/page_033/row_007/cells/NOAA.png",
      "image_tight": "chart_rows/page_033/row_007/cells/NOAA_tight.png",
      "bbox_pdf": [
        320.6000061035156,
        467.28082275390625,
        474.3236999511719,
        501.13885498046875
      ],
      "bbox_px_page": [
        2226,
        3245,
        3293,
        3480
      ]
    },
    "NGA": {
      "text": "",
      "image": "chart_rows/page_033/row_007/cells/NGA.png",
      "image_tight": "chart_rows/page_033/row_007/cells/NGA_tight.png",
      "bbox_pdf": [
        474.3236999511719,
        467.28082275390625,
        585.5497436523438,
        501.13885498046875
      ],
      "bbox_px_page": [
        3293,
        3245,
        4066,
        3480
      ]
    },
    "OtherNGA": {
      "text": "",
      "image": "chart_rows/page_033/row_007/cells/OtherNGA.png",
      "image_tight": "chart_rows/page_033/row_007/cells/OtherNGA_tight.png",
      "bbox_pdf": [
        585.5497436523438,
        467.28082275390625,
        669.9003596305847,
        501.13885498046875
      ],
      "bbox_px_page": [
        4066,
        3245,
        4652,
        3480
      ]
    },
    "ECDIS": {
      "text": "Breakwater as an area",
      "image": "chart_rows/page_033/row_007/cells/ECDIS.png",
      "image_tight": "chart_rows/page_033/row_007/cells/ECDIS_tight.png",
      "bbox_pdf": [
        669.9003596305847,
        467.28082275390625,
        755.734619140625,
        501.13885498046875
      ],
      "bbox_px_page": [
        4652,
        3245,
        5248,
        3480
      ]
    }
  }
}