{
  "id": "p029_r013",
  "page_number": 29,
  "row_index": 13,
  "no": "13",
  "row_text": "Temple, Pagoda, Shrine, Marabout, Joss house",
  "row_image": "chart_rows/page_029/row_013/row.png",
  "cells": {
    "No": {
      "text": "13",
      "image": "chart_rows/page_029/row_013/cells/No.png",
      "image_tight": "chart_rows/page_029/row_013/cells/No_tight.png",
      "bbox_pdf": [
        54.07160186767578,
        546.7020263671875,
        82.99796140193939,
        569.1466064453125
      ],
      "bbox_px_page": [
        375,
        3796,
        576,
        3952
      ]
    },
    "INT": {
      "text": "",
      "image": "chart_rows/page_029/row_013/cells/INT.png",
      "image_tight": "chart_rows/page_029/row_013/cells/INT_tight.png",
      "bbox_pdf": [
        82.99796140193939,
        546.7020263671875,
        211.40581703186035,
        569.1466064453125
      ],
      "bbox_px_page": [
        576,
        3796,
        1468,
        3952
      ]
    },
    "Description": {
      "text": "Temple, Pagoda, Shrine, Marabout, Joss house",
      "image": "chart_rows/page_029/row_013/cells/Description.png",
      "image_tight": "chart_rows/page_029/row_013/cells/Description_tight.png",
      "bbox_pdf": [
        211.40581703186035,
        546.7020263671875,
        320.6000061035156,
        569.1466064453125
      ],
      "bbox_px_page": [
        1468,
        3796,
        2226,
        3952
      ]
    },
    "NOAA": {
      "text": "",
      "image": "chart_rows/page_029/row_013/cells/NOAA.png",
      "image_tight": "chart_rows/page_029/row_013/cells/NOAA_tight.png",
      "bbox_pdf": [
        320.6000061035156,
        546.7020263671875,
        474.3236999511719,
        569.1466064453125
      ],
      "bbox_px_page": [
        2226,
        3796,
        3293,
        3952
      ]
    },
    "NGA": {
      "text": "",
      "image": "chart_rows/page_029/row_013/cells/NGA.png",
      "image_tight": "chart_rows/page_029/row_013/cells/NGA_tight.png",
      "bbox_pdf": [
        474.3236999511719,
        546.7020263671875,
        585.5497436523438,
        569.1466064453125
      ],
      "bbox_px_page": [
        3293,
        3796,
        4066,
        3952
      ]
    },
    "OtherNGA": {
      "text": "",
      "image": "chart_rows/page_029/row_013/cells/OtherNGA.png",
      "image_tight": "chart_rows/page_029/row_013/cells/OtherNGA_tight.png",
      "bbox_pdf": [
        585.5497436523438,
        546.7020263671875,
        669.9003596305847,
        569.1466064453125
      ],
      "bbox_px_page": [
        4066,
        3796,
        4652,
        3952
      ]
    },
    "ECDIS": {
      "text": "Religious building, non-Christian",
      "image": "chart_rows/page_029/row_013/cells/ECDIS.png",
      "image_tight": "chart_rows/page_029/row_013/cells/ECDIS_tight.png",
      "bbox_pdf": [
        669.9003596305847,
        546.7020263671875,
        755.734619140625,
        569.1466064453125
      ],
      "bbox_px_page": [
        4652,
        3796,
        5248,
        3952
      ]
    }
  }
}