{
  "id": "p031_r015",
  "page_number": 31,
  "row_index": 15,
  "no": "a",
  "row_text": "Muslim shrine",
  "row_image": "chart_rows/page_031/row_015/row.png",
  "cells": {
    "col_01": {
      "text": "a",
      "image": "chart_rows/page_031/row_015/cells/col_01.png",
      "image_tight": "chart_rows/page_031/row_015/cells/col_01_tight.png",
      "bbox_pdf": [
        54.07160186767578,
        501.54791259765625,
        83.0,
        523.5944213867188
      ],
      "bbox_px_page": [
        375,
        3482,
        576,
        3636
      ]
    },
    "col_02": {
      "text": "",
      "image": "chart_rows/page_031/row_015/cells/col_02.png",
      "image_tight": "chart_rows/page_031/row_015/cells/col_02_tight.png",
      "bbox_pdf": [
        83.0,
        501.54791259765625,
        209.80630493164062,
        523.5944213867188
      ],
      "bbox_px_page": [
        576,
        3482,
        1456,
        3636
      ]
    },
    "col_03": {
      "text": "Muslim shrine",
      "image": "chart_rows/page_031/row_015/cells/col_03.png",
      "image_tight": "chart_rows/page_031/row_015/cells/col_03_tight.png",
      "bbox_pdf": [
        209.80630493164062,
        501.54791259765625,
        320.6000061035156,
        523.5944213867188
      ],
      "bbox_px_page": [
        1456,
        3482,
        2226,
        3636
      ]
    },
    "col_04": {
      "text": "†",
      "image": "chart_rows/page_031/row_015/cells/col_04.png",
      "image_tight": "chart_rows/page_031/row_015/cells/col_04_tight.png",
      "bbox_pdf": [
        320.6000061035156,
        501.54791259765625,
        397.2838134765625,
        523.5944213867188
      ],
      "bbox_px_page": [
        2226,
        3482,
        2758,
        3636
      ]
    },
    "col_05": {
      "text": "",
      "image": "chart_rows/page_031/row_015/cells/col_05.png",
      "image_tight": "chart_rows/page_031/row_015/cells/col_05_tight.png",
      "bbox_pdf": [
        397.2838134765625,
        501.54791259765625,
        474.3236999511719,
        523.5944213867188
      ],
      "bbox_px_page": [
        2758,
        3482,
        3293,
        3636
      ]
    },
    "col_06": {
      "text": "",
      "image": "chart_rows/page_031/row_015/cells/col_06.png",
      "image_tight": "chart_rows/page_031/row_015/cells/col_06_tight.png",
      "bbox_pdf": [
        474.3236999511719,
        501.54791259765625,
        584.1237182617188,
        523.5944213867188
      ],
      "bbox_px_page": [
        3293,
        3482,
        4056,
        3636
      ]
    },
    "col_07": {
      "text": "",
      "image": "chart_rows/page_031/row_015/cells/col_07.png",
      "image_tight": "chart_rows/page_031/row_015/cells/col_07_tight.png",
      "bbox_pdf": [
        584.1237182617188,
        501.54791259765625,
        669.9290771484375,
        523.5944213867188
      ],
      "bbox_px_page": [
        4056,
        3482,
        4652,
        3636
      ]
    },
    "col_08": {
      "text": "",
      "image": "chart_rows/page_031/row_015/cells/col_08.png",
      "image_tight": "chart_rows/page_031/row_015/cells/col_08_tight.png",
      "bbox_pdf": [
        669.9290771484375,
        501.54791259765625,
        755.734619140625,
        523.5944213867188
      ],
      "bbox_px_page": [
        4652,
        3482,
        5248,
        3636
      ]
    }
  }
}