{
  "id": "p033_r004",
  "page_number": 33,
  "row_index": 4,
  "no": "2.2",
  "row_text": "Seawall (on small scale charts)",
  "row_image": "chart_rows/page_033/row_004/row.png",
  "cells": {
    "No": {
      "text": "2.2",
      "image": "chart_rows/page_033/row_004/cells/No.png",
      "image_tight": "chart_rows/page_033/row_004/cells/No_tight.png",
      "bbox_pdf": [
        54.07160186767578,
        225.41580200195312,
        82.99796140193939,
        267.5669345855713
      ],
      "bbox_px_page": [
        375,
        1565,
        576,
        1858
      ]
    },
    "INT": {
      "text": "",
      "image": "chart_rows/page_033/row_004/cells/INT.png",
      "image_tight": "chart_rows/page_033/row_004/cells/INT_tight.png",
      "bbox_pdf": [
        82.99796140193939,
        225.41580200195312,
        211.40581703186035,
        267.5669345855713
      ],
      "bbox_px_page": [
        576,
        1565,
        1468,
        1858
      ]
    },
    "Description": {
      "text": "Seawall (on small scale charts)",
      "image": "chart_rows/page_033/row_004/cells/Description.png",
      "image_tight": "chart_rows/page_033/row_004/cells/Description_tight.png",
      "bbox_pdf": [
        211.40581703186035,
        225.41580200195312,
        320.6000061035156,
        267.5669345855713
      ],
      "bbox_px_page": [
        1468,
        1565,
        2226,
        1858
      ]
    },
    "NOAA": {
      "text": "",
      "image": "chart_rows/page_033/row_004/cells/NOAA.png",
      "image_tight": "chart_rows/page_033/row_004/cells/NOAA_tight.png",
      "bbox_pdf": [
        320.6000061035156,
        225.41580200195312,
        474.3236999511719,
        267.5669345855713
      ],
      "bbox_px_page": [
        2226,
        1565,
        3293,
        1858
      ]
    },
    "NGA": {
      "text": "",
      "image": "chart_rows/page_033/row_004/cells/NGA.png",
      "image_tight": "chart_rows/page_033/row_004/cells/NGA_tight.png",
      "bbox_pdf": [
        474.3236999511719,
        225.41580200195312,
        585.5497436523438,
        267.5669345855713
      ],
      "bbox_px_page": [
        3293,
        1565,
        4066,
        1858
      ]
    },
    "OtherNGA": {
      "text": "",
      "image": "chart_rows/page_033/row_004/cells/OtherNGA.png",
      "image_tight": "chart_rows/page_033/row_004/cells/OtherNGA_tight.png",
      "bbox_pdf": [
        585.5497436523438,
        225.41580200195312,
        669.9003596305847,
        267.5669345855713
      ],
      "bbox_px_page": [
        4066,
        1565,
        4652,
        1858
      ]
    },
    "ECDIS": {
      "text": "Seawall",
      "image": "chart_rows/page_033/row_004/cells/ECDIS.png",
      "image_tight": "chart_rows/page_033/row_004/cells/ECDIS_tight.png",
      "bbox_pdf": [
        669.9003596305847,
        225.41580200195312,
        755.734619140625,
        267.5669345855713
      ],
      "bbox_px_page": [
        4652,
        1565,
        5248,
        1858
      ]
    }
  }
}