{
  "id": "p032_r018",
  "page_number": 32,
  "row_index": 18,
  "no": "v",
  "row_text": "Corporation",
  "row_image": "chart_rows/page_032/row_018/row.png",
  "cells": {
    "No": {
      "text": "v",
      "image": "chart_rows/page_032/row_018/cells/No.png",
      "image_tight": "chart_rows/page_032/row_018/cells/No_tight.png",
      "bbox_pdf": [
        36.07160186767578,
        429.2232971191406,
        64.99938281575669,
        447.669677734375
      ],
      "bbox_px_page": [
        250,
        2980,
        451,
        3108
      ]
    },
    "INT": {
      "text": "",
      "image": "chart_rows/page_032/row_018/cells/INT.png",
      "image_tight": "chart_rows/page_032/row_018/cells/INT_tight.png",
      "bbox_pdf": [
        64.99938281575669,
        429.2232971191406,
        193.06974206492305,
        447.669677734375
      ],
      "bbox_px_page": [
        451,
        2980,
        1340,
        3108
      ]
    },
    "Description": {
      "text": "Corporation",
      "image": "chart_rows/page_032/row_018/cells/Description.png",
      "image_tight": "chart_rows/page_032/row_018/cells/Description_tight.png",
      "bbox_pdf": [
        193.06974206492305,
        429.2232971191406,
        304.3567180633545,
        447.669677734375
      ],
      "bbox_px_page": [
        1340,
        2980,
        2113,
        3108
      ]
    },
    "NOAA": {
      "text": "Corp",
      "image": "chart_rows/page_032/row_018/cells/NOAA.png",
      "image_tight": "chart_rows/page_032/row_018/cells/NOAA_tight.png",
      "bbox_pdf": [
        304.3567180633545,
        429.2232971191406,
        456.3229369148612,
        447.669677734375
      ],
      "bbox_px_page": [
        2113,
        2980,
        3168,
        3108
      ]
    },
    "NGA": {
      "text": "",
      "image": "chart_rows/page_032/row_018/cells/NGA.png",
      "image_tight": "chart_rows/page_032/row_018/cells/NGA_tight.png",
      "bbox_pdf": [
        456.3229369148612,
        429.2232971191406,
        567.7757158279419,
        447.669677734375
      ],
      "bbox_px_page": [
        3168,
        2980,
        3942,
        3108
      ]
    },
    "OtherNGA": {
      "text": "",
      "image": "chart_rows/page_032/row_018/cells/OtherNGA.png",
      "image_tight": "chart_rows/page_032/row_018/cells/OtherNGA_tight.png",
      "bbox_pdf": [
        567.7757158279419,
        429.2232971191406,
        651.92743146047,
        447.669677734375
      ],
      "bbox_px_page": [
        3942,
        2980,
        4527,
        3108
      ]
    },
    "ECDIS": {
      "text": "",
      "image": "chart_rows/page_032/row_018/cells/ECDIS.png",
      "image_tight": "chart_rows/page_032/row_018/cells/ECDIS_tight.png",
      "bbox_pdf": [
        651.92743146047,
        429.2232971191406,
        737.734619140625,
        447.669677734375
      ],
      "bbox_px_page": [
        4527,
        2980,
        5123,
        3108
      ]
    }
  }
}