{
  "id": "p064_r005",
  "page_number": 64,
  "row_index": 5,
  "no": "43",
  "row_text": "Underwater hazard with depth of 20 meters or less Isolated danger of depth less than the safety contour",
  "row_image": "chart_rows/page_064/row_005/row.png",
  "cells": {
    "No": {
      "text": "43",
      "image": "chart_rows/page_064/row_005/cells/No.png",
      "image_tight": "chart_rows/page_064/row_005/cells/No_tight.png",
      "bbox_pdf": [
        36.07160186767578,
        291.70989990234375,
        64.99938281575669,
        353.3313903808594
      ],
      "bbox_px_page": [
        250,
        2025,
        451,
        2453
      ]
    },
    "INT": {
      "text": "",
      "image": "chart_rows/page_064/row_005/cells/INT.png",
      "image_tight": "chart_rows/page_064/row_005/cells/INT_tight.png",
      "bbox_pdf": [
        64.99938281575669,
        291.70989990234375,
        193.06974206492305,
        353.3313903808594
      ],
      "bbox_px_page": [
        451,
        2025,
        1340,
        2453
      ]
    },
    "Description": {
      "text": "Diffuser, Crib",
      "image": "chart_rows/page_064/row_005/cells/Description.png",
      "image_tight": "chart_rows/page_064/row_005/cells/Description_tight.png",
      "bbox_pdf": [
        193.06974206492305,
        291.70989990234375,
        304.3567180633545,
        353.3313903808594
      ],
      "bbox_px_page": [
        1340,
        2025,
        2113,
        2453
      ]
    },
    "NOAA": {
      "text": "",
      "image": "chart_rows/page_064/row_005/cells/NOAA.png",
      "image_tight": "chart_rows/page_064/row_005/cells/NOAA_tight.png",
      "bbox_pdf": [
        304.3567180633545,
        291.70989990234375,
        456.3229369148612,
        353.3313903808594
      ],
      "bbox_px_page": [
        2113,
        2025,
        3168,
        2453
      ]
    },
    "NGA": {
      "text": "",
      "image": "chart_rows/page_064/row_005/cells/NGA.png",
      "image_tight": "chart_rows/page_064/row_005/cells/NGA_tight.png",
      "bbox_pdf": [
        456.3229369148612,
        291.70989990234375,
        567.7757158279419,
        353.3313903808594
      ],
      "bbox_px_page": [
        3168,
        2025,
        3942,
        2453
      ]
    },
    "OtherNGA": {
      "text": "",
      "image": "chart_rows/page_064/row_005/cells/OtherNGA.png",
      "image_tight": "chart_rows/page_064/row_005/cells/OtherNGA_tight.png",
      "bbox_pdf": [
        567.7757158279419,
        291.70989990234375,
        651.92743146047,
        353.3313903808594
      ],
      "bbox_px_page": [
        3942,
        2025,
        4527,
        2453
      ]
    },
    "ECDIS": {
      "text": "Underwater hazard with depth of 20 meters or less Isolated danger of depth less than the safety contour",
      "image": "chart_rows/page_064/row_005/cells/ECDIS.png",
      "image_tight": "chart_rows/page_064/row_005/cells/ECDIS_tight.png",
      "bbox_pdf": [
        651.92743146047,
        291.70989990234375,
        737.734619140625,
        353.3313903808594
      ],
      "bbox_px_page": [
        4527,
        2025,
        5123,
        2453
      ]
    }
  }
}