{
  "id": "p024_r005",
  "page_number": 24,
  "row_index": 5,
  "no": "16",
  "row_text": "Tunnel",
  "row_image": "chart_rows/page_024/row_005/row.png",
  "cells": {
    "No": {
      "text": "16",
      "image": "chart_rows/page_024/row_005/cells/No.png",
      "image_tight": "chart_rows/page_024/row_005/cells/No_tight.png",
      "bbox_pdf": [
        36.07160186767578,
        238.5701904296875,
        64.99938281575669,
        259.56957602500916
      ],
      "bbox_px_page": [
        250,
        1656,
        451,
        1802
      ]
    },
    "INT": {
      "text": "",
      "image": "chart_rows/page_024/row_005/cells/INT.png",
      "image_tight": "chart_rows/page_024/row_005/cells/INT_tight.png",
      "bbox_pdf": [
        64.99938281575669,
        238.5701904296875,
        193.06974206492305,
        259.56957602500916
      ],
      "bbox_px_page": [
        451,
        1656,
        1340,
        1802
      ]
    },
    "Description": {
      "text": "Tunnel",
      "image": "chart_rows/page_024/row_005/cells/Description.png",
      "image_tight": "chart_rows/page_024/row_005/cells/Description_tight.png",
      "bbox_pdf": [
        193.06974206492305,
        238.5701904296875,
        304.3567180633545,
        259.56957602500916
      ],
      "bbox_px_page": [
        1340,
        1656,
        2113,
        1802
      ]
    },
    "NOAA": {
      "text": "",
      "image": "chart_rows/page_024/row_005/cells/NOAA.png",
      "image_tight": "chart_rows/page_024/row_005/cells/NOAA_tight.png",
      "bbox_pdf": [
        304.3567180633545,
        238.5701904296875,
        456.3229369148612,
        259.56957602500916
      ],
      "bbox_px_page": [
        2113,
        1656,
        3168,
        1802
      ]
    },
    "NGA": {
      "text": "",
      "image": "chart_rows/page_024/row_005/cells/NGA.png",
      "image_tight": "chart_rows/page_024/row_005/cells/NGA_tight.png",
      "bbox_pdf": [
        456.3229369148612,
        238.5701904296875,
        567.7757158279419,
        259.56957602500916
      ],
      "bbox_px_page": [
        3168,
        1656,
        3942,
        1802
      ]
    },
    "OtherNGA": {
      "text": "",
      "image": "chart_rows/page_024/row_005/cells/OtherNGA.png",
      "image_tight": "chart_rows/page_024/row_005/cells/OtherNGA_tight.png",
      "bbox_pdf": [
        567.7757158279419,
        238.5701904296875,
        651.92743146047,
        259.56957602500916
      ],
      "bbox_px_page": [
        3942,
        1656,
        4527,
        1802
      ]
    },
    "ECDIS": {
      "text": "Tunnel",
      "image": "chart_rows/page_024/row_005/cells/ECDIS.png",
      "image_tight": "chart_rows/page_024/row_005/cells/ECDIS_tight.png",
      "bbox_pdf": [
        651.92743146047,
        238.5701904296875,
        737.734619140625,
        259.56957602500916
      ],
      "bbox_px_page": [
        4527,
        1656,
        5123,
        1802
      ]
    }
  }
}