{
  "id": "p018_r003",
  "page_number": 18,
  "row_index": 3,
  "no": "2",
  "row_text": "Coastline or shoreline construction of low accuracy in position",
  "row_image": "chart_rows/page_018/row_003/row.png",
  "cells": {
    "No": {
      "text": "2",
      "image": "chart_rows/page_018/row_003/cells/No.png",
      "image_tight": "chart_rows/page_018/row_003/cells/No_tight.png",
      "bbox_pdf": [
        36.07160186767578,
        173.31729125976562,
        64.99938281575669,
        220.5636763945222
      ],
      "bbox_px_page": [
        250,
        1203,
        451,
        1531
      ]
    },
    "INT": {
      "text": "",
      "image": "chart_rows/page_018/row_003/cells/INT.png",
      "image_tight": "chart_rows/page_018/row_003/cells/INT_tight.png",
      "bbox_pdf": [
        64.99938281575669,
        173.31729125976562,
        193.06974206492305,
        220.5636763945222
      ],
      "bbox_px_page": [
        451,
        1203,
        1340,
        1531
      ]
    },
    "Description": {
      "text": "Coastline, unsurveyed",
      "image": "chart_rows/page_018/row_003/cells/Description.png",
      "image_tight": "chart_rows/page_018/row_003/cells/Description_tight.png",
      "bbox_pdf": [
        193.06974206492305,
        173.31729125976562,
        304.3567180633545,
        220.5636763945222
      ],
      "bbox_px_page": [
        1340,
        1203,
        2113,
        1531
      ]
    },
    "NOAA": {
      "text": "",
      "image": "chart_rows/page_018/row_003/cells/NOAA.png",
      "image_tight": "chart_rows/page_018/row_003/cells/NOAA_tight.png",
      "bbox_pdf": [
        304.3567180633545,
        173.31729125976562,
        456.3229369148612,
        220.5636763945222
      ],
      "bbox_px_page": [
        2113,
        1203,
        3168,
        1531
      ]
    },
    "NGA": {
      "text": "",
      "image": "chart_rows/page_018/row_003/cells/NGA.png",
      "image_tight": "chart_rows/page_018/row_003/cells/NGA_tight.png",
      "bbox_pdf": [
        456.3229369148612,
        173.31729125976562,
        567.7757158279419,
        220.5636763945222
      ],
      "bbox_px_page": [
        3168,
        1203,
        3942,
        1531
      ]
    },
    "OtherNGA": {
      "text": "",
      "image": "chart_rows/page_018/row_003/cells/OtherNGA.png",
      "image_tight": "chart_rows/page_018/row_003/cells/OtherNGA_tight.png",
      "bbox_pdf": [
        567.7757158279419,
        173.31729125976562,
        651.92743146047,
        220.5636763945222
      ],
      "bbox_px_page": [
        3942,
        1203,
        4527,
        1531
      ]
    },
    "ECDIS": {
      "text": "Coastline or shoreline construction of low accuracy in position",
      "image": "chart_rows/page_018/row_003/cells/ECDIS.png",
      "image_tight": "chart_rows/page_018/row_003/cells/ECDIS_tight.png",
      "bbox_pdf": [
        651.92743146047,
        173.31729125976562,
        737.734619140625,
        220.5636763945222
      ],
      "bbox_px_page": [
        4527,
        1203,
        5123,
        1531
      ]
    }
  }
}