{
  "id": "p055_r003",
  "page_number": 55,
  "row_index": 3,
  "no": "Wrec",
  "row_text": "cks and Fouls",
  "row_image": "chart_rows/page_055/row_003/row.png",
  "cells": {
    "No": {
      "text": "Wrec",
      "image": "chart_rows/page_055/row_003/cells/No.png",
      "image_tight": "chart_rows/page_055/row_003/cells/No_tight.png",
      "bbox_pdf": [
        54.07160186767578,
        360.0701904296875,
        82.99796140193939,
        382.5701904296875
      ],
      "bbox_px_page": [
        375,
        2500,
        576,
        2656
      ]
    },
    "INT": {
      "text": "cks and Fouls",
      "image": "chart_rows/page_055/row_003/cells/INT.png",
      "image_tight": "chart_rows/page_055/row_003/cells/INT_tight.png",
      "bbox_pdf": [
        82.99796140193939,
        360.0701904296875,
        211.40581703186035,
        382.5701904296875
      ],
      "bbox_px_page": [
        576,
        2500,
        1468,
        2656
      ]
    },
    "Description": {
      "text": "",
      "image": "chart_rows/page_055/row_003/cells/Description.png",
      "image_tight": "chart_rows/page_055/row_003/cells/Description_tight.png",
      "bbox_pdf": [
        211.40581703186035,
        360.0701904296875,
        320.6000061035156,
        382.5701904296875
      ],
      "bbox_px_page": [
        1468,
        2500,
        2226,
        2656
      ]
    },
    "NOAA": {
      "text": "",
      "image": "chart_rows/page_055/row_003/cells/NOAA.png",
      "image_tight": "chart_rows/page_055/row_003/cells/NOAA_tight.png",
      "bbox_pdf": [
        320.6000061035156,
        360.0701904296875,
        474.3236999511719,
        382.5701904296875
      ],
      "bbox_px_page": [
        2226,
        2500,
        3293,
        2656
      ]
    },
    "NGA": {
      "text": "",
      "image": "chart_rows/page_055/row_003/cells/NGA.png",
      "image_tight": "chart_rows/page_055/row_003/cells/NGA_tight.png",
      "bbox_pdf": [
        474.3236999511719,
        360.0701904296875,
        585.5497436523438,
        382.5701904296875
      ],
      "bbox_px_page": [
        3293,
        2500,
        4066,
        2656
      ]
    },
    "OtherNGA": {
      "text": "",
      "image": "chart_rows/page_055/row_003/cells/OtherNGA.png",
      "image_tight": "chart_rows/page_055/row_003/cells/OtherNGA_tight.png",
      "bbox_pdf": [
        585.5497436523438,
        360.0701904296875,
        669.9003596305847,
        382.5701904296875
      ],
      "bbox_px_page": [
        4066,
        2500,
        4652,
        2656
      ]
    },
    "ECDIS": {
      "text": "",
      "image": "chart_rows/page_055/row_003/cells/ECDIS.png",
      "image_tight": "chart_rows/page_055/row_003/cells/ECDIS_tight.png",
      "bbox_pdf": [
        669.9003596305847,
        360.0701904296875,
        755.734619140625,
        382.5701904296875
      ],
      "bbox_px_page": [
        4652,
        2500,
        5248,
        2656
      ]
    }
  }
}