{
  "id": "p024_r009",
  "page_number": 24,
  "row_index": 9,
  "no": "Othe",
  "row_text": "Supplementary Nationa",
  "row_image": "chart_rows/page_024/row_009/row.png",
  "cells": {
    "No": {
      "text": "Othe",
      "image": "chart_rows/page_024/row_009/cells/No.png",
      "image_tight": "chart_rows/page_024/row_009/cells/No_tight.png",
      "bbox_pdf": [
        36.07160186767578,
        436.5701904296875,
        64.99938281575669,
        454.5701904296875
      ],
      "bbox_px_page": [
        250,
        3031,
        451,
        3156
      ]
    },
    "INT": {
      "text": "r Cultural Features",
      "image": "chart_rows/page_024/row_009/cells/INT.png",
      "image_tight": "chart_rows/page_024/row_009/cells/INT_tight.png",
      "bbox_pdf": [
        64.99938281575669,
        436.5701904296875,
        193.06974206492305,
        454.5701904296875
      ],
      "bbox_px_page": [
        451,
        3031,
        1340,
        3156
      ]
    },
    "Description": {
      "text": "",
      "image": "chart_rows/page_024/row_009/cells/Description.png",
      "image_tight": "chart_rows/page_024/row_009/cells/Description_tight.png",
      "bbox_pdf": [
        193.06974206492305,
        436.5701904296875,
        304.3567180633545,
        454.5701904296875
      ],
      "bbox_px_page": [
        1340,
        3031,
        2113,
        3156
      ]
    },
    "NOAA": {
      "text": "",
      "image": "chart_rows/page_024/row_009/cells/NOAA.png",
      "image_tight": "chart_rows/page_024/row_009/cells/NOAA_tight.png",
      "bbox_pdf": [
        304.3567180633545,
        436.5701904296875,
        456.3229369148612,
        454.5701904296875
      ],
      "bbox_px_page": [
        2113,
        3031,
        3168,
        3156
      ]
    },
    "NGA": {
      "text": "",
      "image": "chart_rows/page_024/row_009/cells/NGA.png",
      "image_tight": "chart_rows/page_024/row_009/cells/NGA_tight.png",
      "bbox_pdf": [
        456.3229369148612,
        436.5701904296875,
        567.7757158279419,
        454.5701904296875
      ],
      "bbox_px_page": [
        3168,
        3031,
        3942,
        3156
      ]
    },
    "OtherNGA": {
      "text": "Supplementary Nationa",
      "image": "chart_rows/page_024/row_009/cells/OtherNGA.png",
      "image_tight": "chart_rows/page_024/row_009/cells/OtherNGA_tight.png",
      "bbox_pdf": [
        567.7757158279419,
        436.5701904296875,
        651.92743146047,
        454.5701904296875
      ],
      "bbox_px_page": [
        3942,
        3031,
        4527,
        3156
      ]
    },
    "ECDIS": {
      "text": "al Symbols: d–i",
      "image": "chart_rows/page_024/row_009/cells/ECDIS.png",
      "image_tight": "chart_rows/page_024/row_009/cells/ECDIS_tight.png",
      "bbox_pdf": [
        651.92743146047,
        436.5701904296875,
        737.734619140625,
        454.5701904296875
      ],
      "bbox_px_page": [
        4527,
        3031,
        5123,
        3156
      ]
    }
  }
}