{
  "id": "p021_r015",
  "page_number": 21,
  "row_index": 15,
  "no": "c",
  "row_text": "Foreshore; Strand (in general); Stones; Shingle; Gravel; Mud; Sand",
  "row_image": "chart_rows/page_021/row_015/row.png",
  "cells": {
    "No": {
      "text": "c",
      "image": "chart_rows/page_021/row_015/cells/No.png",
      "image_tight": "chart_rows/page_021/row_015/cells/No_tight.png",
      "bbox_pdf": [
        54.07160186767578,
        475.1770935058594,
        82.99796140193939,
        517.6181564331055
      ],
      "bbox_px_page": [
        375,
        3299,
        576,
        3594
      ]
    },
    "INT": {
      "text": "",
      "image": "chart_rows/page_021/row_015/cells/INT.png",
      "image_tight": "chart_rows/page_021/row_015/cells/INT_tight.png",
      "bbox_pdf": [
        82.99796140193939,
        475.1770935058594,
        211.40581703186035,
        517.6181564331055
      ],
      "bbox_px_page": [
        576,
        3299,
        1468,
        3594
      ]
    },
    "Description": {
      "text": "Foreshore; Strand (in general); Stones; Shingle; Gravel; Mud; Sand",
      "image": "chart_rows/page_021/row_015/cells/Description.png",
      "image_tight": "chart_rows/page_021/row_015/cells/Description_tight.png",
      "bbox_pdf": [
        211.40581703186035,
        475.1770935058594,
        320.6000061035156,
        517.6181564331055
      ],
      "bbox_px_page": [
        1468,
        3299,
        2226,
        3594
      ]
    },
    "NOAA": {
      "text": "Mud",
      "image": "chart_rows/page_021/row_015/cells/NOAA.png",
      "image_tight": "chart_rows/page_021/row_015/cells/NOAA_tight.png",
      "bbox_pdf": [
        320.6000061035156,
        475.1770935058594,
        474.3236999511719,
        517.6181564331055
      ],
      "bbox_px_page": [
        2226,
        3299,
        3293,
        3594
      ]
    },
    "NGA": {
      "text": "",
      "image": "chart_rows/page_021/row_015/cells/NGA.png",
      "image_tight": "chart_rows/page_021/row_015/cells/NGA_tight.png",
      "bbox_pdf": [
        474.3236999511719,
        475.1770935058594,
        585.5497436523438,
        517.6181564331055
      ],
      "bbox_px_page": [
        3293,
        3299,
        4066,
        3594
      ]
    },
    "OtherNGA": {
      "text": "",
      "image": "chart_rows/page_021/row_015/cells/OtherNGA.png",
      "image_tight": "chart_rows/page_021/row_015/cells/OtherNGA_tight.png",
      "bbox_pdf": [
        585.5497436523438,
        475.1770935058594,
        669.9003596305847,
        517.6181564331055
      ],
      "bbox_px_page": [
        4066,
        3299,
        4652,
        3594
      ]
    },
    "ECDIS": {
      "text": "",
      "image": "chart_rows/page_021/row_015/cells/ECDIS.png",
      "image_tight": "chart_rows/page_021/row_015/cells/ECDIS_tight.png",
      "bbox_pdf": [
        669.9003596305847,
        475.1770935058594,
        755.734619140625,
        517.6181564331055
      ],
      "bbox_px_page": [
        4652,
        3299,
        5248,
        3594
      ]
    }
  }
}