{
  "id": "p035_r005",
  "page_number": 35,
  "row_index": 5,
  "no": "21",
  "row_text": "Deviation mooring dolphin",
  "row_image": "chart_rows/page_035/row_005/row.png",
  "cells": {
    "col_01": {
      "text": "21",
      "image": "chart_rows/page_035/row_005/cells/col_01.png",
      "image_tight": "chart_rows/page_035/row_005/cells/col_01_tight.png",
      "bbox_pdf": [
        54.07160186767578,
        244.6256103515625,
        83.0,
        267.0364074707031
      ],
      "bbox_px_page": [
        375,
        1698,
        576,
        1854
      ]
    },
    "col_02": {
      "text": "",
      "image": "chart_rows/page_035/row_005/cells/col_02.png",
      "image_tight": "chart_rows/page_035/row_005/cells/col_02_tight.png",
      "bbox_pdf": [
        83.0,
        244.6256103515625,
        148.33418422937393,
        267.0364074707031
      ],
      "bbox_px_page": [
        576,
        1698,
        1030,
        1854
      ]
    },
    "col_03": {
      "text": "",
      "image": "chart_rows/page_035/row_005/cells/col_03.png",
      "image_tight": "chart_rows/page_035/row_005/cells/col_03_tight.png",
      "bbox_pdf": [
        148.33418422937393,
        244.6256103515625,
        209.80630493164062,
        267.0364074707031
      ],
      "bbox_px_page": [
        1030,
        1698,
        1456,
        1854
      ]
    },
    "col_04": {
      "text": "Deviation dolphin",
      "image": "chart_rows/page_035/row_005/cells/col_04.png",
      "image_tight": "chart_rows/page_035/row_005/cells/col_04_tight.png",
      "bbox_pdf": [
        209.80630493164062,
        244.6256103515625,
        320.6000061035156,
        267.0364074707031
      ],
      "bbox_px_page": [
        1456,
        1698,
        2226,
        1854
      ]
    },
    "col_05": {
      "text": "",
      "image": "chart_rows/page_035/row_005/cells/col_05.png",
      "image_tight": "chart_rows/page_035/row_005/cells/col_05_tight.png",
      "bbox_pdf": [
        320.6000061035156,
        244.6256103515625,
        474.3236999511719,
        267.0364074707031
      ],
      "bbox_px_page": [
        2226,
        1698,
        3293,
        1854
      ]
    },
    "col_06": {
      "text": "",
      "image": "chart_rows/page_035/row_005/cells/col_06.png",
      "image_tight": "chart_rows/page_035/row_005/cells/col_06_tight.png",
      "bbox_pdf": [
        474.3236999511719,
        244.6256103515625,
        585.386962890625,
        267.0364074707031
      ],
      "bbox_px_page": [
        3293,
        1698,
        4065,
        1854
      ]
    },
    "col_07": {
      "text": "",
      "image": "chart_rows/page_035/row_005/cells/col_07.png",
      "image_tight": "chart_rows/page_035/row_005/cells/col_07_tight.png",
      "bbox_pdf": [
        585.386962890625,
        244.6256103515625,
        669.9257489442825,
        267.0364074707031
      ],
      "bbox_px_page": [
        4065,
        1698,
        4652,
        1854
      ]
    },
    "col_08": {
      "text": "Deviation mooring dolphin",
      "image": "chart_rows/page_035/row_005/cells/col_08.png",
      "image_tight": "chart_rows/page_035/row_005/cells/col_08_tight.png",
      "bbox_pdf": [
        669.9257489442825,
        244.6256103515625,
        755.734619140625,
        267.0364074707031
      ],
      "bbox_px_page": [
        4652,
        1698,
        5248,
        1854
      ]
    }
  }
}