{
  "id": "p036_r006",
  "page_number": 36,
  "row_index": 6,
  "no": "32",
  "row_text": "of under construction or ruin is obtained by cursor pick",
  "row_image": "chart_rows/page_036/row_006/row.png",
  "cells": {
    "col_01": {
      "text": "32",
      "image": "chart_rows/page_036/row_006/cells/col_01.png",
      "image_tight": "chart_rows/page_036/row_006/cells/col_01_tight.png",
      "bbox_pdf": [
        36.07160186767578,
        374.70831298828125,
        66.83821793145034,
        406.11468505859375
      ],
      "bbox_px_page": [
        250,
        2602,
        464,
        2820
      ]
    },
    "col_02": {
      "text": "",
      "image": "chart_rows/page_036/row_006/cells/col_02.png",
      "image_tight": "chart_rows/page_036/row_006/cells/col_02_tight.png",
      "bbox_pdf": [
        66.83821793145034,
        374.70831298828125,
        128.35996961593628,
        406.11468505859375
      ],
      "bbox_px_page": [
        464,
        2602,
        891,
        2820
      ]
    },
    "col_03": {
      "text": "2011 2011",
      "image": "chart_rows/page_036/row_006/cells/col_03.png",
      "image_tight": "chart_rows/page_036/row_006/cells/col_03_tight.png",
      "bbox_pdf": [
        128.35996961593628,
        374.70831298828125,
        192.74342723796144,
        406.11468505859375
      ],
      "bbox_px_page": [
        891,
        2602,
        1338,
        2820
      ]
    },
    "col_04": {
      "text": "Works under construction, with year date",
      "image": "chart_rows/page_036/row_006/cells/col_04.png",
      "image_tight": "chart_rows/page_036/row_006/cells/col_04_tight.png",
      "bbox_pdf": [
        192.74342723796144,
        374.70831298828125,
        302.6000061035156,
        406.11468505859375
      ],
      "bbox_px_page": [
        1338,
        2602,
        2101,
        2820
      ]
    },
    "col_05": {
      "text": "Under constr (2011)",
      "image": "chart_rows/page_036/row_006/cells/col_05.png",
      "image_tight": "chart_rows/page_036/row_006/cells/col_05_tight.png",
      "bbox_pdf": [
        302.6000061035156,
        374.70831298828125,
        456.3236999511719,
        406.11468505859375
      ],
      "bbox_px_page": [
        2101,
        2602,
        3168,
        2820
      ]
    },
    "col_06": {
      "text": "",
      "image": "chart_rows/page_036/row_006/cells/col_06.png",
      "image_tight": "chart_rows/page_036/row_006/cells/col_06_tight.png",
      "bbox_pdf": [
        456.3236999511719,
        374.70831298828125,
        567.5356597900391,
        406.11468505859375
      ],
      "bbox_px_page": [
        3168,
        2602,
        3941,
        2820
      ]
    },
    "col_07": {
      "text": "",
      "image": "chart_rows/page_036/row_006/cells/col_07.png",
      "image_tight": "chart_rows/page_036/row_006/cells/col_07_tight.png",
      "bbox_pdf": [
        567.5356597900391,
        374.70831298828125,
        651.9163010418415,
        406.11468505859375
      ],
      "bbox_px_page": [
        3941,
        2602,
        4527,
        2820
      ]
    },
    "col_08": {
      "text": "of under construction or ruin is obtained by cursor pick",
      "image": "chart_rows/page_036/row_006/cells/col_08.png",
      "image_tight": "chart_rows/page_036/row_006/cells/col_08_tight.png",
      "bbox_pdf": [
        651.9163010418415,
        374.70831298828125,
        737.734619140625,
        406.11468505859375
      ],
      "bbox_px_page": [
        4527,
        2602,
        5123,
        2820
      ]
    }
  }
}