{
  "id": "p064_r002",
  "page_number": 64,
  "row_index": 2,
  "no": "41.2",
  "row_text": "Outfall and intake area: unspecified, water, sewer, outfall, intake",
  "row_image": "chart_rows/page_064/row_002/row.png",
  "cells": {
    "No": {
      "text": "41.2",
      "image": "chart_rows/page_064/row_002/cells/No.png",
      "image_tight": "chart_rows/page_064/row_002/cells/No_tight.png",
      "bbox_pdf": [
        36.07160186767578,
        139.67999267578125,
        64.99938281575669,
        231.83999633789062
      ],
      "bbox_px_page": [
        250,
        969,
        451,
        1609
      ]
    },
    "INT": {
      "text": "",
      "image": "chart_rows/page_064/row_002/cells/INT.png",
      "image_tight": "chart_rows/page_064/row_002/cells/INT_tight.png",
      "bbox_pdf": [
        64.99938281575669,
        139.67999267578125,
        193.06974206492305,
        231.83999633789062
      ],
      "bbox_px_page": [
        451,
        969,
        1340,
        1609
      ]
    },
    "Description": {
      "text": "Outfall and intake area: unspecified, water, sewer, outfall, intake",
      "image": "chart_rows/page_064/row_002/cells/Description.png",
      "image_tight": "chart_rows/page_064/row_002/cells/Description_tight.png",
      "bbox_pdf": [
        193.06974206492305,
        139.67999267578125,
        304.3567180633545,
        231.83999633789062
      ],
      "bbox_px_page": [
        1340,
        969,
        2113,
        1609
      ]
    },
    "NOAA": {
      "text": "Pipeline Area",
      "image": "chart_rows/page_064/row_002/cells/NOAA.png",
      "image_tight": "chart_rows/page_064/row_002/cells/NOAA_tight.png",
      "bbox_pdf": [
        304.3567180633545,
        139.67999267578125,
        456.3229369148612,
        231.83999633789062
      ],
      "bbox_px_page": [
        2113,
        969,
        3168,
        1609
      ]
    },
    "NGA": {
      "text": "",
      "image": "chart_rows/page_064/row_002/cells/NGA.png",
      "image_tight": "chart_rows/page_064/row_002/cells/NGA_tight.png",
      "bbox_pdf": [
        456.3229369148612,
        139.67999267578125,
        567.7757158279419,
        231.83999633789062
      ],
      "bbox_px_page": [
        3168,
        969,
        3942,
        1609
      ]
    },
    "OtherNGA": {
      "text": "",
      "image": "chart_rows/page_064/row_002/cells/OtherNGA.png",
      "image_tight": "chart_rows/page_064/row_002/cells/OtherNGA_tight.png",
      "bbox_pdf": [
        567.7757158279419,
        139.67999267578125,
        651.92743146047,
        231.83999633789062
      ],
      "bbox_px_page": [
        3942,
        969,
        4527,
        1609
      ]
    },
    "ECDIS": {
      "text": "Submarine pipeline area with generally non-dangerous contents",
      "image": "chart_rows/page_064/row_002/cells/ECDIS.png",
      "image_tight": "chart_rows/page_064/row_002/cells/ECDIS_tight.png",
      "bbox_pdf": [
        651.92743146047,
        139.67999267578125,
        737.734619140625,
        231.83999633789062
      ],
      "bbox_px_page": [
        4527,
        969,
        5123,
        1609
      ]
    }
  }
}