{
  "id": "p042_r005",
  "page_number": 42,
  "row_index": 5,
  "no": "40",
  "row_text": "Flood stream, rate at spring tides Current or tidal stream whose direction is not known Boundary of an area for which there is tidal information",
  "row_image": "chart_rows/page_042/row_005/row.png",
  "cells": {
    "col_01": {
      "text": "40",
      "image": "chart_rows/page_042/row_005/cells/col_01.png",
      "image_tight": "chart_rows/page_042/row_005/cells/col_01_tight.png",
      "bbox_pdf": [
        36.07160186767578,
        283.67999267578125,
        66.97056174278259,
        408.96002197265625
      ],
      "bbox_px_page": [
        250,
        1969,
        465,
        2840
      ]
    },
    "col_02": {
      "text": "3.0 kn",
      "image": "chart_rows/page_042/row_005/cells/col_02.png",
      "image_tight": "chart_rows/page_042/row_005/cells/col_02_tight.png",
      "bbox_pdf": [
        66.97056174278259,
        283.67999267578125,
        191.8062746396463,
        408.96002197265625
      ],
      "bbox_px_page": [
        465,
        1969,
        1331,
        2840
      ]
    },
    "col_03": {
      "text": "Flood tide stream with mean spring rate",
      "image": "chart_rows/page_042/row_005/cells/col_03.png",
      "image_tight": "chart_rows/page_042/row_005/cells/col_03_tight.png",
      "bbox_pdf": [
        191.8062746396463,
        283.67999267578125,
        302.6000061035156,
        408.96002197265625
      ],
      "bbox_px_page": [
        1331,
        1969,
        2101,
        2840
      ]
    },
    "col_04": {
      "text": "",
      "image": "chart_rows/page_042/row_005/cells/col_04.png",
      "image_tight": "chart_rows/page_042/row_005/cells/col_04_tight.png",
      "bbox_pdf": [
        302.6000061035156,
        283.67999267578125,
        381.01983642578125,
        408.96002197265625
      ],
      "bbox_px_page": [
        2101,
        1969,
        2645,
        2840
      ]
    },
    "col_05": {
      "text": "",
      "image": "chart_rows/page_042/row_005/cells/col_05.png",
      "image_tight": "chart_rows/page_042/row_005/cells/col_05_tight.png",
      "bbox_pdf": [
        381.01983642578125,
        283.67999267578125,
        456.3236999511719,
        408.96002197265625
      ],
      "bbox_px_page": [
        2645,
        1969,
        3168,
        2840
      ]
    },
    "col_06": {
      "text": "",
      "image": "chart_rows/page_042/row_005/cells/col_06.png",
      "image_tight": "chart_rows/page_042/row_005/cells/col_06_tight.png",
      "bbox_pdf": [
        456.3236999511719,
        283.67999267578125,
        566.1237182617188,
        408.96002197265625
      ],
      "bbox_px_page": [
        3168,
        1969,
        3931,
        2840
      ]
    },
    "col_07": {
      "text": "2.5 kn",
      "image": "chart_rows/page_042/row_005/cells/col_07.png",
      "image_tight": "chart_rows/page_042/row_005/cells/col_07_tight.png",
      "bbox_pdf": [
        566.1237182617188,
        283.67999267578125,
        651.9290771484375,
        408.96002197265625
      ],
      "bbox_px_page": [
        3931,
        1969,
        4527,
        2840
      ]
    },
    "col_08": {
      "text": "Flood stream, rate at spring tides Current or tidal stream whose direction is not known Boundary of an area for which there is tidal information",
      "image": "chart_rows/page_042/row_005/cells/col_08.png",
      "image_tight": "chart_rows/page_042/row_005/cells/col_08_tight.png",
      "bbox_pdf": [
        651.9290771484375,
        283.67999267578125,
        737.734619140625,
        408.96002197265625
      ],
      "bbox_px_page": [
        4527,
        1969,
        5123,
        2840
      ]
    }
  }
}