{
  "id": "p063_r009",
  "page_number": 63,
  "row_index": 9,
  "no": "31.2",
  "row_text": "Submarine power cable area",
  "row_image": "chart_rows/page_063/row_009/row.png",
  "cells": {
    "No": {
      "text": "31.2",
      "image": "chart_rows/page_063/row_009/cells/No.png",
      "image_tight": "chart_rows/page_063/row_009/cells/No_tight.png",
      "bbox_pdf": [
        54.07160186767578,
        330.5848083496094,
        82.99796140193939,
        356.0211181640625
      ],
      "bbox_px_page": [
        375,
        2295,
        576,
        2472
      ]
    },
    "INT": {
      "text": "",
      "image": "chart_rows/page_063/row_009/cells/INT.png",
      "image_tight": "chart_rows/page_063/row_009/cells/INT_tight.png",
      "bbox_pdf": [
        82.99796140193939,
        330.5848083496094,
        211.40581703186035,
        356.0211181640625
      ],
      "bbox_px_page": [
        576,
        2295,
        1468,
        2472
      ]
    },
    "Description": {
      "text": "Submarine power cable area",
      "image": "chart_rows/page_063/row_009/cells/Description.png",
      "image_tight": "chart_rows/page_063/row_009/cells/Description_tight.png",
      "bbox_pdf": [
        211.40581703186035,
        330.5848083496094,
        320.6000061035156,
        356.0211181640625
      ],
      "bbox_px_page": [
        1468,
        2295,
        2226,
        2472
      ]
    },
    "NOAA": {
      "text": "",
      "image": "chart_rows/page_063/row_009/cells/NOAA.png",
      "image_tight": "chart_rows/page_063/row_009/cells/NOAA_tight.png",
      "bbox_pdf": [
        320.6000061035156,
        330.5848083496094,
        474.3236999511719,
        356.0211181640625
      ],
      "bbox_px_page": [
        2226,
        2295,
        3293,
        2472
      ]
    },
    "NGA": {
      "text": "",
      "image": "chart_rows/page_063/row_009/cells/NGA.png",
      "image_tight": "chart_rows/page_063/row_009/cells/NGA_tight.png",
      "bbox_pdf": [
        474.3236999511719,
        330.5848083496094,
        585.5497436523438,
        356.0211181640625
      ],
      "bbox_px_page": [
        3293,
        2295,
        4066,
        2472
      ]
    },
    "OtherNGA": {
      "text": "",
      "image": "chart_rows/page_063/row_009/cells/OtherNGA.png",
      "image_tight": "chart_rows/page_063/row_009/cells/OtherNGA_tight.png",
      "bbox_pdf": [
        585.5497436523438,
        330.5848083496094,
        669.9003596305847,
        356.0211181640625
      ],
      "bbox_px_page": [
        4066,
        2295,
        4652,
        2472
      ]
    },
    "ECDIS": {
      "text": "",
      "image": "chart_rows/page_063/row_009/cells/ECDIS.png",
      "image_tight": "chart_rows/page_063/row_009/cells/ECDIS_tight.png",
      "bbox_pdf": [
        669.9003596305847,
        330.5848083496094,
        755.734619140625,
        356.0211181640625
      ],
      "bbox_px_page": [
        4652,
        2295,
        5248,
        2472
      ]
    }
  }
}