{
  "id": "p066_r005",
  "page_number": 66,
  "row_index": 5,
  "no": "14",
  "row_text": "Limit of restricted routing measure (e.g. Inshore Traffic Zone (ITZ), Area to be Avoided (ATBA))",
  "row_image": "chart_rows/page_066/row_005/row.png",
  "cells": {
    "No": {
      "text": "14",
      "image": "chart_rows/page_066/row_005/cells/No.png",
      "image_tight": "chart_rows/page_066/row_005/cells/No_tight.png",
      "bbox_pdf": [
        36.07160186767578,
        243.04861450195312,
        64.99938281575669,
        284.6321105957031
      ],
      "bbox_px_page": [
        250,
        1687,
        451,
        1976
      ]
    },
    "INT": {
      "text": "",
      "image": "chart_rows/page_066/row_005/cells/INT.png",
      "image_tight": "chart_rows/page_066/row_005/cells/INT_tight.png",
      "bbox_pdf": [
        64.99938281575669,
        243.04861450195312,
        193.06974206492305,
        284.6321105957031
      ],
      "bbox_px_page": [
        451,
        1687,
        1340,
        1976
      ]
    },
    "Description": {
      "text": "Limit of restricted routing measure (e.g. Inshore Traffic Zone (ITZ), Area to be Avoided (ATBA))",
      "image": "chart_rows/page_066/row_005/cells/Description.png",
      "image_tight": "chart_rows/page_066/row_005/cells/Description_tight.png",
      "bbox_pdf": [
        193.06974206492305,
        243.04861450195312,
        304.3567180633545,
        284.6321105957031
      ],
      "bbox_px_page": [
        1340,
        1687,
        2113,
        1976
      ]
    },
    "NOAA": {
      "text": "RESTRICTED AREA",
      "image": "chart_rows/page_066/row_005/cells/NOAA.png",
      "image_tight": "chart_rows/page_066/row_005/cells/NOAA_tight.png",
      "bbox_pdf": [
        304.3567180633545,
        243.04861450195312,
        456.3229369148612,
        284.6321105957031
      ],
      "bbox_px_page": [
        2113,
        1687,
        3168,
        1976
      ]
    },
    "NGA": {
      "text": "",
      "image": "chart_rows/page_066/row_005/cells/NGA.png",
      "image_tight": "chart_rows/page_066/row_005/cells/NGA_tight.png",
      "bbox_pdf": [
        456.3229369148612,
        243.04861450195312,
        567.7757158279419,
        284.6321105957031
      ],
      "bbox_px_page": [
        3168,
        1687,
        3942,
        1976
      ]
    },
    "OtherNGA": {
      "text": "",
      "image": "chart_rows/page_066/row_005/cells/OtherNGA.png",
      "image_tight": "chart_rows/page_066/row_005/cells/OtherNGA_tight.png",
      "bbox_pdf": [
        567.7757158279419,
        243.04861450195312,
        651.92743146047,
        284.6321105957031
      ],
      "bbox_px_page": [
        3942,
        1687,
        4527,
        1976
      ]
    },
    "ECDIS": {
      "text": "",
      "image": "chart_rows/page_066/row_005/cells/ECDIS.png",
      "image_tight": "chart_rows/page_066/row_005/cells/ECDIS_tight.png",
      "bbox_pdf": [
        651.92743146047,
        243.04861450195312,
        737.734619140625,
        284.6321105957031
      ],
      "bbox_px_page": [
        4527,
        1687,
        5123,
        1976
      ]
    }
  }
}