{
  "id": "p063_r001",
  "page_number": 63,
  "row_index": 1,
  "no": "22",
  "row_text": "Foul area of seabed safe for navigation but not for anchoring",
  "row_image": "chart_rows/page_063/row_001/row.png",
  "cells": {
    "No": {
      "text": "22",
      "image": "chart_rows/page_063/row_001/cells/No.png",
      "image_tight": "chart_rows/page_063/row_001/cells/No_tight.png",
      "bbox_pdf": [
        54.07160186767578,
        90.0709228515625,
        82.99796140193939,
        120.881591796875
      ],
      "bbox_px_page": [
        375,
        625,
        576,
        839
      ]
    },
    "INT": {
      "text": "",
      "image": "chart_rows/page_063/row_001/cells/INT.png",
      "image_tight": "chart_rows/page_063/row_001/cells/INT_tight.png",
      "bbox_pdf": [
        82.99796140193939,
        90.0709228515625,
        211.40581703186035,
        120.881591796875
      ],
      "bbox_px_page": [
        576,
        625,
        1468,
        839
      ]
    },
    "Description": {
      "text": "Site of cleared platform",
      "image": "chart_rows/page_063/row_001/cells/Description.png",
      "image_tight": "chart_rows/page_063/row_001/cells/Description_tight.png",
      "bbox_pdf": [
        211.40581703186035,
        90.0709228515625,
        320.6000061035156,
        120.881591796875
      ],
      "bbox_px_page": [
        1468,
        625,
        2226,
        839
      ]
    },
    "NOAA": {
      "text": "",
      "image": "chart_rows/page_063/row_001/cells/NOAA.png",
      "image_tight": "chart_rows/page_063/row_001/cells/NOAA_tight.png",
      "bbox_pdf": [
        320.6000061035156,
        90.0709228515625,
        474.3236999511719,
        120.881591796875
      ],
      "bbox_px_page": [
        2226,
        625,
        3293,
        839
      ]
    },
    "NGA": {
      "text": "",
      "image": "chart_rows/page_063/row_001/cells/NGA.png",
      "image_tight": "chart_rows/page_063/row_001/cells/NGA_tight.png",
      "bbox_pdf": [
        474.3236999511719,
        90.0709228515625,
        585.5497436523438,
        120.881591796875
      ],
      "bbox_px_page": [
        3293,
        625,
        4066,
        839
      ]
    },
    "OtherNGA": {
      "text": "",
      "image": "chart_rows/page_063/row_001/cells/OtherNGA.png",
      "image_tight": "chart_rows/page_063/row_001/cells/OtherNGA_tight.png",
      "bbox_pdf": [
        585.5497436523438,
        90.0709228515625,
        669.9003596305847,
        120.881591796875
      ],
      "bbox_px_page": [
        4066,
        625,
        4652,
        839
      ]
    },
    "ECDIS": {
      "text": "Foul area of seabed safe for navigation but not for anchoring",
      "image": "chart_rows/page_063/row_001/cells/ECDIS.png",
      "image_tight": "chart_rows/page_063/row_001/cells/ECDIS_tight.png",
      "bbox_pdf": [
        669.9003596305847,
        90.0709228515625,
        755.734619140625,
        120.881591796875
      ],
      "bbox_px_page": [
        4652,
        625,
        5248,
        839
      ]
    }
  }
}