{
  "id": "p038_r008",
  "page_number": 38,
  "row_index": 8,
  "no": "Public",
  "row_text": "Supplementary national sy",
  "row_image": "chart_rows/page_038/row_008/row.png",
  "cells": {
    "col_01": {
      "text": "Public",
      "image": "chart_rows/page_038/row_008/cells/col_01.png",
      "image_tight": "chart_rows/page_038/row_008/cells/col_01_tight.png",
      "bbox_pdf": [
        36.07160186767578,
        393.9010009765625,
        66.97056174278259,
        411.9010009765625
      ],
      "bbox_px_page": [
        250,
        2735,
        465,
        2860
      ]
    },
    "col_02": {
      "text": "c Buildings",
      "image": "chart_rows/page_038/row_008/cells/col_02.png",
      "image_tight": "chart_rows/page_038/row_008/cells/col_02_tight.png",
      "bbox_pdf": [
        66.97056174278259,
        393.9010009765625,
        191.8062746396463,
        411.9010009765625
      ],
      "bbox_px_page": [
        465,
        2735,
        1331,
        2860
      ]
    },
    "col_03": {
      "text": "",
      "image": "chart_rows/page_038/row_008/cells/col_03.png",
      "image_tight": "chart_rows/page_038/row_008/cells/col_03_tight.png",
      "bbox_pdf": [
        191.8062746396463,
        393.9010009765625,
        302.6000061035156,
        411.9010009765625
      ],
      "bbox_px_page": [
        1331,
        2735,
        2101,
        2860
      ]
    },
    "col_04": {
      "text": "",
      "image": "chart_rows/page_038/row_008/cells/col_04.png",
      "image_tight": "chart_rows/page_038/row_008/cells/col_04_tight.png",
      "bbox_pdf": [
        302.6000061035156,
        393.9010009765625,
        381.01983642578125,
        411.9010009765625
      ],
      "bbox_px_page": [
        2101,
        2735,
        2645,
        2860
      ]
    },
    "col_05": {
      "text": "",
      "image": "chart_rows/page_038/row_008/cells/col_05.png",
      "image_tight": "chart_rows/page_038/row_008/cells/col_05_tight.png",
      "bbox_pdf": [
        381.01983642578125,
        393.9010009765625,
        456.3236999511719,
        411.9010009765625
      ],
      "bbox_px_page": [
        2645,
        2735,
        3168,
        2860
      ]
    },
    "col_06": {
      "text": "",
      "image": "chart_rows/page_038/row_008/cells/col_06.png",
      "image_tight": "chart_rows/page_038/row_008/cells/col_06_tight.png",
      "bbox_pdf": [
        456.3236999511719,
        393.9010009765625,
        566.1237182617188,
        411.9010009765625
      ],
      "bbox_px_page": [
        3168,
        2735,
        3931,
        2860
      ]
    },
    "col_07": {
      "text": "Supplementary national sy",
      "image": "chart_rows/page_038/row_008/cells/col_07.png",
      "image_tight": "chart_rows/page_038/row_008/cells/col_07_tight.png",
      "bbox_pdf": [
        566.1237182617188,
        393.9010009765625,
        651.9290771484375,
        411.9010009765625
      ],
      "bbox_px_page": [
        3931,
        2735,
        4527,
        2860
      ]
    },
    "col_08": {
      "text": "ymbol: g",
      "image": "chart_rows/page_038/row_008/cells/col_08.png",
      "image_tight": "chart_rows/page_038/row_008/cells/col_08_tight.png",
      "bbox_pdf": [
        651.9290771484375,
        393.9010009765625,
        737.734619140625,
        411.9010009765625
      ],
      "bbox_px_page": [
        4527,
        2735,
        5123,
        2860
      ]
    }
  }
}