{
  "id": "p044_r005",
  "page_number": 44,
  "row_index": 5,
  "no": "4",
  "row_text": "Obstruction, depth not stated Sounding of low accuracy Underwater hazard with depth of 20 meters or less Underwater hazard with depth greater than 20 meters Isolated danger of depth less than the safety contour Point feature or area of low accuracy",
  "row_image": "chart_rows/page_044/row_005/row.png",
  "cells": {
    "No": {
      "text": "4",
      "image": "chart_rows/page_044/row_005/cells/No.png",
      "image_tight": "chart_rows/page_044/row_005/cells/No_tight.png",
      "bbox_pdf": [
        36.07160186767578,
        372.02227783203125,
        64.99938281575669,
        566.6900024414062
      ],
      "bbox_px_page": [
        250,
        2583,
        451,
        3935
      ]
    },
    "INT": {
      "text": "",
      "image": "chart_rows/page_044/row_005/cells/INT.png",
      "image_tight": "chart_rows/page_044/row_005/cells/INT_tight.png",
      "bbox_pdf": [
        64.99938281575669,
        372.02227783203125,
        193.06974206492305,
        566.6900024414062
      ],
      "bbox_px_page": [
        451,
        2583,
        1340,
        3935
      ]
    },
    "Description": {
      "text": "Reported, but not confirmed sounding or danger (on small scale charts only)",
      "image": "chart_rows/page_044/row_005/cells/Description.png",
      "image_tight": "chart_rows/page_044/row_005/cells/Description_tight.png",
      "bbox_pdf": [
        193.06974206492305,
        372.02227783203125,
        304.3567180633545,
        566.6900024414062
      ],
      "bbox_px_page": [
        1340,
        2583,
        2113,
        3935
      ]
    },
    "NOAA": {
      "text": "",
      "image": "chart_rows/page_044/row_005/cells/NOAA.png",
      "image_tight": "chart_rows/page_044/row_005/cells/NOAA_tight.png",
      "bbox_pdf": [
        304.3567180633545,
        372.02227783203125,
        456.3229369148612,
        566.6900024414062
      ],
      "bbox_px_page": [
        2113,
        2583,
        3168,
        3935
      ]
    },
    "NGA": {
      "text": "",
      "image": "chart_rows/page_044/row_005/cells/NGA.png",
      "image_tight": "chart_rows/page_044/row_005/cells/NGA_tight.png",
      "bbox_pdf": [
        456.3229369148612,
        372.02227783203125,
        567.7757158279419,
        566.6900024414062
      ],
      "bbox_px_page": [
        3168,
        2583,
        3942,
        3935
      ]
    },
    "OtherNGA": {
      "text": "",
      "image": "chart_rows/page_044/row_005/cells/OtherNGA.png",
      "image_tight": "chart_rows/page_044/row_005/cells/OtherNGA_tight.png",
      "bbox_pdf": [
        567.7757158279419,
        372.02227783203125,
        651.92743146047,
        566.6900024414062
      ],
      "bbox_px_page": [
        3942,
        2583,
        4527,
        3935
      ]
    },
    "ECDIS": {
      "text": "Obstruction, depth not stated Sounding of low accuracy Underwater hazard with depth of 20 meters or less Underwater hazard with depth greater than 20 meters Isolated danger of depth less than the safety contour Point feature or area of low accuracy",
      "image": "chart_rows/page_044/row_005/cells/ECDIS.png",
      "image_tight": "chart_rows/page_044/row_005/cells/ECDIS_tight.png",
      "bbox_pdf": [
        651.92743146047,
        372.02227783203125,
        737.734619140625,
        566.6900024414062
      ],
      "bbox_px_page": [
        4527,
        2583,
        5123,
        3935
      ]
    }
  }
}