{
  "id": "p026_r005",
  "page_number": 26,
  "row_index": 5,
  "no": "27",
  "row_text": "Overhead cable, Telephone line, with vertical clearance",
  "row_image": "chart_rows/page_026/row_005/row.png",
  "cells": {
    "No": {
      "text": "27",
      "image": "chart_rows/page_026/row_005/cells/No.png",
      "image_tight": "chart_rows/page_026/row_005/cells/No_tight.png",
      "bbox_pdf": [
        36.07160186767578,
        301.8661346435547,
        64.99938281575669,
        374.39800114929676
      ],
      "bbox_px_page": [
        250,
        2096,
        451,
        2599
      ]
    },
    "INT": {
      "text": "",
      "image": "chart_rows/page_026/row_005/cells/INT.png",
      "image_tight": "chart_rows/page_026/row_005/cells/INT_tight.png",
      "bbox_pdf": [
        64.99938281575669,
        301.8661346435547,
        193.06974206492305,
        374.39800114929676
      ],
      "bbox_px_page": [
        451,
        2096,
        1340,
        2599
      ]
    },
    "Description": {
      "text": "Overhead cable, Telephone line, with vertical clearance",
      "image": "chart_rows/page_026/row_005/cells/Description.png",
      "image_tight": "chart_rows/page_026/row_005/cells/Description_tight.png",
      "bbox_pdf": [
        193.06974206492305,
        301.8661346435547,
        304.3567180633545,
        374.39800114929676
      ],
      "bbox_px_page": [
        1340,
        2096,
        2113,
        2599
      ]
    },
    "NOAA": {
      "text": "Tel",
      "image": "chart_rows/page_026/row_005/cells/NOAA.png",
      "image_tight": "chart_rows/page_026/row_005/cells/NOAA_tight.png",
      "bbox_pdf": [
        304.3567180633545,
        301.8661346435547,
        456.3229369148612,
        374.39800114929676
      ],
      "bbox_px_page": [
        2113,
        2096,
        3168,
        2599
      ]
    },
    "NGA": {
      "text": "",
      "image": "chart_rows/page_026/row_005/cells/NGA.png",
      "image_tight": "chart_rows/page_026/row_005/cells/NGA_tight.png",
      "bbox_pdf": [
        456.3229369148612,
        301.8661346435547,
        567.7757158279419,
        374.39800114929676
      ],
      "bbox_px_page": [
        3168,
        2096,
        3942,
        2599
      ]
    },
    "OtherNGA": {
      "text": "clr 20.0 clr 20.0",
      "image": "chart_rows/page_026/row_005/cells/OtherNGA.png",
      "image_tight": "chart_rows/page_026/row_005/cells/OtherNGA_tight.png",
      "bbox_pdf": [
        567.7757158279419,
        301.8661346435547,
        651.92743146047,
        374.39800114929676
      ],
      "bbox_px_page": [
        3942,
        2096,
        4527,
        2599
      ]
    },
    "ECDIS": {
      "text": "Overhead cable Overhead cable, radar conspicuous",
      "image": "chart_rows/page_026/row_005/cells/ECDIS.png",
      "image_tight": "chart_rows/page_026/row_005/cells/ECDIS_tight.png",
      "bbox_pdf": [
        651.92743146047,
        301.8661346435547,
        737.734619140625,
        374.39800114929676
      ],
      "bbox_px_page": [
        4527,
        2096,
        5123,
        2599
      ]
    }
  }
}