{
  "id": "p033_r009",
  "page_number": 33,
  "row_index": 9,
  "no": "5",
  "row_text": "Training wall (partly submerged at high water)",
  "row_image": "chart_rows/page_033/row_009/row.png",
  "cells": {
    "No": {
      "text": "5",
      "image": "chart_rows/page_033/row_009/cells/No.png",
      "image_tight": "chart_rows/page_033/row_009/cells/No_tight.png",
      "bbox_pdf": [
        54.07160186767578,
        532.9736328125,
        82.99796140193939,
        565.8198949843645
      ],
      "bbox_px_page": [
        375,
        3701,
        576,
        3929
      ]
    },
    "INT": {
      "text": "Training Wall (covers) 0",
      "image": "chart_rows/page_033/row_009/cells/INT.png",
      "image_tight": "chart_rows/page_033/row_009/cells/INT_tight.png",
      "bbox_pdf": [
        82.99796140193939,
        532.9736328125,
        211.40581703186035,
        565.8198949843645
      ],
      "bbox_px_page": [
        576,
        3701,
        1468,
        3929
      ]
    },
    "Description": {
      "text": "Training wall (partly submerged at high water)",
      "image": "chart_rows/page_033/row_009/cells/Description.png",
      "image_tight": "chart_rows/page_033/row_009/cells/Description_tight.png",
      "bbox_pdf": [
        211.40581703186035,
        532.9736328125,
        320.6000061035156,
        565.8198949843645
      ],
      "bbox_px_page": [
        1468,
        3701,
        2226,
        3929
      ]
    },
    "NOAA": {
      "text": "",
      "image": "chart_rows/page_033/row_009/cells/NOAA.png",
      "image_tight": "chart_rows/page_033/row_009/cells/NOAA_tight.png",
      "bbox_pdf": [
        320.6000061035156,
        532.9736328125,
        474.3236999511719,
        565.8198949843645
      ],
      "bbox_px_page": [
        2226,
        3701,
        3293,
        3929
      ]
    },
    "NGA": {
      "text": "",
      "image": "chart_rows/page_033/row_009/cells/NGA.png",
      "image_tight": "chart_rows/page_033/row_009/cells/NGA_tight.png",
      "bbox_pdf": [
        474.3236999511719,
        532.9736328125,
        585.5497436523438,
        565.8198949843645
      ],
      "bbox_px_page": [
        3293,
        3701,
        4066,
        3929
      ]
    },
    "OtherNGA": {
      "text": "",
      "image": "chart_rows/page_033/row_009/cells/OtherNGA.png",
      "image_tight": "chart_rows/page_033/row_009/cells/OtherNGA_tight.png",
      "bbox_pdf": [
        585.5497436523438,
        532.9736328125,
        669.9003596305847,
        565.8198949843645
      ],
      "bbox_px_page": [
        4066,
        3701,
        4652,
        3929
      ]
    },
    "ECDIS": {
      "text": "Training wall",
      "image": "chart_rows/page_033/row_009/cells/ECDIS.png",
      "image_tight": "chart_rows/page_033/row_009/cells/ECDIS_tight.png",
      "bbox_pdf": [
        669.9003596305847,
        532.9736328125,
        755.734619140625,
        565.8198949843645
      ],
      "bbox_px_page": [
        4652,
        3701,
        5248,
        3929
      ]
    }
  }
}