{
  "id": "p025_r002",
  "page_number": 25,
  "row_index": 2,
  "no": "22",
  "row_text": "HOR CL 25 FT VERT CL 20 FT VERT CL 6 M",
  "row_image": "chart_rows/page_025/row_002/row.png",
  "cells": {
    "No": {
      "text": "22",
      "image": "chart_rows/page_025/row_002/cells/No.png",
      "image_tight": "chart_rows/page_025/row_002/cells/No_tight.png",
      "bbox_pdf": [
        54.07160186767578,
        135.0701904296875,
        82.99796140193939,
        164.25997022539377
      ],
      "bbox_px_page": [
        375,
        937,
        576,
        1140
      ]
    },
    "INT": {
      "text": "",
      "image": "chart_rows/page_025/row_002/cells/INT.png",
      "image_tight": "chart_rows/page_025/row_002/cells/INT_tight.png",
      "bbox_pdf": [
        82.99796140193939,
        135.0701904296875,
        211.40581703186035,
        164.25997022539377
      ],
      "bbox_px_page": [
        576,
        937,
        1468,
        1140
      ]
    },
    "Description": {
      "text": "Vertical clearance ( i t d ti )",
      "image": "chart_rows/page_025/row_002/cells/Description.png",
      "image_tight": "chart_rows/page_025/row_002/cells/Description_tight.png",
      "bbox_pdf": [
        211.40581703186035,
        135.0701904296875,
        320.6000061035156,
        164.25997022539377
      ],
      "bbox_px_page": [
        1468,
        937,
        2226,
        1140
      ]
    },
    "NOAA": {
      "text": "HOR CL 25 FT VERT CL 20 FT VERT CL 6 M",
      "image": "chart_rows/page_025/row_002/cells/NOAA.png",
      "image_tight": "chart_rows/page_025/row_002/cells/NOAA_tight.png",
      "bbox_pdf": [
        320.6000061035156,
        135.0701904296875,
        474.3236999511719,
        164.25997022539377
      ],
      "bbox_px_page": [
        2226,
        937,
        3293,
        1140
      ]
    },
    "NGA": {
      "text": "",
      "image": "chart_rows/page_025/row_002/cells/NGA.png",
      "image_tight": "chart_rows/page_025/row_002/cells/NGA_tight.png",
      "bbox_pdf": [
        474.3236999511719,
        135.0701904296875,
        585.5497436523438,
        164.25997022539377
      ],
      "bbox_px_page": [
        3293,
        937,
        4066,
        1140
      ]
    },
    "OtherNGA": {
      "text": "clr 20.0 clr 20.0",
      "image": "chart_rows/page_025/row_002/cells/OtherNGA.png",
      "image_tight": "chart_rows/page_025/row_002/cells/OtherNGA_tight.png",
      "bbox_pdf": [
        585.5497436523438,
        135.0701904296875,
        669.9003596305847,
        164.25997022539377
      ],
      "bbox_px_page": [
        4066,
        937,
        4652,
        1140
      ]
    },
    "ECDIS": {
      "text": "Bridge",
      "image": "chart_rows/page_025/row_002/cells/ECDIS.png",
      "image_tight": "chart_rows/page_025/row_002/cells/ECDIS_tight.png",
      "bbox_pdf": [
        669.9003596305847,
        135.0701904296875,
        755.734619140625,
        164.25997022539377
      ],
      "bbox_px_page": [
        4652,
        937,
        5248,
        1140
      ]
    }
  }
}