{
  "id": "p035_r004",
  "page_number": 35,
  "row_index": 4,
  "no": "20",
  "row_text": "Dol (Great Lakes) Dol † Dn Dol",
  "row_image": "chart_rows/page_035/row_004/row.png",
  "cells": {
    "col_01": {
      "text": "20",
      "image": "chart_rows/page_035/row_004/cells/col_01.png",
      "image_tight": "chart_rows/page_035/row_004/cells/col_01_tight.png",
      "bbox_pdf": [
        54.07160186767578,
        193.33279418945312,
        83.0,
        244.6256103515625
      ],
      "bbox_px_page": [
        375,
        1342,
        576,
        1698
      ]
    },
    "col_02": {
      "text": "",
      "image": "chart_rows/page_035/row_004/cells/col_02.png",
      "image_tight": "chart_rows/page_035/row_004/cells/col_02_tight.png",
      "bbox_pdf": [
        83.0,
        193.33279418945312,
        148.33418422937393,
        244.6256103515625
      ],
      "bbox_px_page": [
        576,
        1342,
        1030,
        1698
      ]
    },
    "col_03": {
      "text": "",
      "image": "chart_rows/page_035/row_004/cells/col_03.png",
      "image_tight": "chart_rows/page_035/row_004/cells/col_03_tight.png",
      "bbox_pdf": [
        148.33418422937393,
        193.33279418945312,
        209.80630493164062,
        244.6256103515625
      ],
      "bbox_px_page": [
        1030,
        1342,
        1456,
        1698
      ]
    },
    "col_04": {
      "text": "Dolphin",
      "image": "chart_rows/page_035/row_004/cells/col_04.png",
      "image_tight": "chart_rows/page_035/row_004/cells/col_04_tight.png",
      "bbox_pdf": [
        209.80630493164062,
        193.33279418945312,
        320.6000061035156,
        244.6256103515625
      ],
      "bbox_px_page": [
        1456,
        1342,
        2226,
        1698
      ]
    },
    "col_05": {
      "text": "Dol (Great Lakes) Dol † Dn Dol",
      "image": "chart_rows/page_035/row_004/cells/col_05.png",
      "image_tight": "chart_rows/page_035/row_004/cells/col_05_tight.png",
      "bbox_pdf": [
        320.6000061035156,
        193.33279418945312,
        474.3236999511719,
        244.6256103515625
      ],
      "bbox_px_page": [
        2226,
        1342,
        3293,
        1698
      ]
    },
    "col_06": {
      "text": "",
      "image": "chart_rows/page_035/row_004/cells/col_06.png",
      "image_tight": "chart_rows/page_035/row_004/cells/col_06_tight.png",
      "bbox_pdf": [
        474.3236999511719,
        193.33279418945312,
        585.386962890625,
        244.6256103515625
      ],
      "bbox_px_page": [
        3293,
        1342,
        4065,
        1698
      ]
    },
    "col_07": {
      "text": "",
      "image": "chart_rows/page_035/row_004/cells/col_07.png",
      "image_tight": "chart_rows/page_035/row_004/cells/col_07_tight.png",
      "bbox_pdf": [
        585.386962890625,
        193.33279418945312,
        669.9257489442825,
        244.6256103515625
      ],
      "bbox_px_page": [
        4065,
        1342,
        4652,
        1698
      ]
    },
    "col_08": {
      "text": "Mooring dolphin",
      "image": "chart_rows/page_035/row_004/cells/col_08.png",
      "image_tight": "chart_rows/page_035/row_004/cells/col_08_tight.png",
      "bbox_pdf": [
        669.9257489442825,
        193.33279418945312,
        755.734619140625,
        244.6256103515625
      ],
      "bbox_px_page": [
        4652,
        1342,
        5248,
        1698
      ]
    }
  }
}