{
  "id": "p065_r004",
  "page_number": 65,
  "row_index": 4,
  "no": "4",
  "row_text": "Non-regulated, recommended track not based on fixed marks Direction not encoded 90 deg One-way 270 deg Two-way",
  "row_image": "chart_rows/page_065/row_004/row.png",
  "cells": {
    "No": {
      "text": "4",
      "image": "chart_rows/page_065/row_004/cells/No.png",
      "image_tight": "chart_rows/page_065/row_004/cells/No_tight.png",
      "bbox_pdf": [
        54.07160186767578,
        340.2428894042969,
        83.0,
        422.35888671875
      ],
      "bbox_px_page": [
        375,
        2362,
        576,
        2933
      ]
    },
    "INT": {
      "text": "",
      "image": "chart_rows/page_065/row_004/cells/INT.png",
      "image_tight": "chart_rows/page_065/row_004/cells/INT_tight.png",
      "bbox_pdf": [
        83.0,
        340.2428894042969,
        209.80630493164062,
        422.35888671875
      ],
      "bbox_px_page": [
        576,
        2362,
        1456,
        2933
      ]
    },
    "Description": {
      "text": "Recommended track not based on a system of fixed marks",
      "image": "chart_rows/page_065/row_004/cells/Description.png",
      "image_tight": "chart_rows/page_065/row_004/cells/Description_tight.png",
      "bbox_pdf": [
        209.80630493164062,
        340.2428894042969,
        320.6000061035156,
        422.35888671875
      ],
      "bbox_px_page": [
        1456,
        2362,
        2226,
        2933
      ]
    },
    "NOAA": {
      "text": "",
      "image": "chart_rows/page_065/row_004/cells/NOAA.png",
      "image_tight": "chart_rows/page_065/row_004/cells/NOAA_tight.png",
      "bbox_pdf": [
        320.6000061035156,
        340.2428894042969,
        397.2838134765625,
        422.35888671875
      ],
      "bbox_px_page": [
        2226,
        2362,
        2758,
        2933
      ]
    },
    "NGA": {
      "text": "",
      "image": "chart_rows/page_065/row_004/cells/NGA.png",
      "image_tight": "chart_rows/page_065/row_004/cells/NGA_tight.png",
      "bbox_pdf": [
        397.2838134765625,
        340.2428894042969,
        474.3236999511719,
        422.35888671875
      ],
      "bbox_px_page": [
        2758,
        2362,
        3293,
        2933
      ]
    },
    "OtherNGA": {
      "text": "",
      "image": "chart_rows/page_065/row_004/cells/OtherNGA.png",
      "image_tight": "chart_rows/page_065/row_004/cells/OtherNGA_tight.png",
      "bbox_pdf": [
        474.3236999511719,
        340.2428894042969,
        584.1237182617188,
        422.35888671875
      ],
      "bbox_px_page": [
        3293,
        2362,
        4056,
        2933
      ]
    },
    "ECDIS": {
      "text": "Non-regulated, recommended track not based on fixed marks Direction not encoded 90 deg One-way 270 deg Two-way",
      "image": "chart_rows/page_065/row_004/cells/ECDIS.png",
      "image_tight": "chart_rows/page_065/row_004/cells/ECDIS_tight.png",
      "bbox_pdf": [
        584.1237182617188,
        340.2428894042969,
        755.734619140625,
        422.35888671875
      ],
      "bbox_px_page": [
        4056,
        2362,
        5248,
        2933
      ]
    }
  }
}