{
  "id": "p038_r006",
  "page_number": 38,
  "row_index": 6,
  "no": "53.1",
  "row_text": "Traveling crane (on railway)",
  "row_image": "chart_rows/page_038/row_006/row.png",
  "cells": {
    "col_01": {
      "text": "53.1",
      "image": "chart_rows/page_038/row_006/cells/col_01.png",
      "image_tight": "chart_rows/page_038/row_006/cells/col_01_tight.png",
      "bbox_pdf": [
        36.07160186767578,
        280.9418865442276,
        66.97056174278259,
        321.4320526123047
      ],
      "bbox_px_page": [
        250,
        1950,
        465,
        2232
      ]
    },
    "col_02": {
      "text": "",
      "image": "chart_rows/page_038/row_006/cells/col_02.png",
      "image_tight": "chart_rows/page_038/row_006/cells/col_02_tight.png",
      "bbox_pdf": [
        66.97056174278259,
        280.9418865442276,
        191.8062746396463,
        321.4320526123047
      ],
      "bbox_px_page": [
        465,
        1950,
        1331,
        2232
      ]
    },
    "col_03": {
      "text": "Traveling crane (on railway)",
      "image": "chart_rows/page_038/row_006/cells/col_03.png",
      "image_tight": "chart_rows/page_038/row_006/cells/col_03_tight.png",
      "bbox_pdf": [
        191.8062746396463,
        280.9418865442276,
        302.6000061035156,
        321.4320526123047
      ],
      "bbox_px_page": [
        1331,
        1950,
        2101,
        2232
      ]
    },
    "col_04": {
      "text": "",
      "image": "chart_rows/page_038/row_006/cells/col_04.png",
      "image_tight": "chart_rows/page_038/row_006/cells/col_04_tight.png",
      "bbox_pdf": [
        302.6000061035156,
        280.9418865442276,
        381.01983642578125,
        321.4320526123047
      ],
      "bbox_px_page": [
        2101,
        1950,
        2645,
        2232
      ]
    },
    "col_05": {
      "text": "",
      "image": "chart_rows/page_038/row_006/cells/col_05.png",
      "image_tight": "chart_rows/page_038/row_006/cells/col_05_tight.png",
      "bbox_pdf": [
        381.01983642578125,
        280.9418865442276,
        456.3236999511719,
        321.4320526123047
      ],
      "bbox_px_page": [
        2645,
        1950,
        3168,
        2232
      ]
    },
    "col_06": {
      "text": "",
      "image": "chart_rows/page_038/row_006/cells/col_06.png",
      "image_tight": "chart_rows/page_038/row_006/cells/col_06_tight.png",
      "bbox_pdf": [
        456.3236999511719,
        280.9418865442276,
        566.1237182617188,
        321.4320526123047
      ],
      "bbox_px_page": [
        3168,
        1950,
        3931,
        2232
      ]
    },
    "col_07": {
      "text": "",
      "image": "chart_rows/page_038/row_006/cells/col_07.png",
      "image_tight": "chart_rows/page_038/row_006/cells/col_07_tight.png",
      "bbox_pdf": [
        566.1237182617188,
        280.9418865442276,
        651.9290771484375,
        321.4320526123047
      ],
      "bbox_px_page": [
        3931,
        1950,
        4527,
        2232
      ]
    },
    "col_08": {
      "text": "Crane as a point",
      "image": "chart_rows/page_038/row_006/cells/col_08.png",
      "image_tight": "chart_rows/page_038/row_006/cells/col_08_tight.png",
      "bbox_pdf": [
        651.9290771484375,
        280.9418865442276,
        737.734619140625,
        321.4320526123047
      ],
      "bbox_px_page": [
        4527,
        1950,
        5123,
        2232
      ]
    }
  }
}