{
  "id": "p040_r003",
  "page_number": 40,
  "row_index": 3,
  "no": "3",
  "row_text": "Highest Astronomical Tide",
  "row_image": "chart_rows/page_040/row_003/row.png",
  "cells": {
    "col_01": {
      "text": "3",
      "image": "chart_rows/page_040/row_003/cells/col_01.png",
      "image_tight": "chart_rows/page_040/row_003/cells/col_01_tight.png",
      "bbox_pdf": [
        36.07099914550781,
        171.6559066772461,
        99.07099914550781,
        191.45589447021484
      ],
      "bbox_px_page": [
        250,
        1192,
        687,
        1329
      ]
    },
    "col_02": {
      "text": "HAT",
      "image": "chart_rows/page_040/row_003/cells/col_02.png",
      "image_tight": "chart_rows/page_040/row_003/cells/col_02_tight.png",
      "bbox_pdf": [
        99.07099914550781,
        171.6559066772461,
        184.5709991455078,
        191.45589447021484
      ],
      "bbox_px_page": [
        687,
        1192,
        1281,
        1329
      ]
    },
    "col_03": {
      "text": "Highest Astronomical Tide",
      "image": "chart_rows/page_040/row_003/cells/col_03.png",
      "image_tight": "chart_rows/page_040/row_003/cells/col_03_tight.png",
      "bbox_pdf": [
        184.5709991455078,
        171.6559066772461,
        364.5710144042969,
        191.45589447021484
      ],
      "bbox_px_page": [
        1281,
        1192,
        2531,
        1329
      ]
    },
    "col_04": {
      "text": "",
      "image": "chart_rows/page_040/row_003/cells/col_04.png",
      "image_tight": "chart_rows/page_040/row_003/cells/col_04_tight.png",
      "bbox_pdf": [
        364.5710144042969,
        171.6559066772461,
        387.0708923339844,
        191.45589447021484
      ],
      "bbox_px_page": [
        2531,
        1192,
        2687,
        1329
      ]
    },
    "col_05": {
      "text": "c LW Low Water",
      "image": "chart_rows/page_040/row_003/cells/col_05.png",
      "image_tight": "chart_rows/page_040/row_003/cells/col_05_tight.png",
      "bbox_pdf": [
        387.0708923339844,
        171.6559066772461,
        738.0709228515625,
        191.45589447021484
      ],
      "bbox_px_page": [
        2687,
        1192,
        5125,
        1329
      ]
    }
  }
}