{
  "id": "p039_r003",
  "page_number": 39,
  "row_index": 3,
  "no": "b",
  "row_text": "Subm Jetty Submerged Jetty",
  "row_image": "chart_rows/page_039/row_003/row.png",
  "cells": {
    "col_01": {
      "text": "b",
      "image": "chart_rows/page_039/row_003/cells/col_01.png",
      "image_tight": "chart_rows/page_039/row_003/cells/col_01_tight.png",
      "bbox_pdf": [
        53.89714285714286,
        145.02700805664062,
        82.90285714285714,
        239.51980590820312
      ],
      "bbox_px_page": [
        374,
        1007,
        575,
        1663
      ]
    },
    "col_02": {
      "text": "",
      "image": "chart_rows/page_039/row_003/cells/col_02.png",
      "image_tight": "chart_rows/page_039/row_003/cells/col_02_tight.png",
      "bbox_pdf": [
        82.90285714285714,
        145.02700805664062,
        209.62285714285716,
        239.51980590820312
      ],
      "bbox_px_page": [
        575,
        1007,
        1455,
        1663
      ]
    },
    "col_03": {
      "text": "Submerged jetty",
      "image": "chart_rows/page_039/row_003/cells/col_03.png",
      "image_tight": "chart_rows/page_039/row_003/cells/col_03_tight.png",
      "bbox_pdf": [
        209.62285714285716,
        145.02700805664062,
        320.5028571428572,
        239.51980590820312
      ],
      "bbox_px_page": [
        1455,
        1007,
        2225,
        1663
      ]
    },
    "col_04": {
      "text": "Subm Jetty Submerged Jetty",
      "image": "chart_rows/page_039/row_003/cells/col_04.png",
      "image_tight": "chart_rows/page_039/row_003/cells/col_04_tight.png",
      "bbox_pdf": [
        320.5028571428572,
        145.02700805664062,
        474.17142857142863,
        239.51980590820312
      ],
      "bbox_px_page": [
        2225,
        1007,
        3292,
        1663
      ]
    },
    "col_05": {
      "text": "",
      "image": "chart_rows/page_039/row_003/cells/col_05.png",
      "image_tight": "chart_rows/page_039/row_003/cells/col_05_tight.png",
      "bbox_pdf": [
        474.17142857142863,
        145.02700805664062,
        584.0228571428572,
        239.51980590820312
      ],
      "bbox_px_page": [
        3292,
        1007,
        4055,
        1663
      ]
    },
    "col_06": {
      "text": "",
      "image": "chart_rows/page_039/row_003/cells/col_06.png",
      "image_tight": "chart_rows/page_039/row_003/cells/col_06_tight.png",
      "bbox_pdf": [
        584.0228571428572,
        145.02700805664062,
        755.5885714285715,
        239.51980590820312
      ],
      "bbox_px_page": [
        4055,
        1007,
        5247,
        1663
      ]
    }
  }
}