{
  "id": "p034_r008",
  "page_number": 34,
  "row_index": 8,
  "no": "14",
  "row_text": "Pier (jetty),",
  "row_image": "chart_rows/page_034/row_008/row.png",
  "cells": {
    "col_01": {
      "text": "14",
      "image": "chart_rows/page_034/row_008/cells/col_01.png",
      "image_tight": "chart_rows/page_034/row_008/cells/col_01_tight.png",
      "bbox_pdf": [
        36.07160186767578,
        375.63189697265625,
        66.83821793145034,
        408.4783020019531
      ],
      "bbox_px_page": [
        250,
        2608,
        464,
        2836
      ]
    },
    "col_02": {
      "text": "",
      "image": "chart_rows/page_034/row_008/cells/col_02.png",
      "image_tight": "chart_rows/page_034/row_008/cells/col_02_tight.png",
      "bbox_pdf": [
        66.83821793145034,
        375.63189697265625,
        128.35996961593628,
        408.4783020019531
      ],
      "bbox_px_page": [
        464,
        2608,
        891,
        2836
      ]
    },
    "col_03": {
      "text": "",
      "image": "chart_rows/page_034/row_008/cells/col_03.png",
      "image_tight": "chart_rows/page_034/row_008/cells/col_03_tight.png",
      "bbox_pdf": [
        128.35996961593628,
        375.63189697265625,
        192.74342723796144,
        408.4783020019531
      ],
      "bbox_px_page": [
        891,
        2608,
        1338,
        2836
      ]
    },
    "col_04": {
      "text": "Pier, Jetty",
      "image": "chart_rows/page_034/row_008/cells/col_04.png",
      "image_tight": "chart_rows/page_034/row_008/cells/col_04_tight.png",
      "bbox_pdf": [
        192.74342723796144,
        375.63189697265625,
        302.6000061035156,
        408.4783020019531
      ],
      "bbox_px_page": [
        1338,
        2608,
        2101,
        2836
      ]
    },
    "col_05": {
      "text": "Pier",
      "image": "chart_rows/page_034/row_008/cells/col_05.png",
      "image_tight": "chart_rows/page_034/row_008/cells/col_05_tight.png",
      "bbox_pdf": [
        302.6000061035156,
        375.63189697265625,
        456.3236999511719,
        408.4783020019531
      ],
      "bbox_px_page": [
        2101,
        2608,
        3168,
        2836
      ]
    },
    "col_06": {
      "text": "",
      "image": "chart_rows/page_034/row_008/cells/col_06.png",
      "image_tight": "chart_rows/page_034/row_008/cells/col_06_tight.png",
      "bbox_pdf": [
        456.3236999511719,
        375.63189697265625,
        567.5356597900391,
        408.4783020019531
      ],
      "bbox_px_page": [
        3168,
        2608,
        3941,
        2836
      ]
    },
    "col_07": {
      "text": "",
      "image": "chart_rows/page_034/row_008/cells/col_07.png",
      "image_tight": "chart_rows/page_034/row_008/cells/col_07_tight.png",
      "bbox_pdf": [
        567.5356597900391,
        375.63189697265625,
        651.9163010418415,
        408.4783020019531
      ],
      "bbox_px_page": [
        3941,
        2608,
        4527,
        2836
      ]
    },
    "col_08": {
      "text": "Pier (jetty),",
      "image": "chart_rows/page_034/row_008/cells/col_08.png",
      "image_tight": "chart_rows/page_034/row_008/cells/col_08_tight.png",
      "bbox_pdf": [
        651.9163010418415,
        375.63189697265625,
        737.734619140625,
        408.4783020019531
      ],
      "bbox_px_page": [
        4527,
        2608,
        5123,
        2836
      ]
    }
  }
}