{
  "id": "p049_r017",
  "page_number": 49,
  "row_index": 17,
  "no": "13.1",
  "row_text": "Weed (including kelp)",
  "row_image": "chart_rows/page_049/row_017/row.png",
  "cells": {
    "No": {
      "text": "13.1",
      "image": "chart_rows/page_049/row_017/cells/No.png",
      "image_tight": "chart_rows/page_049/row_017/cells/No_tight.png",
      "bbox_pdf": [
        54.07160186767578,
        432.3106994628906,
        82.99796140193939,
        459.3106994628906
      ],
      "bbox_px_page": [
        375,
        3002,
        576,
        3189
      ]
    },
    "INT": {
      "text": "Wd",
      "image": "chart_rows/page_049/row_017/cells/INT.png",
      "image_tight": "chart_rows/page_049/row_017/cells/INT_tight.png",
      "bbox_pdf": [
        82.99796140193939,
        432.3106994628906,
        211.40581703186035,
        459.3106994628906
      ],
      "bbox_px_page": [
        576,
        3002,
        1468,
        3189
      ]
    },
    "Description": {
      "text": "Weed (including kelp)",
      "image": "chart_rows/page_049/row_017/cells/Description.png",
      "image_tight": "chart_rows/page_049/row_017/cells/Description_tight.png",
      "bbox_pdf": [
        211.40581703186035,
        432.3106994628906,
        320.6000061035156,
        459.3106994628906
      ],
      "bbox_px_page": [
        1468,
        3002,
        2226,
        3189
      ]
    },
    "NOAA": {
      "text": "",
      "image": "chart_rows/page_049/row_017/cells/NOAA.png",
      "image_tight": "chart_rows/page_049/row_017/cells/NOAA_tight.png",
      "bbox_pdf": [
        320.6000061035156,
        432.3106994628906,
        474.3236999511719,
        459.3106994628906
      ],
      "bbox_px_page": [
        2226,
        3002,
        3293,
        3189
      ]
    },
    "NGA": {
      "text": "",
      "image": "chart_rows/page_049/row_017/cells/NGA.png",
      "image_tight": "chart_rows/page_049/row_017/cells/NGA_tight.png",
      "bbox_pdf": [
        474.3236999511719,
        432.3106994628906,
        585.5497436523438,
        459.3106994628906
      ],
      "bbox_px_page": [
        3293,
        3002,
        4066,
        3189
      ]
    },
    "OtherNGA": {
      "text": "",
      "image": "chart_rows/page_049/row_017/cells/OtherNGA.png",
      "image_tight": "chart_rows/page_049/row_017/cells/OtherNGA_tight.png",
      "bbox_pdf": [
        585.5497436523438,
        432.3106994628906,
        669.9003596305847,
        459.3106994628906
      ],
      "bbox_px_page": [
        4066,
        3002,
        4652,
        3189
      ]
    },
    "ECDIS": {
      "text": "Weed kelp",
      "image": "chart_rows/page_049/row_017/cells/ECDIS.png",
      "image_tight": "chart_rows/page_049/row_017/cells/ECDIS_tight.png",
      "bbox_pdf": [
        669.9003596305847,
        432.3106994628906,
        755.734619140625,
        459.3106994628906
      ],
      "bbox_px_page": [
        4652,
        3002,
        5248,
        3189
      ]
    }
  }
}