{
  "id": "p030_r011",
  "page_number": 30,
  "row_index": 11,
  "no": "26.2",
  "row_text": "Wind generator farm",
  "row_image": "chart_rows/page_030/row_011/row.png",
  "cells": {
    "col_01": {
      "text": "26.2",
      "image": "chart_rows/page_030/row_011/cells/col_01.png",
      "image_tight": "chart_rows/page_030/row_011/cells/col_01_tight.png",
      "bbox_pdf": [
        36.07160186767578,
        379.42572021484375,
        66.83821793145034,
        415.8721008300781
      ],
      "bbox_px_page": [
        250,
        2634,
        464,
        2888
      ]
    },
    "col_02": {
      "text": "",
      "image": "chart_rows/page_030/row_011/cells/col_02.png",
      "image_tight": "chart_rows/page_030/row_011/cells/col_02_tight.png",
      "bbox_pdf": [
        66.83821793145034,
        379.42572021484375,
        128.35996961593628,
        415.8721008300781
      ],
      "bbox_px_page": [
        464,
        2634,
        891,
        2888
      ]
    },
    "col_03": {
      "text": "",
      "image": "chart_rows/page_030/row_011/cells/col_03.png",
      "image_tight": "chart_rows/page_030/row_011/cells/col_03_tight.png",
      "bbox_pdf": [
        128.35996961593628,
        379.42572021484375,
        192.74342723796144,
        415.8721008300781
      ],
      "bbox_px_page": [
        891,
        2634,
        1338,
        2888
      ]
    },
    "col_04": {
      "text": "Onshore wind farm",
      "image": "chart_rows/page_030/row_011/cells/col_04.png",
      "image_tight": "chart_rows/page_030/row_011/cells/col_04_tight.png",
      "bbox_pdf": [
        192.74342723796144,
        379.42572021484375,
        302.6000061035156,
        415.8721008300781
      ],
      "bbox_px_page": [
        1338,
        2634,
        2101,
        2888
      ]
    },
    "col_05": {
      "text": "Wind Farm WIND FARM",
      "image": "chart_rows/page_030/row_011/cells/col_05.png",
      "image_tight": "chart_rows/page_030/row_011/cells/col_05_tight.png",
      "bbox_pdf": [
        302.6000061035156,
        379.42572021484375,
        456.3236999511719,
        415.8721008300781
      ],
      "bbox_px_page": [
        2101,
        2634,
        3168,
        2888
      ]
    },
    "col_06": {
      "text": "",
      "image": "chart_rows/page_030/row_011/cells/col_06.png",
      "image_tight": "chart_rows/page_030/row_011/cells/col_06_tight.png",
      "bbox_pdf": [
        456.3236999511719,
        379.42572021484375,
        567.5356597900391,
        415.8721008300781
      ],
      "bbox_px_page": [
        3168,
        2634,
        3941,
        2888
      ]
    },
    "col_07": {
      "text": "",
      "image": "chart_rows/page_030/row_011/cells/col_07.png",
      "image_tight": "chart_rows/page_030/row_011/cells/col_07_tight.png",
      "bbox_pdf": [
        567.5356597900391,
        379.42572021484375,
        651.9163010418415,
        415.8721008300781
      ],
      "bbox_px_page": [
        3941,
        2634,
        4527,
        2888
      ]
    },
    "col_08": {
      "text": "Wind generator farm",
      "image": "chart_rows/page_030/row_011/cells/col_08.png",
      "image_tight": "chart_rows/page_030/row_011/cells/col_08_tight.png",
      "bbox_pdf": [
        651.9163010418415,
        379.42572021484375,
        737.734619140625,
        415.8721008300781
      ],
      "bbox_px_page": [
        4527,
        2634,
        5123,
        2888
      ]
    }
  }
}