{
  "id": "p062_r008",
  "page_number": 62,
  "row_index": 8,
  "no": "21.2",
  "row_text": "Underwater hazard with depth of 20 meters or less Underwater hazard with depth greater than 20 meters solated danger of depth ess than the safety contour",
  "row_image": "chart_rows/page_062/row_008/row.png",
  "cells": {
    "col_01": {
      "text": "21.2",
      "image": "chart_rows/page_062/row_008/cells/col_01.png",
      "image_tight": "chart_rows/page_062/row_008/cells/col_01_tight.png",
      "bbox_pdf": [
        36.07160186767578,
        393.7178955078125,
        66.97056174278259,
        481.76409912109375
      ],
      "bbox_px_page": [
        250,
        2734,
        465,
        3345
      ]
    },
    "col_02": {
      "text": "",
      "image": "chart_rows/page_062/row_008/cells/col_02.png",
      "image_tight": "chart_rows/page_062/row_008/cells/col_02_tight.png",
      "bbox_pdf": [
        66.97056174278259,
        393.7178955078125,
        191.8062746396463,
        481.76409912109375
      ],
      "bbox_px_page": [
        465,
        2734,
        1331,
        3345
      ]
    },
    "col_03": {
      "text": "Suspended well, with depth over wellhead",
      "image": "chart_rows/page_062/row_008/cells/col_03.png",
      "image_tight": "chart_rows/page_062/row_008/cells/col_03_tight.png",
      "bbox_pdf": [
        191.8062746396463,
        393.7178955078125,
        302.6000061035156,
        481.76409912109375
      ],
      "bbox_px_page": [
        1331,
        2734,
        2101,
        3345
      ]
    },
    "col_04": {
      "text": "Pipe (cov 24ft) Pipe (cov 92ft)",
      "image": "chart_rows/page_062/row_008/cells/col_04.png",
      "image_tight": "chart_rows/page_062/row_008/cells/col_04_tight.png",
      "bbox_pdf": [
        302.6000061035156,
        393.7178955078125,
        381.01983642578125,
        481.76409912109375
      ],
      "bbox_px_page": [
        2101,
        2734,
        2645,
        3345
      ]
    },
    "col_05": {
      "text": "",
      "image": "chart_rows/page_062/row_008/cells/col_05.png",
      "image_tight": "chart_rows/page_062/row_008/cells/col_05_tight.png",
      "bbox_pdf": [
        381.01983642578125,
        393.7178955078125,
        456.3236999511719,
        481.76409912109375
      ],
      "bbox_px_page": [
        2645,
        2734,
        3168,
        3345
      ]
    },
    "col_06": {
      "text": "",
      "image": "chart_rows/page_062/row_008/cells/col_06.png",
      "image_tight": "chart_rows/page_062/row_008/cells/col_06_tight.png",
      "bbox_pdf": [
        456.3236999511719,
        393.7178955078125,
        566.1237182617188,
        481.76409912109375
      ],
      "bbox_px_page": [
        3168,
        2734,
        3931,
        3345
      ]
    },
    "col_07": {
      "text": "U d U d m I l",
      "image": "chart_rows/page_062/row_008/cells/col_07.png",
      "image_tight": "chart_rows/page_062/row_008/cells/col_07_tight.png",
      "bbox_pdf": [
        566.1237182617188,
        393.7178955078125,
        651.9290771484375,
        481.76409912109375
      ],
      "bbox_px_page": [
        3931,
        2734,
        4527,
        3345
      ]
    },
    "col_08": {
      "text": "Underwater hazard with depth of 20 meters or less Underwater hazard with depth greater than 20 meters solated danger of depth ess than the safety contour",
      "image": "chart_rows/page_062/row_008/cells/col_08.png",
      "image_tight": "chart_rows/page_062/row_008/cells/col_08_tight.png",
      "bbox_pdf": [
        651.9290771484375,
        393.7178955078125,
        737.734619140625,
        481.76409912109375
      ],
      "bbox_px_page": [
        4527,
        2734,
        5123,
        3345
      ]
    }
  }
}