{
  "id": "p045_r003",
  "page_number": 45,
  "row_index": 3,
  "no": "11",
  "row_text": "Depths are always shown ECDIS",
  "row_image": "chart_rows/page_045/row_003/row.png",
  "cells": {
    "col_01": {
      "text": "11",
      "image": "chart_rows/page_045/row_003/cells/col_01.png",
      "image_tight": "chart_rows/page_045/row_003/cells/col_01_tight.png",
      "bbox_pdf": [
        54.07160186767578,
        176.5150146484375,
        83.0,
        210.87712001800537
      ],
      "bbox_px_page": [
        375,
        1225,
        576,
        1464
      ]
    },
    "col_02": {
      "text": "",
      "image": "chart_rows/page_045/row_003/cells/col_02.png",
      "image_tight": "chart_rows/page_045/row_003/cells/col_02_tight.png",
      "bbox_pdf": [
        83.0,
        176.5150146484375,
        148.33418422937393,
        210.87712001800537
      ],
      "bbox_px_page": [
        576,
        1225,
        1030,
        1464
      ]
    },
    "col_03": {
      "text": "",
      "image": "chart_rows/page_045/row_003/cells/col_03.png",
      "image_tight": "chart_rows/page_045/row_003/cells/col_03_tight.png",
      "bbox_pdf": [
        148.33418422937393,
        176.5150146484375,
        209.80630493164062,
        210.87712001800537
      ],
      "bbox_px_page": [
        1030,
        1225,
        1456,
        1464
      ]
    },
    "col_04": {
      "text": "Sounding out of position",
      "image": "chart_rows/page_045/row_003/cells/col_04.png",
      "image_tight": "chart_rows/page_045/row_003/cells/col_04_tight.png",
      "bbox_pdf": [
        209.80630493164062,
        176.5150146484375,
        320.6000061035156,
        210.87712001800537
      ],
      "bbox_px_page": [
        1456,
        1225,
        2226,
        1464
      ]
    },
    "col_05": {
      "text": "(23) 3375",
      "image": "chart_rows/page_045/row_003/cells/col_05.png",
      "image_tight": "chart_rows/page_045/row_003/cells/col_05_tight.png",
      "bbox_pdf": [
        320.6000061035156,
        176.5150146484375,
        474.3236999511719,
        210.87712001800537
      ],
      "bbox_px_page": [
        2226,
        1225,
        3293,
        1464
      ]
    },
    "col_06": {
      "text": "",
      "image": "chart_rows/page_045/row_003/cells/col_06.png",
      "image_tight": "chart_rows/page_045/row_003/cells/col_06_tight.png",
      "bbox_pdf": [
        474.3236999511719,
        176.5150146484375,
        585.386962890625,
        210.87712001800537
      ],
      "bbox_px_page": [
        3293,
        1225,
        4065,
        1464
      ]
    },
    "col_07": {
      "text": "Depths are always shown ECDIS",
      "image": "chart_rows/page_045/row_003/cells/col_07.png",
      "image_tight": "chart_rows/page_045/row_003/cells/col_07_tight.png",
      "bbox_pdf": [
        585.386962890625,
        176.5150146484375,
        669.9257489442825,
        210.87712001800537
      ],
      "bbox_px_page": [
        4065,
        1225,
        4652,
        1464
      ]
    },
    "col_08": {
      "text": "in their true position in",
      "image": "chart_rows/page_045/row_003/cells/col_08.png",
      "image_tight": "chart_rows/page_045/row_003/cells/col_08_tight.png",
      "bbox_pdf": [
        669.9257489442825,
        176.5150146484375,
        755.734619140625,
        210.87712001800537
      ],
      "bbox_px_page": [
        4652,
        1225,
        5248,
        1464
      ]
    }
  }
}