{
  "id": "p046_r005",
  "page_number": 46,
  "row_index": 5,
  "no": "24",
  "row_text": "Area swept by wire drag. The depth is shown at chart datum. (The latest date of sweeping is shown in parentheses.)",
  "row_image": "chart_rows/page_046/row_005/row.png",
  "cells": {
    "col_01": {
      "text": "24",
      "image": "chart_rows/page_046/row_005/cells/col_01.png",
      "image_tight": "chart_rows/page_046/row_005/cells/col_01_tight.png",
      "bbox_pdf": [
        36.07160186767578,
        301.5701904296875,
        66.97056174278259,
        364.56298828125
      ],
      "bbox_px_page": [
        250,
        2094,
        465,
        2531
      ]
    },
    "col_02": {
      "text": "",
      "image": "chart_rows/page_046/row_005/cells/col_02.png",
      "image_tight": "chart_rows/page_046/row_005/cells/col_02_tight.png",
      "bbox_pdf": [
        66.97056174278259,
        301.5701904296875,
        191.8062746396463,
        364.56298828125
      ],
      "bbox_px_page": [
        465,
        2094,
        1331,
        2531
      ]
    },
    "col_03": {
      "text": "Area swept by wire drag. The depth is shown at chart datum. (The latest date of sweeping is shown in parentheses.)",
      "image": "chart_rows/page_046/row_005/cells/col_03.png",
      "image_tight": "chart_rows/page_046/row_005/cells/col_03_tight.png",
      "bbox_pdf": [
        191.8062746396463,
        301.5701904296875,
        302.6000061035156,
        364.56298828125
      ],
      "bbox_px_page": [
        1331,
        2094,
        2101,
        2531
      ]
    },
    "col_04": {
      "text": "29 23 22 18 3 8 7 21 30",
      "image": "chart_rows/page_046/row_005/cells/col_04.png",
      "image_tight": "chart_rows/page_046/row_005/cells/col_04_tight.png",
      "bbox_pdf": [
        302.6000061035156,
        301.5701904296875,
        381.01983642578125,
        364.56298828125
      ],
      "bbox_px_page": [
        2101,
        2094,
        2645,
        2531
      ]
    },
    "col_05": {
      "text": "(1930) 76",
      "image": "chart_rows/page_046/row_005/cells/col_05.png",
      "image_tight": "chart_rows/page_046/row_005/cells/col_05_tight.png",
      "bbox_pdf": [
        381.01983642578125,
        301.5701904296875,
        456.3236999511719,
        364.56298828125
      ],
      "bbox_px_page": [
        2645,
        2094,
        3168,
        2531
      ]
    },
    "col_06": {
      "text": "",
      "image": "chart_rows/page_046/row_005/cells/col_06.png",
      "image_tight": "chart_rows/page_046/row_005/cells/col_06_tight.png",
      "bbox_pdf": [
        456.3236999511719,
        301.5701904296875,
        566.1237182617188,
        364.56298828125
      ],
      "bbox_px_page": [
        3168,
        2094,
        3931,
        2531
      ]
    },
    "col_07": {
      "text": "swept to 9.6",
      "image": "chart_rows/page_046/row_005/cells/col_07.png",
      "image_tight": "chart_rows/page_046/row_005/cells/col_07_tight.png",
      "bbox_pdf": [
        566.1237182617188,
        301.5701904296875,
        651.9290771484375,
        364.56298828125
      ],
      "bbox_px_page": [
        3931,
        2094,
        4527,
        2531
      ]
    },
    "col_08": {
      "text": "Swept area",
      "image": "chart_rows/page_046/row_005/cells/col_08.png",
      "image_tight": "chart_rows/page_046/row_005/cells/col_08_tight.png",
      "bbox_pdf": [
        651.9290771484375,
        301.5701904296875,
        737.734619140625,
        364.56298828125
      ],
      "bbox_px_page": [
        4527,
        2094,
        5123,
        2531
      ]
    }
  }
}