{
  "id": "p018_r002",
  "page_number": 18,
  "row_index": 2,
  "no": "1",
  "row_text": "Coastline, surveyed",
  "row_image": "chart_rows/page_018/row_002/row.png",
  "cells": {
    "No": {
      "text": "1",
      "image": "chart_rows/page_018/row_002/cells/No.png",
      "image_tight": "chart_rows/page_018/row_002/cells/No_tight.png",
      "bbox_pdf": [
        36.07160186767578,
        126.07089233398438,
        64.99938281575669,
        173.31729125976562
      ],
      "bbox_px_page": [
        250,
        875,
        451,
        1203
      ]
    },
    "INT": {
      "text": "",
      "image": "chart_rows/page_018/row_002/cells/INT.png",
      "image_tight": "chart_rows/page_018/row_002/cells/INT_tight.png",
      "bbox_pdf": [
        64.99938281575669,
        126.07089233398438,
        193.06974206492305,
        173.31729125976562
      ],
      "bbox_px_page": [
        451,
        875,
        1340,
        1203
      ]
    },
    "Description": {
      "text": "Coastline, surveyed",
      "image": "chart_rows/page_018/row_002/cells/Description.png",
      "image_tight": "chart_rows/page_018/row_002/cells/Description_tight.png",
      "bbox_pdf": [
        193.06974206492305,
        126.07089233398438,
        304.3567180633545,
        173.31729125976562
      ],
      "bbox_px_page": [
        1340,
        875,
        2113,
        1203
      ]
    },
    "NOAA": {
      "text": "",
      "image": "chart_rows/page_018/row_002/cells/NOAA.png",
      "image_tight": "chart_rows/page_018/row_002/cells/NOAA_tight.png",
      "bbox_pdf": [
        304.3567180633545,
        126.07089233398438,
        456.3229369148612,
        173.31729125976562
      ],
      "bbox_px_page": [
        2113,
        875,
        3168,
        1203
      ]
    },
    "NGA": {
      "text": "",
      "image": "chart_rows/page_018/row_002/cells/NGA.png",
      "image_tight": "chart_rows/page_018/row_002/cells/NGA_tight.png",
      "bbox_pdf": [
        456.3229369148612,
        126.07089233398438,
        567.7757158279419,
        173.31729125976562
      ],
      "bbox_px_page": [
        3168,
        875,
        3942,
        1203
      ]
    },
    "OtherNGA": {
      "text": "",
      "image": "chart_rows/page_018/row_002/cells/OtherNGA.png",
      "image_tight": "chart_rows/page_018/row_002/cells/OtherNGA_tight.png",
      "bbox_pdf": [
        567.7757158279419,
        126.07089233398438,
        651.92743146047,
        173.31729125976562
      ],
      "bbox_px_page": [
        3942,
        875,
        4527,
        1203
      ]
    },
    "ECDIS": {
      "text": "Coastline",
      "image": "chart_rows/page_018/row_002/cells/ECDIS.png",
      "image_tight": "chart_rows/page_018/row_002/cells/ECDIS_tight.png",
      "bbox_pdf": [
        651.92743146047,
        126.07089233398438,
        737.734619140625,
        173.31729125976562
      ],
      "bbox_px_page": [
        4527,
        875,
        5123,
        1203
      ]
    }
  }
}