{
  "id": "p038_r011",
  "page_number": 38,
  "row_index": 11,
  "no": "62.1",
  "row_text": "Health office, Quarantine building",
  "row_image": "chart_rows/page_038/row_011/row.png",
  "cells": {
    "col_01": {
      "text": "62.1",
      "image": "chart_rows/page_038/row_011/cells/col_01.png",
      "image_tight": "chart_rows/page_038/row_011/cells/col_01_tight.png",
      "bbox_pdf": [
        36.07160186767578,
        479.521484375,
        66.97056174278259,
        501.93231201171875
      ],
      "bbox_px_page": [
        250,
        3330,
        465,
        3485
      ]
    },
    "col_02": {
      "text": "",
      "image": "chart_rows/page_038/row_011/cells/col_02.png",
      "image_tight": "chart_rows/page_038/row_011/cells/col_02_tight.png",
      "bbox_pdf": [
        66.97056174278259,
        479.521484375,
        191.8062746396463,
        501.93231201171875
      ],
      "bbox_px_page": [
        465,
        3330,
        1331,
        3485
      ]
    },
    "col_03": {
      "text": "Health office, Quarantine building",
      "image": "chart_rows/page_038/row_011/cells/col_03.png",
      "image_tight": "chart_rows/page_038/row_011/cells/col_03_tight.png",
      "bbox_pdf": [
        191.8062746396463,
        479.521484375,
        302.6000061035156,
        501.93231201171875
      ],
      "bbox_px_page": [
        1331,
        3330,
        2101,
        3485
      ]
    },
    "col_04": {
      "text": "Hea †",
      "image": "chart_rows/page_038/row_011/cells/col_04.png",
      "image_tight": "chart_rows/page_038/row_011/cells/col_04_tight.png",
      "bbox_pdf": [
        302.6000061035156,
        479.521484375,
        381.01983642578125,
        501.93231201171875
      ],
      "bbox_px_page": [
        2101,
        3330,
        2645,
        3485
      ]
    },
    "col_05": {
      "text": "lth Office",
      "image": "chart_rows/page_038/row_011/cells/col_05.png",
      "image_tight": "chart_rows/page_038/row_011/cells/col_05_tight.png",
      "bbox_pdf": [
        381.01983642578125,
        479.521484375,
        456.3236999511719,
        501.93231201171875
      ],
      "bbox_px_page": [
        2645,
        3330,
        3168,
        3485
      ]
    },
    "col_06": {
      "text": "",
      "image": "chart_rows/page_038/row_011/cells/col_06.png",
      "image_tight": "chart_rows/page_038/row_011/cells/col_06_tight.png",
      "bbox_pdf": [
        456.3236999511719,
        479.521484375,
        566.1237182617188,
        501.93231201171875
      ],
      "bbox_px_page": [
        3168,
        3330,
        3931,
        3485
      ]
    },
    "col_07": {
      "text": "",
      "image": "chart_rows/page_038/row_011/cells/col_07.png",
      "image_tight": "chart_rows/page_038/row_011/cells/col_07_tight.png",
      "bbox_pdf": [
        566.1237182617188,
        479.521484375,
        651.9290771484375,
        501.93231201171875
      ],
      "bbox_px_page": [
        3931,
        3330,
        4527,
        3485
      ]
    },
    "col_08": {
      "text": "",
      "image": "chart_rows/page_038/row_011/cells/col_08.png",
      "image_tight": "chart_rows/page_038/row_011/cells/col_08_tight.png",
      "bbox_pdf": [
        651.9290771484375,
        479.521484375,
        737.734619140625,
        501.93231201171875
      ],
      "bbox_px_page": [
        4527,
        3330,
        5123,
        3485
      ]
    }
  }
}