{
  "id": "p026_r006",
  "page_number": 26,
  "row_index": 6,
  "no": "28",
  "row_text": "Overhead pipe with vertical",
  "row_image": "chart_rows/page_026/row_006/row.png",
  "cells": {
    "No": {
      "text": "28",
      "image": "chart_rows/page_026/row_006/cells/No.png",
      "image_tight": "chart_rows/page_026/row_006/cells/No_tight.png",
      "bbox_pdf": [
        36.07160186767578,
        374.39800114929676,
        64.99938281575669,
        409.8855438232422
      ],
      "bbox_px_page": [
        250,
        2599,
        451,
        2846
      ]
    },
    "INT": {
      "text": "",
      "image": "chart_rows/page_026/row_006/cells/INT.png",
      "image_tight": "chart_rows/page_026/row_006/cells/INT_tight.png",
      "bbox_pdf": [
        64.99938281575669,
        374.39800114929676,
        193.06974206492305,
        409.8855438232422
      ],
      "bbox_px_page": [
        451,
        2599,
        1340,
        2846
      ]
    },
    "Description": {
      "text": "Overhead pipe with vertical",
      "image": "chart_rows/page_026/row_006/cells/Description.png",
      "image_tight": "chart_rows/page_026/row_006/cells/Description_tight.png",
      "bbox_pdf": [
        193.06974206492305,
        374.39800114929676,
        304.3567180633545,
        409.8855438232422
      ],
      "bbox_px_page": [
        1340,
        2599,
        2113,
        2846
      ]
    },
    "NOAA": {
      "text": "OVHD PIPE VERT CL 6FT",
      "image": "chart_rows/page_026/row_006/cells/NOAA.png",
      "image_tight": "chart_rows/page_026/row_006/cells/NOAA_tight.png",
      "bbox_pdf": [
        304.3567180633545,
        374.39800114929676,
        456.3229369148612,
        409.8855438232422
      ],
      "bbox_px_page": [
        2113,
        2599,
        3168,
        2846
      ]
    },
    "NGA": {
      "text": "",
      "image": "chart_rows/page_026/row_006/cells/NGA.png",
      "image_tight": "chart_rows/page_026/row_006/cells/NGA_tight.png",
      "bbox_pdf": [
        456.3229369148612,
        374.39800114929676,
        567.7757158279419,
        409.8855438232422
      ],
      "bbox_px_page": [
        3168,
        2599,
        3942,
        2846
      ]
    },
    "OtherNGA": {
      "text": "clr 20.0",
      "image": "chart_rows/page_026/row_006/cells/OtherNGA.png",
      "image_tight": "chart_rows/page_026/row_006/cells/OtherNGA_tight.png",
      "bbox_pdf": [
        567.7757158279419,
        374.39800114929676,
        651.92743146047,
        409.8855438232422
      ],
      "bbox_px_page": [
        3942,
        2599,
        4527,
        2846
      ]
    },
    "ECDIS": {
      "text": "Overhead pipeline",
      "image": "chart_rows/page_026/row_006/cells/ECDIS.png",
      "image_tight": "chart_rows/page_026/row_006/cells/ECDIS_tight.png",
      "bbox_pdf": [
        651.92743146047,
        374.39800114929676,
        737.734619140625,
        409.8855438232422
      ],
      "bbox_px_page": [
        4527,
        2599,
        5123,
        2846
      ]
    }
  }
}