{
  "id": "p022_r004",
  "page_number": 22,
  "row_index": 4,
  "no": "i",
  "row_text": "Deciduous woodland",
  "row_image": "chart_rows/page_022/row_004/row.png",
  "cells": {
    "col_01": {
      "text": "i",
      "image": "chart_rows/page_022/row_004/cells/col_01.png",
      "image_tight": "chart_rows/page_022/row_004/cells/col_01_tight.png",
      "bbox_pdf": [
        36.07160186767578,
        216.88540649414062,
        65.0,
        242.53179931640625
      ],
      "bbox_px_page": [
        250,
        1506,
        451,
        1684
      ]
    },
    "col_02": {
      "text": "",
      "image": "chart_rows/page_022/row_004/cells/col_02.png",
      "image_tight": "chart_rows/page_022/row_004/cells/col_02_tight.png",
      "bbox_pdf": [
        65.0,
        216.88540649414062,
        191.80630493164062,
        242.53179931640625
      ],
      "bbox_px_page": [
        451,
        1506,
        1331,
        1684
      ]
    },
    "col_03": {
      "text": "Deciduous woodland",
      "image": "chart_rows/page_022/row_004/cells/col_03.png",
      "image_tight": "chart_rows/page_022/row_004/cells/col_03_tight.png",
      "bbox_pdf": [
        191.80630493164062,
        216.88540649414062,
        304.19958686828613,
        242.53179931640625
      ],
      "bbox_px_page": [
        1331,
        1506,
        2112,
        1684
      ]
    },
    "col_04": {
      "text": "†",
      "image": "chart_rows/page_022/row_004/cells/col_04.png",
      "image_tight": "chart_rows/page_022/row_004/cells/col_04_tight.png",
      "bbox_pdf": [
        304.19958686828613,
        216.88540649414062,
        456.3236818741643,
        242.53179931640625
      ],
      "bbox_px_page": [
        2112,
        1506,
        3168,
        1684
      ]
    },
    "col_05": {
      "text": "",
      "image": "chart_rows/page_022/row_004/cells/col_05.png",
      "image_tight": "chart_rows/page_022/row_004/cells/col_05_tight.png",
      "bbox_pdf": [
        456.3236818741643,
        216.88540649414062,
        566.1237182617188,
        242.53179931640625
      ],
      "bbox_px_page": [
        3168,
        1506,
        3931,
        1684
      ]
    },
    "col_06": {
      "text": "",
      "image": "chart_rows/page_022/row_004/cells/col_06.png",
      "image_tight": "chart_rows/page_022/row_004/cells/col_06_tight.png",
      "bbox_pdf": [
        566.1237182617188,
        216.88540649414062,
        737.734619140625,
        242.53179931640625
      ],
      "bbox_px_page": [
        3931,
        1506,
        5123,
        1684
      ]
    }
  }
}