{
  "id": "p034_r005",
  "page_number": 34,
  "row_index": 5,
  "no": "11.1",
  "row_text": "Yacht harbor, marina",
  "row_image": "chart_rows/page_034/row_005/row.png",
  "cells": {
    "col_01": {
      "text": "11.1",
      "image": "chart_rows/page_034/row_005/cells/col_01.png",
      "image_tight": "chart_rows/page_034/row_005/cells/col_01_tight.png",
      "bbox_pdf": [
        36.07160186767578,
        224.1636962890625,
        66.83821793145034,
        250.56069946289062
      ],
      "bbox_px_page": [
        250,
        1556,
        464,
        1740
      ]
    },
    "col_02": {
      "text": "",
      "image": "chart_rows/page_034/row_005/cells/col_02.png",
      "image_tight": "chart_rows/page_034/row_005/cells/col_02_tight.png",
      "bbox_pdf": [
        66.83821793145034,
        224.1636962890625,
        128.35996961593628,
        250.56069946289062
      ],
      "bbox_px_page": [
        464,
        1556,
        891,
        1740
      ]
    },
    "col_03": {
      "text": "",
      "image": "chart_rows/page_034/row_005/cells/col_03.png",
      "image_tight": "chart_rows/page_034/row_005/cells/col_03_tight.png",
      "bbox_pdf": [
        128.35996961593628,
        224.1636962890625,
        192.74342723796144,
        250.56069946289062
      ],
      "bbox_px_page": [
        891,
        1556,
        1338,
        1740
      ]
    },
    "col_04": {
      "text": "Boat harbor, Marina",
      "image": "chart_rows/page_034/row_005/cells/col_04.png",
      "image_tight": "chart_rows/page_034/row_005/cells/col_04_tight.png",
      "bbox_pdf": [
        192.74342723796144,
        224.1636962890625,
        302.6000061035156,
        250.56069946289062
      ],
      "bbox_px_page": [
        1338,
        1556,
        2101,
        1740
      ]
    },
    "col_05": {
      "text": "",
      "image": "chart_rows/page_034/row_005/cells/col_05.png",
      "image_tight": "chart_rows/page_034/row_005/cells/col_05_tight.png",
      "bbox_pdf": [
        302.6000061035156,
        224.1636962890625,
        456.3236999511719,
        250.56069946289062
      ],
      "bbox_px_page": [
        2101,
        1556,
        3168,
        1740
      ]
    },
    "col_06": {
      "text": "",
      "image": "chart_rows/page_034/row_005/cells/col_06.png",
      "image_tight": "chart_rows/page_034/row_005/cells/col_06_tight.png",
      "bbox_pdf": [
        456.3236999511719,
        224.1636962890625,
        567.5356597900391,
        250.56069946289062
      ],
      "bbox_px_page": [
        3168,
        1556,
        3941,
        1740
      ]
    },
    "col_07": {
      "text": "",
      "image": "chart_rows/page_034/row_005/cells/col_07.png",
      "image_tight": "chart_rows/page_034/row_005/cells/col_07_tight.png",
      "bbox_pdf": [
        567.5356597900391,
        224.1636962890625,
        651.9163010418415,
        250.56069946289062
      ],
      "bbox_px_page": [
        3941,
        1556,
        4527,
        1740
      ]
    },
    "col_08": {
      "text": "Yacht harbor, marina",
      "image": "chart_rows/page_034/row_005/cells/col_08.png",
      "image_tight": "chart_rows/page_034/row_005/cells/col_08_tight.png",
      "bbox_pdf": [
        651.9163010418415,
        224.1636962890625,
        737.734619140625,
        250.56069946289062
      ],
      "bbox_px_page": [
        4527,
        1556,
        5123,
        1740
      ]
    }
  }
}