{
  "id": "p038_r002",
  "page_number": 38,
  "row_index": 2,
  "no": "50",
  "row_text": "Roll-on, Roll-off Ferry Terminal (RoRo Terminal)",
  "row_image": "chart_rows/page_038/row_002/row.png",
  "cells": {
    "col_01": {
      "text": "50",
      "image": "chart_rows/page_038/row_002/cells/col_01.png",
      "image_tight": "chart_rows/page_038/row_002/cells/col_01_tight.png",
      "bbox_pdf": [
        36.07160186767578,
        126.0701904296875,
        66.97056174278259,
        157.49099731445312
      ],
      "bbox_px_page": [
        250,
        875,
        465,
        1093
      ]
    },
    "col_02": {
      "text": "",
      "image": "chart_rows/page_038/row_002/cells/col_02.png",
      "image_tight": "chart_rows/page_038/row_002/cells/col_02_tight.png",
      "bbox_pdf": [
        66.97056174278259,
        126.0701904296875,
        191.8062746396463,
        157.49099731445312
      ],
      "bbox_px_page": [
        465,
        875,
        1331,
        1093
      ]
    },
    "col_03": {
      "text": "Roll-on, Roll-off Ferry Terminal (RoRo Terminal)",
      "image": "chart_rows/page_038/row_002/cells/col_03.png",
      "image_tight": "chart_rows/page_038/row_002/cells/col_03_tight.png",
      "bbox_pdf": [
        191.8062746396463,
        126.0701904296875,
        302.6000061035156,
        157.49099731445312
      ],
      "bbox_px_page": [
        1331,
        875,
        2101,
        1093
      ]
    },
    "col_04": {
      "text": "",
      "image": "chart_rows/page_038/row_002/cells/col_04.png",
      "image_tight": "chart_rows/page_038/row_002/cells/col_04_tight.png",
      "bbox_pdf": [
        302.6000061035156,
        126.0701904296875,
        381.01983642578125,
        157.49099731445312
      ],
      "bbox_px_page": [
        2101,
        875,
        2645,
        1093
      ]
    },
    "col_05": {
      "text": "",
      "image": "chart_rows/page_038/row_002/cells/col_05.png",
      "image_tight": "chart_rows/page_038/row_002/cells/col_05_tight.png",
      "bbox_pdf": [
        381.01983642578125,
        126.0701904296875,
        456.3236999511719,
        157.49099731445312
      ],
      "bbox_px_page": [
        2645,
        875,
        3168,
        1093
      ]
    },
    "col_06": {
      "text": "",
      "image": "chart_rows/page_038/row_002/cells/col_06.png",
      "image_tight": "chart_rows/page_038/row_002/cells/col_06_tight.png",
      "bbox_pdf": [
        456.3236999511719,
        126.0701904296875,
        566.1237182617188,
        157.49099731445312
      ],
      "bbox_px_page": [
        3168,
        875,
        3931,
        1093
      ]
    },
    "col_07": {
      "text": "",
      "image": "chart_rows/page_038/row_002/cells/col_07.png",
      "image_tight": "chart_rows/page_038/row_002/cells/col_07_tight.png",
      "bbox_pdf": [
        566.1237182617188,
        126.0701904296875,
        651.9290771484375,
        157.49099731445312
      ],
      "bbox_px_page": [
        3931,
        875,
        4527,
        1093
      ]
    },
    "col_08": {
      "text": "RoRo terminal",
      "image": "chart_rows/page_038/row_002/cells/col_08.png",
      "image_tight": "chart_rows/page_038/row_002/cells/col_08_tight.png",
      "bbox_pdf": [
        651.9290771484375,
        126.0701904296875,
        737.734619140625,
        157.49099731445312
      ],
      "bbox_px_page": [
        4527,
        875,
        5123,
        1093
      ]
    }
  }
}