{
  "id": "p058_r004",
  "page_number": 58,
  "row_index": 4,
  "no": "43.2",
  "row_text": "with depth of 20 meters or less Isolated danger of depth less than the safety contour",
  "row_image": "chart_rows/page_058/row_004/row.png",
  "cells": {
    "col_01": {
      "text": "43.2",
      "image": "chart_rows/page_058/row_004/cells/col_01.png",
      "image_tight": "chart_rows/page_058/row_004/cells/col_01_tight.png",
      "bbox_pdf": [
        36.07160186767578,
        420.8201904296875,
        66.97056174278259,
        468.0701904296875
      ],
      "bbox_px_page": [
        250,
        2922,
        465,
        3250
      ]
    },
    "col_02": {
      "text": "",
      "image": "chart_rows/page_058/row_004/cells/col_02.png",
      "image_tight": "chart_rows/page_058/row_004/cells/col_02_tight.png",
      "bbox_pdf": [
        66.97056174278259,
        420.8201904296875,
        191.8062746396463,
        468.0701904296875
      ],
      "bbox_px_page": [
        465,
        2922,
        1331,
        3250
      ]
    },
    "col_03": {
      "text": "Submerged pile, stake, snag, or stump (with exact position)",
      "image": "chart_rows/page_058/row_004/cells/col_03.png",
      "image_tight": "chart_rows/page_058/row_004/cells/col_03_tight.png",
      "bbox_pdf": [
        191.8062746396463,
        420.8201904296875,
        302.6000061035156,
        468.0701904296875
      ],
      "bbox_px_page": [
        1331,
        2922,
        2101,
        3250
      ]
    },
    "col_04": {
      "text": "Subm piles Stakes Snags",
      "image": "chart_rows/page_058/row_004/cells/col_04.png",
      "image_tight": "chart_rows/page_058/row_004/cells/col_04_tight.png",
      "bbox_pdf": [
        302.6000061035156,
        420.8201904296875,
        381.01983642578125,
        468.0701904296875
      ],
      "bbox_px_page": [
        2101,
        2922,
        2645,
        3250
      ]
    },
    "col_05": {
      "text": "Well Deadhead Stump",
      "image": "chart_rows/page_058/row_004/cells/col_05.png",
      "image_tight": "chart_rows/page_058/row_004/cells/col_05_tight.png",
      "bbox_pdf": [
        381.01983642578125,
        420.8201904296875,
        456.3236999511719,
        468.0701904296875
      ],
      "bbox_px_page": [
        2645,
        2922,
        3168,
        3250
      ]
    },
    "col_06": {
      "text": "",
      "image": "chart_rows/page_058/row_004/cells/col_06.png",
      "image_tight": "chart_rows/page_058/row_004/cells/col_06_tight.png",
      "bbox_pdf": [
        456.3236999511719,
        420.8201904296875,
        566.1237182617188,
        468.0701904296875
      ],
      "bbox_px_page": [
        3168,
        2922,
        3931,
        3250
      ]
    },
    "col_07": {
      "text": "",
      "image": "chart_rows/page_058/row_004/cells/col_07.png",
      "image_tight": "chart_rows/page_058/row_004/cells/col_07_tight.png",
      "bbox_pdf": [
        566.1237182617188,
        420.8201904296875,
        651.9290771484375,
        468.0701904296875
      ],
      "bbox_px_page": [
        3931,
        2922,
        4527,
        3250
      ]
    },
    "col_08": {
      "text": "with depth of 20 meters or less Isolated danger of depth less than the safety contour",
      "image": "chart_rows/page_058/row_004/cells/col_08.png",
      "image_tight": "chart_rows/page_058/row_004/cells/col_08_tight.png",
      "bbox_pdf": [
        651.9290771484375,
        420.8201904296875,
        737.734619140625,
        468.0701904296875
      ],
      "bbox_px_page": [
        4527,
        2922,
        5123,
        3250
      ]
    }
  }
}