{
  "id": "p056_r005",
  "page_number": 56,
  "row_index": 5,
  "no": "26",
  "row_text": "Underwater hazard with depth of 20 meters or less Underwater hazard with depth greater than 20 meters Isolated danger of depth less than the safety contour",
  "row_image": "chart_rows/page_056/row_005/row.png",
  "cells": {
    "col_01": {
      "text": "26",
      "image": "chart_rows/page_056/row_005/cells/col_01.png",
      "image_tight": "chart_rows/page_056/row_005/cells/col_01_tight.png",
      "bbox_pdf": [
        36.07160186767578,
        333.0701904296875,
        66.97056174278259,
        427.5701904296875
      ],
      "bbox_px_page": [
        250,
        2312,
        465,
        2969
      ]
    },
    "col_02": {
      "text": "",
      "image": "chart_rows/page_056/row_005/cells/col_02.png",
      "image_tight": "chart_rows/page_056/row_005/cells/col_02_tight.png",
      "bbox_pdf": [
        66.97056174278259,
        333.0701904296875,
        191.8062746396463,
        427.5701904296875
      ],
      "bbox_px_page": [
        465,
        2312,
        1331,
        2969
      ]
    },
    "col_03": {
      "text": "Wreck, least depth known by sounding only",
      "image": "chart_rows/page_056/row_005/cells/col_03.png",
      "image_tight": "chart_rows/page_056/row_005/cells/col_03_tight.png",
      "bbox_pdf": [
        191.8062746396463,
        333.0701904296875,
        302.6000061035156,
        427.5701904296875
      ],
      "bbox_px_page": [
        1331,
        2312,
        2101,
        2969
      ]
    },
    "col_04": {
      "text": "",
      "image": "chart_rows/page_056/row_005/cells/col_04.png",
      "image_tight": "chart_rows/page_056/row_005/cells/col_04_tight.png",
      "bbox_pdf": [
        302.6000061035156,
        333.0701904296875,
        381.01983642578125,
        427.5701904296875
      ],
      "bbox_px_page": [
        2101,
        2312,
        2645,
        2969
      ]
    },
    "col_05": {
      "text": "",
      "image": "chart_rows/page_056/row_005/cells/col_05.png",
      "image_tight": "chart_rows/page_056/row_005/cells/col_05_tight.png",
      "bbox_pdf": [
        381.01983642578125,
        333.0701904296875,
        456.3236999511719,
        427.5701904296875
      ],
      "bbox_px_page": [
        2645,
        2312,
        3168,
        2969
      ]
    },
    "col_06": {
      "text": "(11)",
      "image": "chart_rows/page_056/row_005/cells/col_06.png",
      "image_tight": "chart_rows/page_056/row_005/cells/col_06_tight.png",
      "bbox_pdf": [
        456.3236999511719,
        333.0701904296875,
        566.1237182617188,
        427.5701904296875
      ],
      "bbox_px_page": [
        3168,
        2312,
        3931,
        2969
      ]
    },
    "col_07": {
      "text": "",
      "image": "chart_rows/page_056/row_005/cells/col_07.png",
      "image_tight": "chart_rows/page_056/row_005/cells/col_07_tight.png",
      "bbox_pdf": [
        566.1237182617188,
        333.0701904296875,
        651.9290771484375,
        427.5701904296875
      ],
      "bbox_px_page": [
        3931,
        2312,
        4527,
        2969
      ]
    },
    "col_08": {
      "text": "Underwater hazard with depth of 20 meters or less Underwater hazard with depth greater than 20 meters Isolated danger of depth less than the safety contour",
      "image": "chart_rows/page_056/row_005/cells/col_08.png",
      "image_tight": "chart_rows/page_056/row_005/cells/col_08_tight.png",
      "bbox_pdf": [
        651.9290771484375,
        333.0701904296875,
        737.734619140625,
        427.5701904296875
      ],
      "bbox_px_page": [
        4527,
        2312,
        5123,
        2969
      ]
    }
  }
}