{
  "id": "p048_r005",
  "page_number": 48,
  "row_index": 5,
  "no": "b",
  "row_text": "Swept area, not adequately sounded (shown by purple or green tint)",
  "row_image": "chart_rows/page_048/row_005/row.png",
  "cells": {
    "col_01": {
      "text": "b",
      "image": "chart_rows/page_048/row_005/cells/col_01.png",
      "image_tight": "chart_rows/page_048/row_005/cells/col_01_tight.png",
      "bbox_pdf": [
        36.07160186767578,
        505.504033960402,
        65.0,
        541.2546539306641
      ],
      "bbox_px_page": [
        250,
        3510,
        451,
        3758
      ]
    },
    "col_02": {
      "text": "",
      "image": "chart_rows/page_048/row_005/cells/col_02.png",
      "image_tight": "chart_rows/page_048/row_005/cells/col_02_tight.png",
      "bbox_pdf": [
        65.0,
        505.504033960402,
        191.80630493164062,
        541.2546539306641
      ],
      "bbox_px_page": [
        451,
        3510,
        1331,
        3758
      ]
    },
    "col_03": {
      "text": "Swept area, not adequately sounded (shown by purple or green tint)",
      "image": "chart_rows/page_048/row_005/cells/col_03.png",
      "image_tight": "chart_rows/page_048/row_005/cells/col_03_tight.png",
      "bbox_pdf": [
        191.80630493164062,
        505.504033960402,
        302.6000061035156,
        541.2546539306641
      ],
      "bbox_px_page": [
        1331,
        3510,
        2101,
        3758
      ]
    },
    "col_04": {
      "text": "89 15 10 119 102",
      "image": "chart_rows/page_048/row_005/cells/col_04.png",
      "image_tight": "chart_rows/page_048/row_005/cells/col_04_tight.png",
      "bbox_pdf": [
        302.6000061035156,
        505.504033960402,
        566.1237182617188,
        541.2546539306641
      ],
      "bbox_px_page": [
        2101,
        3510,
        3931,
        3758
      ]
    },
    "col_05": {
      "text": "",
      "image": "chart_rows/page_048/row_005/cells/col_05.png",
      "image_tight": "chart_rows/page_048/row_005/cells/col_05_tight.png",
      "bbox_pdf": [
        566.1237182617188,
        505.504033960402,
        737.734619140625,
        541.2546539306641
      ],
      "bbox_px_page": [
        3931,
        3510,
        5123,
        3758
      ]
    }
  }
}