{
  "id": "p040_r004",
  "page_number": 40,
  "row_index": 4,
  "no": "4",
  "row_text": "d LWD Low Water Datum",
  "row_image": "chart_rows/page_040/row_004/row.png",
  "cells": {
    "col_01": {
      "text": "4",
      "image": "chart_rows/page_040/row_004/cells/col_01.png",
      "image_tight": "chart_rows/page_040/row_004/cells/col_01_tight.png",
      "bbox_pdf": [
        36.07099914550781,
        191.45589447021484,
        99.07099914550781,
        211.25589752197266
      ],
      "bbox_px_page": [
        250,
        1329,
        687,
        1467
      ]
    },
    "col_02": {
      "text": "MLW",
      "image": "chart_rows/page_040/row_004/cells/col_02.png",
      "image_tight": "chart_rows/page_040/row_004/cells/col_02_tight.png",
      "bbox_pdf": [
        99.07099914550781,
        191.45589447021484,
        184.5709991455078,
        211.25589752197266
      ],
      "bbox_px_page": [
        687,
        1329,
        1281,
        1467
      ]
    },
    "col_03": {
      "text": "Mean Low Water",
      "image": "chart_rows/page_040/row_004/cells/col_03.png",
      "image_tight": "chart_rows/page_040/row_004/cells/col_03_tight.png",
      "bbox_pdf": [
        184.5709991455078,
        191.45589447021484,
        364.5710144042969,
        211.25589752197266
      ],
      "bbox_px_page": [
        1281,
        1329,
        2531,
        1467
      ]
    },
    "col_04": {
      "text": "",
      "image": "chart_rows/page_040/row_004/cells/col_04.png",
      "image_tight": "chart_rows/page_040/row_004/cells/col_04_tight.png",
      "bbox_pdf": [
        364.5710144042969,
        191.45589447021484,
        387.0708923339844,
        211.25589752197266
      ],
      "bbox_px_page": [
        2531,
        1329,
        2687,
        1467
      ]
    },
    "col_05": {
      "text": "d LWD Low Water Datum",
      "image": "chart_rows/page_040/row_004/cells/col_05.png",
      "image_tight": "chart_rows/page_040/row_004/cells/col_05_tight.png",
      "bbox_pdf": [
        387.0708923339844,
        191.45589447021484,
        738.0709228515625,
        211.25589752197266
      ],
      "bbox_px_page": [
        2687,
        1329,
        5125,
        1467
      ]
    }
  }
}