{
  "id": "p049_r011",
  "page_number": 49,
  "row_index": 11,
  "no": "9.2",
  "row_text": "Boulder(s)",
  "row_image": "chart_rows/page_049/row_011/row.png",
  "cells": {
    "No": {
      "text": "9.2",
      "image": "chart_rows/page_049/row_011/cells/No.png",
      "image_tight": "chart_rows/page_049/row_011/cells/No_tight.png",
      "bbox_pdf": [
        54.07160186767578,
        302.2215881347656,
        82.99796140193939,
        321.79400634765625
      ],
      "bbox_px_page": [
        375,
        2098,
        576,
        2234
      ]
    },
    "INT": {
      "text": "Bo",
      "image": "chart_rows/page_049/row_011/cells/INT.png",
      "image_tight": "chart_rows/page_049/row_011/cells/INT_tight.png",
      "bbox_pdf": [
        82.99796140193939,
        302.2215881347656,
        211.40581703186035,
        321.79400634765625
      ],
      "bbox_px_page": [
        576,
        2098,
        1468,
        2234
      ]
    },
    "Description": {
      "text": "Boulder(s)",
      "image": "chart_rows/page_049/row_011/cells/Description.png",
      "image_tight": "chart_rows/page_049/row_011/cells/Description_tight.png",
      "bbox_pdf": [
        211.40581703186035,
        302.2215881347656,
        320.6000061035156,
        321.79400634765625
      ],
      "bbox_px_page": [
        1468,
        2098,
        2226,
        2234
      ]
    },
    "NOAA": {
      "text": "Blds",
      "image": "chart_rows/page_049/row_011/cells/NOAA.png",
      "image_tight": "chart_rows/page_049/row_011/cells/NOAA_tight.png",
      "bbox_pdf": [
        320.6000061035156,
        302.2215881347656,
        474.3236999511719,
        321.79400634765625
      ],
      "bbox_px_page": [
        2226,
        2098,
        3293,
        2234
      ]
    },
    "NGA": {
      "text": "",
      "image": "chart_rows/page_049/row_011/cells/NGA.png",
      "image_tight": "chart_rows/page_049/row_011/cells/NGA_tight.png",
      "bbox_pdf": [
        474.3236999511719,
        302.2215881347656,
        585.5497436523438,
        321.79400634765625
      ],
      "bbox_px_page": [
        3293,
        2098,
        4066,
        2234
      ]
    },
    "OtherNGA": {
      "text": "R",
      "image": "chart_rows/page_049/row_011/cells/OtherNGA.png",
      "image_tight": "chart_rows/page_049/row_011/cells/OtherNGA_tight.png",
      "bbox_pdf": [
        585.5497436523438,
        302.2215881347656,
        669.9003596305847,
        321.79400634765625
      ],
      "bbox_px_page": [
        4066,
        2098,
        4652,
        2234
      ]
    },
    "ECDIS": {
      "text": "Boulder",
      "image": "chart_rows/page_049/row_011/cells/ECDIS.png",
      "image_tight": "chart_rows/page_049/row_011/cells/ECDIS_tight.png",
      "bbox_pdf": [
        669.9003596305847,
        302.2215881347656,
        755.734619140625,
        321.79400634765625
      ],
      "bbox_px_page": [
        4652,
        2098,
        5248,
        2234
      ]
    }
  }
}