{
  "id": "p063_r010",
  "page_number": 63,
  "row_index": 10,
  "no": "32",
  "row_text": "Status of disused is obtained by cursor pick",
  "row_image": "chart_rows/page_063/row_010/row.png",
  "cells": {
    "No": {
      "text": "32",
      "image": "chart_rows/page_063/row_010/cells/No.png",
      "image_tight": "chart_rows/page_063/row_010/cells/No_tight.png",
      "bbox_pdf": [
        54.07160186767578,
        356.0211181640625,
        82.99796140193939,
        384.068603515625
      ],
      "bbox_px_page": [
        375,
        2472,
        576,
        2667
      ]
    },
    "INT": {
      "text": "",
      "image": "chart_rows/page_063/row_010/cells/INT.png",
      "image_tight": "chart_rows/page_063/row_010/cells/INT_tight.png",
      "bbox_pdf": [
        82.99796140193939,
        356.0211181640625,
        211.40581703186035,
        384.068603515625
      ],
      "bbox_px_page": [
        576,
        2472,
        1468,
        2667
      ]
    },
    "Description": {
      "text": "Disused submarine cable",
      "image": "chart_rows/page_063/row_010/cells/Description.png",
      "image_tight": "chart_rows/page_063/row_010/cells/Description_tight.png",
      "bbox_pdf": [
        211.40581703186035,
        356.0211181640625,
        320.6000061035156,
        384.068603515625
      ],
      "bbox_px_page": [
        1468,
        2472,
        2226,
        2667
      ]
    },
    "NOAA": {
      "text": "",
      "image": "chart_rows/page_063/row_010/cells/NOAA.png",
      "image_tight": "chart_rows/page_063/row_010/cells/NOAA_tight.png",
      "bbox_pdf": [
        320.6000061035156,
        356.0211181640625,
        474.3236999511719,
        384.068603515625
      ],
      "bbox_px_page": [
        2226,
        2472,
        3293,
        2667
      ]
    },
    "NGA": {
      "text": "",
      "image": "chart_rows/page_063/row_010/cells/NGA.png",
      "image_tight": "chart_rows/page_063/row_010/cells/NGA_tight.png",
      "bbox_pdf": [
        474.3236999511719,
        356.0211181640625,
        585.5497436523438,
        384.068603515625
      ],
      "bbox_px_page": [
        3293,
        2472,
        4066,
        2667
      ]
    },
    "OtherNGA": {
      "text": "",
      "image": "chart_rows/page_063/row_010/cells/OtherNGA.png",
      "image_tight": "chart_rows/page_063/row_010/cells/OtherNGA_tight.png",
      "bbox_pdf": [
        585.5497436523438,
        356.0211181640625,
        669.9003596305847,
        384.068603515625
      ],
      "bbox_px_page": [
        4066,
        2472,
        4652,
        2667
      ]
    },
    "ECDIS": {
      "text": "Status of disused is obtained by cursor pick",
      "image": "chart_rows/page_063/row_010/cells/ECDIS.png",
      "image_tight": "chart_rows/page_063/row_010/cells/ECDIS_tight.png",
      "bbox_pdf": [
        669.9003596305847,
        356.0211181640625,
        755.734619140625,
        384.068603515625
      ],
      "bbox_px_page": [
        4652,
        2472,
        5248,
        2667
      ]
    }
  }
}