{
  "id": "p018_r005",
  "page_number": 18,
  "row_index": 5,
  "no": "4",
  "row_text": "Conspicuous hill or mountain top",
  "row_image": "chart_rows/page_018/row_005/row.png",
  "cells": {
    "No": {
      "text": "4",
      "image": "chart_rows/page_018/row_005/cells/No.png",
      "image_tight": "chart_rows/page_018/row_005/cells/No_tight.png",
      "bbox_pdf": [
        36.07160186767578,
        352.97840881347656,
        64.99938281575669,
        388.1160583496094
      ],
      "bbox_px_page": [
        250,
        2451,
        451,
        2695
      ]
    },
    "INT": {
      "text": "",
      "image": "chart_rows/page_018/row_005/cells/INT.png",
      "image_tight": "chart_rows/page_018/row_005/cells/INT_tight.png",
      "bbox_pdf": [
        64.99938281575669,
        352.97840881347656,
        193.06974206492305,
        388.1160583496094
      ],
      "bbox_px_page": [
        451,
        2451,
        1340,
        2695
      ]
    },
    "Description": {
      "text": "Hillocks",
      "image": "chart_rows/page_018/row_005/cells/Description.png",
      "image_tight": "chart_rows/page_018/row_005/cells/Description_tight.png",
      "bbox_pdf": [
        193.06974206492305,
        352.97840881347656,
        304.3567180633545,
        388.1160583496094
      ],
      "bbox_px_page": [
        1340,
        2451,
        2113,
        2695
      ]
    },
    "NOAA": {
      "text": "†",
      "image": "chart_rows/page_018/row_005/cells/NOAA.png",
      "image_tight": "chart_rows/page_018/row_005/cells/NOAA_tight.png",
      "bbox_pdf": [
        304.3567180633545,
        352.97840881347656,
        456.3229369148612,
        388.1160583496094
      ],
      "bbox_px_page": [
        2113,
        2451,
        3168,
        2695
      ]
    },
    "NGA": {
      "text": "",
      "image": "chart_rows/page_018/row_005/cells/NGA.png",
      "image_tight": "chart_rows/page_018/row_005/cells/NGA_tight.png",
      "bbox_pdf": [
        456.3229369148612,
        352.97840881347656,
        567.7757158279419,
        388.1160583496094
      ],
      "bbox_px_page": [
        3168,
        2451,
        3942,
        2695
      ]
    },
    "OtherNGA": {
      "text": "",
      "image": "chart_rows/page_018/row_005/cells/OtherNGA.png",
      "image_tight": "chart_rows/page_018/row_005/cells/OtherNGA_tight.png",
      "bbox_pdf": [
        567.7757158279419,
        352.97840881347656,
        651.92743146047,
        388.1160583496094
      ],
      "bbox_px_page": [
        3942,
        2451,
        4527,
        2695
      ]
    },
    "ECDIS": {
      "text": "Conspicuous hill or mountain top",
      "image": "chart_rows/page_018/row_005/cells/ECDIS.png",
      "image_tight": "chart_rows/page_018/row_005/cells/ECDIS_tight.png",
      "bbox_pdf": [
        651.92743146047,
        352.97840881347656,
        737.734619140625,
        388.1160583496094
      ],
      "bbox_px_page": [
        4527,
        2451,
        5123,
        2695
      ]
    }
  }
}