{
  "id": "p036_r002",
  "page_number": 36,
  "row_index": 2,
  "no": "29.1",
  "row_text": "Floating barrier, e.g. security, containment booms (ice, logs, oil), shark nets: - with supports - without supports",
  "row_image": "chart_rows/page_036/row_002/row.png",
  "cells": {
    "col_01": {
      "text": "29.1",
      "image": "chart_rows/page_036/row_002/cells/col_01.png",
      "image_tight": "chart_rows/page_036/row_002/cells/col_01_tight.png",
      "bbox_pdf": [
        36.07160186767578,
        162.96043154597282,
        66.83821793145034,
        272.4447937011719
      ],
      "bbox_px_page": [
        250,
        1131,
        464,
        1891
      ]
    },
    "col_02": {
      "text": "Floating Barrier",
      "image": "chart_rows/page_036/row_002/cells/col_02.png",
      "image_tight": "chart_rows/page_036/row_002/cells/col_02_tight.png",
      "bbox_pdf": [
        66.83821793145034,
        162.96043154597282,
        128.35996961593628,
        272.4447937011719
      ],
      "bbox_px_page": [
        464,
        1131,
        891,
        1891
      ]
    },
    "col_03": {
      "text": "r",
      "image": "chart_rows/page_036/row_002/cells/col_03.png",
      "image_tight": "chart_rows/page_036/row_002/cells/col_03_tight.png",
      "bbox_pdf": [
        128.35996961593628,
        162.96043154597282,
        192.74342723796144,
        272.4447937011719
      ],
      "bbox_px_page": [
        891,
        1131,
        1338,
        1891
      ]
    },
    "col_04": {
      "text": "Floating barrier, e.g. security, containment booms (ice, logs, oil), shark nets: - with supports - without supports",
      "image": "chart_rows/page_036/row_002/cells/col_04.png",
      "image_tight": "chart_rows/page_036/row_002/cells/col_04_tight.png",
      "bbox_pdf": [
        192.74342723796144,
        162.96043154597282,
        302.6000061035156,
        272.4447937011719
      ],
      "bbox_px_page": [
        1338,
        1131,
        2101,
        1891
      ]
    },
    "col_05": {
      "text": "",
      "image": "chart_rows/page_036/row_002/cells/col_05.png",
      "image_tight": "chart_rows/page_036/row_002/cells/col_05_tight.png",
      "bbox_pdf": [
        302.6000061035156,
        162.96043154597282,
        456.3236999511719,
        272.4447937011719
      ],
      "bbox_px_page": [
        2101,
        1131,
        3168,
        1891
      ]
    },
    "col_06": {
      "text": "",
      "image": "chart_rows/page_036/row_002/cells/col_06.png",
      "image_tight": "chart_rows/page_036/row_002/cells/col_06_tight.png",
      "bbox_pdf": [
        456.3236999511719,
        162.96043154597282,
        567.5356597900391,
        272.4447937011719
      ],
      "bbox_px_page": [
        3168,
        1131,
        3941,
        1891
      ]
    },
    "col_07": {
      "text": "",
      "image": "chart_rows/page_036/row_002/cells/col_07.png",
      "image_tight": "chart_rows/page_036/row_002/cells/col_07_tight.png",
      "bbox_pdf": [
        567.5356597900391,
        162.96043154597282,
        651.9163010418415,
        272.4447937011719
      ],
      "bbox_px_page": [
        3941,
        1131,
        4527,
        1891
      ]
    },
    "col_08": {
      "text": "Floating hazard Boom Floating oil barrier, oil retention (high pressure pipe) Boom, floating obstruction",
      "image": "chart_rows/page_036/row_002/cells/col_08.png",
      "image_tight": "chart_rows/page_036/row_002/cells/col_08_tight.png",
      "bbox_pdf": [
        651.9163010418415,
        162.96043154597282,
        737.734619140625,
        272.4447937011719
      ],
      "bbox_px_page": [
        4527,
        1131,
        5123,
        1891
      ]
    }
  }
}