{
  "id": "p048_r002",
  "page_number": 48,
  "row_index": 2,
  "no": "31",
  "row_text": "Approximate depth contour Approximate safety depth contour",
  "row_image": "chart_rows/page_048/row_002/row.png",
  "cells": {
    "col_01": {
      "text": "31",
      "image": "chart_rows/page_048/row_002/cells/col_01.png",
      "image_tight": "chart_rows/page_048/row_002/cells/col_01_tight.png",
      "bbox_pdf": [
        36.07160186767578,
        418.11651611328125,
        65.0,
        458.25811767578125
      ],
      "bbox_px_page": [
        250,
        2903,
        451,
        3182
      ]
    },
    "col_02": {
      "text": "",
      "image": "chart_rows/page_048/row_002/cells/col_02.png",
      "image_tight": "chart_rows/page_048/row_002/cells/col_02_tight.png",
      "bbox_pdf": [
        65.0,
        418.11651611328125,
        191.80630493164062,
        458.25811767578125
      ],
      "bbox_px_page": [
        451,
        2903,
        1331,
        3182
      ]
    },
    "col_03": {
      "text": "Approximate depth contours",
      "image": "chart_rows/page_048/row_002/cells/col_03.png",
      "image_tight": "chart_rows/page_048/row_002/cells/col_03_tight.png",
      "bbox_pdf": [
        191.80630493164062,
        418.11651611328125,
        302.6000061035156,
        458.25811767578125
      ],
      "bbox_px_page": [
        1331,
        2903,
        2101,
        3182
      ]
    },
    "col_04": {
      "text": "20 50",
      "image": "chart_rows/page_048/row_002/cells/col_04.png",
      "image_tight": "chart_rows/page_048/row_002/cells/col_04_tight.png",
      "bbox_pdf": [
        302.6000061035156,
        418.11651611328125,
        566.1237182617188,
        458.25811767578125
      ],
      "bbox_px_page": [
        2101,
        2903,
        3931,
        3182
      ]
    },
    "col_05": {
      "text": "Approximate depth contour Approximate safety depth contour",
      "image": "chart_rows/page_048/row_002/cells/col_05.png",
      "image_tight": "chart_rows/page_048/row_002/cells/col_05_tight.png",
      "bbox_pdf": [
        566.1237182617188,
        418.11651611328125,
        737.734619140625,
        458.25811767578125
      ],
      "bbox_px_page": [
        3931,
        2903,
        5123,
        3182
      ]
    }
  }
}