{
  "id": "p030_r005",
  "page_number": 30,
  "row_index": 5,
  "no": "22",
  "row_text": "CHIMNEY Chy CHY",
  "row_image": "chart_rows/page_030/row_005/row.png",
  "cells": {
    "col_01": {
      "text": "22",
      "image": "chart_rows/page_030/row_005/cells/col_01.png",
      "image_tight": "chart_rows/page_030/row_005/cells/col_01_tight.png",
      "bbox_pdf": [
        36.07160186767578,
        209.46060180664062,
        66.83821793145034,
        237.26699829101562
      ],
      "bbox_px_page": [
        250,
        1454,
        464,
        1647
      ]
    },
    "col_02": {
      "text": "",
      "image": "chart_rows/page_030/row_005/cells/col_02.png",
      "image_tight": "chart_rows/page_030/row_005/cells/col_02_tight.png",
      "bbox_pdf": [
        66.83821793145034,
        209.46060180664062,
        128.35996961593628,
        237.26699829101562
      ],
      "bbox_px_page": [
        464,
        1454,
        891,
        1647
      ]
    },
    "col_03": {
      "text": "",
      "image": "chart_rows/page_030/row_005/cells/col_03.png",
      "image_tight": "chart_rows/page_030/row_005/cells/col_03_tight.png",
      "bbox_pdf": [
        128.35996961593628,
        209.46060180664062,
        192.74342723796144,
        237.26699829101562
      ],
      "bbox_px_page": [
        891,
        1454,
        1338,
        1647
      ]
    },
    "col_04": {
      "text": "Chimney",
      "image": "chart_rows/page_030/row_005/cells/col_04.png",
      "image_tight": "chart_rows/page_030/row_005/cells/col_04_tight.png",
      "bbox_pdf": [
        192.74342723796144,
        209.46060180664062,
        302.6000061035156,
        237.26699829101562
      ],
      "bbox_px_page": [
        1338,
        1454,
        2101,
        1647
      ]
    },
    "col_05": {
      "text": "CHIMNEY Chy CHY",
      "image": "chart_rows/page_030/row_005/cells/col_05.png",
      "image_tight": "chart_rows/page_030/row_005/cells/col_05_tight.png",
      "bbox_pdf": [
        302.6000061035156,
        209.46060180664062,
        456.3236999511719,
        237.26699829101562
      ],
      "bbox_px_page": [
        2101,
        1454,
        3168,
        1647
      ]
    },
    "col_06": {
      "text": "",
      "image": "chart_rows/page_030/row_005/cells/col_06.png",
      "image_tight": "chart_rows/page_030/row_005/cells/col_06_tight.png",
      "bbox_pdf": [
        456.3236999511719,
        209.46060180664062,
        567.5356597900391,
        237.26699829101562
      ],
      "bbox_px_page": [
        3168,
        1454,
        3941,
        1647
      ]
    },
    "col_07": {
      "text": "",
      "image": "chart_rows/page_030/row_005/cells/col_07.png",
      "image_tight": "chart_rows/page_030/row_005/cells/col_07_tight.png",
      "bbox_pdf": [
        567.5356597900391,
        209.46060180664062,
        651.9163010418415,
        237.26699829101562
      ],
      "bbox_px_page": [
        3941,
        1454,
        4527,
        1647
      ]
    },
    "col_08": {
      "text": "Chimney",
      "image": "chart_rows/page_030/row_005/cells/col_08.png",
      "image_tight": "chart_rows/page_030/row_005/cells/col_08_tight.png",
      "bbox_pdf": [
        651.9163010418415,
        209.46060180664062,
        737.734619140625,
        237.26699829101562
      ],
      "bbox_px_page": [
        4527,
        1454,
        5123,
        1647
      ]
    }
  }
}