{
  "id": "p033_r003",
  "page_number": 33,
  "row_index": 3,
  "no": "2.1",
  "row_text": "Seawall (on large scale charts)",
  "row_image": "chart_rows/page_033/row_003/row.png",
  "cells": {
    "No": {
      "text": "2.1",
      "image": "chart_rows/page_033/row_003/cells/No.png",
      "image_tight": "chart_rows/page_033/row_003/cells/No_tight.png",
      "bbox_pdf": [
        54.07160186767578,
        186.2215690612793,
        82.99796140193939,
        210.8109252838767
      ],
      "bbox_px_page": [
        375,
        1293,
        576,
        1463
      ]
    },
    "INT": {
      "text": "",
      "image": "chart_rows/page_033/row_003/cells/INT.png",
      "image_tight": "chart_rows/page_033/row_003/cells/INT_tight.png",
      "bbox_pdf": [
        82.99796140193939,
        186.2215690612793,
        211.40581703186035,
        210.8109252838767
      ],
      "bbox_px_page": [
        576,
        1293,
        1468,
        1463
      ]
    },
    "Description": {
      "text": "Seawall (on large scale charts)",
      "image": "chart_rows/page_033/row_003/cells/Description.png",
      "image_tight": "chart_rows/page_033/row_003/cells/Description_tight.png",
      "bbox_pdf": [
        211.40581703186035,
        186.2215690612793,
        320.6000061035156,
        210.8109252838767
      ],
      "bbox_px_page": [
        1468,
        1293,
        2226,
        1463
      ]
    },
    "NOAA": {
      "text": "",
      "image": "chart_rows/page_033/row_003/cells/NOAA.png",
      "image_tight": "chart_rows/page_033/row_003/cells/NOAA_tight.png",
      "bbox_pdf": [
        320.6000061035156,
        186.2215690612793,
        474.3236999511719,
        210.8109252838767
      ],
      "bbox_px_page": [
        2226,
        1293,
        3293,
        1463
      ]
    },
    "NGA": {
      "text": "",
      "image": "chart_rows/page_033/row_003/cells/NGA.png",
      "image_tight": "chart_rows/page_033/row_003/cells/NGA_tight.png",
      "bbox_pdf": [
        474.3236999511719,
        186.2215690612793,
        585.5497436523438,
        210.8109252838767
      ],
      "bbox_px_page": [
        3293,
        1293,
        4066,
        1463
      ]
    },
    "OtherNGA": {
      "text": "",
      "image": "chart_rows/page_033/row_003/cells/OtherNGA.png",
      "image_tight": "chart_rows/page_033/row_003/cells/OtherNGA_tight.png",
      "bbox_pdf": [
        585.5497436523438,
        186.2215690612793,
        669.9003596305847,
        210.8109252838767
      ],
      "bbox_px_page": [
        4066,
        1293,
        4652,
        1463
      ]
    },
    "ECDIS": {
      "text": "",
      "image": "chart_rows/page_033/row_003/cells/ECDIS.png",
      "image_tight": "chart_rows/page_033/row_003/cells/ECDIS_tight.png",
      "bbox_pdf": [
        669.9003596305847,
        186.2215690612793,
        755.734619140625,
        210.8109252838767
      ],
      "bbox_px_page": [
        4652,
        1293,
        5248,
        1463
      ]
    }
  }
}