{
  "id": "p059_r007",
  "page_number": 59,
  "row_index": 7,
  "no": "Supp",
  "row_text": "plementary National Symbols",
  "row_image": "chart_rows/page_059/row_007/row.png",
  "cells": {
    "col_01": {
      "text": "Supp",
      "image": "chart_rows/page_059/row_007/cells/col_01.png",
      "image_tight": "chart_rows/page_059/row_007/cells/col_01_tight.png",
      "bbox_pdf": [
        54.07160186767578,
        517.5701904296875,
        83.0,
        535.5701904296875
      ],
      "bbox_px_page": [
        375,
        3594,
        576,
        3719
      ]
    },
    "col_02": {
      "text": "plementary National Symbols",
      "image": "chart_rows/page_059/row_007/cells/col_02.png",
      "image_tight": "chart_rows/page_059/row_007/cells/col_02_tight.png",
      "bbox_pdf": [
        83.0,
        517.5701904296875,
        209.80630493164062,
        535.5701904296875
      ],
      "bbox_px_page": [
        576,
        3594,
        1456,
        3719
      ]
    },
    "col_03": {
      "text": "",
      "image": "chart_rows/page_059/row_007/cells/col_03.png",
      "image_tight": "chart_rows/page_059/row_007/cells/col_03_tight.png",
      "bbox_pdf": [
        209.80630493164062,
        517.5701904296875,
        320.6000061035156,
        535.5701904296875
      ],
      "bbox_px_page": [
        1456,
        3594,
        2226,
        3719
      ]
    },
    "col_04": {
      "text": "",
      "image": "chart_rows/page_059/row_007/cells/col_04.png",
      "image_tight": "chart_rows/page_059/row_007/cells/col_04_tight.png",
      "bbox_pdf": [
        320.6000061035156,
        517.5701904296875,
        397.2838134765625,
        535.5701904296875
      ],
      "bbox_px_page": [
        2226,
        3594,
        2758,
        3719
      ]
    },
    "col_05": {
      "text": "",
      "image": "chart_rows/page_059/row_007/cells/col_05.png",
      "image_tight": "chart_rows/page_059/row_007/cells/col_05_tight.png",
      "bbox_pdf": [
        397.2838134765625,
        517.5701904296875,
        474.3236999511719,
        535.5701904296875
      ],
      "bbox_px_page": [
        2758,
        3594,
        3293,
        3719
      ]
    },
    "col_06": {
      "text": "",
      "image": "chart_rows/page_059/row_007/cells/col_06.png",
      "image_tight": "chart_rows/page_059/row_007/cells/col_06_tight.png",
      "bbox_pdf": [
        474.3236999511719,
        517.5701904296875,
        584.1237182617188,
        535.5701904296875
      ],
      "bbox_px_page": [
        3293,
        3594,
        4056,
        3719
      ]
    },
    "col_07": {
      "text": "",
      "image": "chart_rows/page_059/row_007/cells/col_07.png",
      "image_tight": "chart_rows/page_059/row_007/cells/col_07_tight.png",
      "bbox_pdf": [
        584.1237182617188,
        517.5701904296875,
        669.9290771484375,
        535.5701904296875
      ],
      "bbox_px_page": [
        4056,
        3594,
        4652,
        3719
      ]
    },
    "col_08": {
      "text": "",
      "image": "chart_rows/page_059/row_007/cells/col_08.png",
      "image_tight": "chart_rows/page_059/row_007/cells/col_08_tight.png",
      "bbox_pdf": [
        669.9290771484375,
        517.5701904296875,
        755.734619140625,
        535.5701904296875
      ],
      "bbox_px_page": [
        4652,
        3594,
        5248,
        3719
      ]
    }
  }
}