{
  "id": "p022_r003",
  "page_number": 22,
  "row_index": 3,
  "no": "g",
  "row_text": "Shading",
  "row_image": "chart_rows/page_022/row_003/row.png",
  "cells": {
    "col_01": {
      "text": "g",
      "image": "chart_rows/page_022/row_003/cells/col_01.png",
      "image_tight": "chart_rows/page_022/row_003/cells/col_01_tight.png",
      "bbox_pdf": [
        36.07160186767578,
        169.9010009765625,
        65.0,
        216.88540649414062
      ],
      "bbox_px_page": [
        250,
        1179,
        451,
        1506
      ]
    },
    "col_02": {
      "text": "",
      "image": "chart_rows/page_022/row_003/cells/col_02.png",
      "image_tight": "chart_rows/page_022/row_003/cells/col_02_tight.png",
      "bbox_pdf": [
        65.0,
        169.9010009765625,
        191.80630493164062,
        216.88540649414062
      ],
      "bbox_px_page": [
        451,
        1179,
        1331,
        1506
      ]
    },
    "col_03": {
      "text": "Shading",
      "image": "chart_rows/page_022/row_003/cells/col_03.png",
      "image_tight": "chart_rows/page_022/row_003/cells/col_03_tight.png",
      "bbox_pdf": [
        191.80630493164062,
        169.9010009765625,
        304.19958686828613,
        216.88540649414062
      ],
      "bbox_px_page": [
        1331,
        1179,
        2112,
        1506
      ]
    },
    "col_04": {
      "text": "†",
      "image": "chart_rows/page_022/row_003/cells/col_04.png",
      "image_tight": "chart_rows/page_022/row_003/cells/col_04_tight.png",
      "bbox_pdf": [
        304.19958686828613,
        169.9010009765625,
        456.3236818741643,
        216.88540649414062
      ],
      "bbox_px_page": [
        2112,
        1179,
        3168,
        1506
      ]
    },
    "col_05": {
      "text": "",
      "image": "chart_rows/page_022/row_003/cells/col_05.png",
      "image_tight": "chart_rows/page_022/row_003/cells/col_05_tight.png",
      "bbox_pdf": [
        456.3236818741643,
        169.9010009765625,
        566.1237182617188,
        216.88540649414062
      ],
      "bbox_px_page": [
        3168,
        1179,
        3931,
        1506
      ]
    },
    "col_06": {
      "text": "",
      "image": "chart_rows/page_022/row_003/cells/col_06.png",
      "image_tight": "chart_rows/page_022/row_003/cells/col_06_tight.png",
      "bbox_pdf": [
        566.1237182617188,
        169.9010009765625,
        737.734619140625,
        216.88540649414062
      ],
      "bbox_px_page": [
        3931,
        1179,
        5123,
        1506
      ]
    }
  }
}