{
  "id": "p032_r005",
  "page_number": 32,
  "row_index": 5,
  "no": "h",
  "row_text": "University",
  "row_image": "chart_rows/page_032/row_005/row.png",
  "cells": {
    "No": {
      "text": "h",
      "image": "chart_rows/page_032/row_005/cells/No.png",
      "image_tight": "chart_rows/page_032/row_005/cells/No_tight.png",
      "bbox_pdf": [
        36.07160186767578,
        178.25579833984375,
        64.99938281575669,
        200.30218505859375
      ],
      "bbox_px_page": [
        250,
        1237,
        451,
        1390
      ]
    },
    "INT": {
      "text": "",
      "image": "chart_rows/page_032/row_005/cells/INT.png",
      "image_tight": "chart_rows/page_032/row_005/cells/INT_tight.png",
      "bbox_pdf": [
        64.99938281575669,
        178.25579833984375,
        193.06974206492305,
        200.30218505859375
      ],
      "bbox_px_page": [
        451,
        1237,
        1340,
        1390
      ]
    },
    "Description": {
      "text": "University",
      "image": "chart_rows/page_032/row_005/cells/Description.png",
      "image_tight": "chart_rows/page_032/row_005/cells/Description_tight.png",
      "bbox_pdf": [
        193.06974206492305,
        178.25579833984375,
        304.3567180633545,
        200.30218505859375
      ],
      "bbox_px_page": [
        1340,
        1237,
        2113,
        1390
      ]
    },
    "NOAA": {
      "text": "Univ Univ",
      "image": "chart_rows/page_032/row_005/cells/NOAA.png",
      "image_tight": "chart_rows/page_032/row_005/cells/NOAA_tight.png",
      "bbox_pdf": [
        304.3567180633545,
        178.25579833984375,
        456.3229369148612,
        200.30218505859375
      ],
      "bbox_px_page": [
        2113,
        1237,
        3168,
        1390
      ]
    },
    "NGA": {
      "text": "",
      "image": "chart_rows/page_032/row_005/cells/NGA.png",
      "image_tight": "chart_rows/page_032/row_005/cells/NGA_tight.png",
      "bbox_pdf": [
        456.3229369148612,
        178.25579833984375,
        567.7757158279419,
        200.30218505859375
      ],
      "bbox_px_page": [
        3168,
        1237,
        3942,
        1390
      ]
    },
    "OtherNGA": {
      "text": "",
      "image": "chart_rows/page_032/row_005/cells/OtherNGA.png",
      "image_tight": "chart_rows/page_032/row_005/cells/OtherNGA_tight.png",
      "bbox_pdf": [
        567.7757158279419,
        178.25579833984375,
        651.92743146047,
        200.30218505859375
      ],
      "bbox_px_page": [
        3942,
        1237,
        4527,
        1390
      ]
    },
    "ECDIS": {
      "text": "",
      "image": "chart_rows/page_032/row_005/cells/ECDIS.png",
      "image_tight": "chart_rows/page_032/row_005/cells/ECDIS_tight.png",
      "bbox_pdf": [
        651.92743146047,
        178.25579833984375,
        737.734619140625,
        200.30218505859375
      ],
      "bbox_px_page": [
        4527,
        1237,
        5123,
        1390
      ]
    }
  }
}