{
  "id": "p027_r001",
  "page_number": 27,
  "row_index": 1,
  "no": "d",
  "row_text": "Bridge under construction",
  "row_image": "chart_rows/page_027/row_001/row.png",
  "cells": {
    "col_01": {
      "text": "d",
      "image": "chart_rows/page_027/row_001/cells/col_01.png",
      "image_tight": "chart_rows/page_027/row_001/cells/col_01_tight.png",
      "bbox_pdf": [
        53.89714285714286,
        89.69142857142857,
        82.90285714285714,
        116.64000000000001
      ],
      "bbox_px_page": [
        374,
        622,
        575,
        810
      ]
    },
    "col_02": {
      "text": "",
      "image": "chart_rows/page_027/row_001/cells/col_02.png",
      "image_tight": "chart_rows/page_027/row_001/cells/col_02_tight.png",
      "bbox_pdf": [
        82.90285714285714,
        89.69142857142857,
        209.62285714285716,
        116.64000000000001
      ],
      "bbox_px_page": [
        575,
        622,
        1455,
        810
      ]
    },
    "col_03": {
      "text": "Bridge under construction",
      "image": "chart_rows/page_027/row_001/cells/col_03.png",
      "image_tight": "chart_rows/page_027/row_001/cells/col_03_tight.png",
      "bbox_pdf": [
        209.62285714285716,
        89.69142857142857,
        320.5028571428572,
        116.64000000000001
      ],
      "bbox_px_page": [
        1455,
        622,
        2225,
        810
      ]
    },
    "col_04": {
      "text": "",
      "image": "chart_rows/page_027/row_001/cells/col_04.png",
      "image_tight": "chart_rows/page_027/row_001/cells/col_04_tight.png",
      "bbox_pdf": [
        320.5028571428572,
        89.69142857142857,
        474.17142857142863,
        116.64000000000001
      ],
      "bbox_px_page": [
        2225,
        622,
        3292,
        810
      ]
    },
    "col_05": {
      "text": "",
      "image": "chart_rows/page_027/row_001/cells/col_05.png",
      "image_tight": "chart_rows/page_027/row_001/cells/col_05_tight.png",
      "bbox_pdf": [
        474.17142857142863,
        89.69142857142857,
        584.0228571428572,
        116.64000000000001
      ],
      "bbox_px_page": [
        3292,
        622,
        4055,
        810
      ]
    },
    "col_06": {
      "text": "",
      "image": "chart_rows/page_027/row_001/cells/col_06.png",
      "image_tight": "chart_rows/page_027/row_001/cells/col_06_tight.png",
      "bbox_pdf": [
        584.0228571428572,
        89.69142857142857,
        755.5885714285715,
        116.64000000000001
      ],
      "bbox_px_page": [
        4055,
        622,
        5247,
        810
      ]
    }
  }
}