{
  "id": "p040_r006",
  "page_number": 40,
  "row_index": 6,
  "no": "6",
  "row_text": "f MTL Mean Tide Level",
  "row_image": "chart_rows/page_040/row_006/row.png",
  "cells": {
    "col_01": {
      "text": "6",
      "image": "chart_rows/page_040/row_006/cells/col_01.png",
      "image_tight": "chart_rows/page_040/row_006/cells/col_01_tight.png",
      "bbox_pdf": [
        36.07099914550781,
        231.05590057373047,
        99.07099914550781,
        250.85588836669922
      ],
      "bbox_px_page": [
        250,
        1604,
        687,
        1742
      ]
    },
    "col_02": {
      "text": "MSL",
      "image": "chart_rows/page_040/row_006/cells/col_02.png",
      "image_tight": "chart_rows/page_040/row_006/cells/col_02_tight.png",
      "bbox_pdf": [
        99.07099914550781,
        231.05590057373047,
        184.5709991455078,
        250.85588836669922
      ],
      "bbox_px_page": [
        687,
        1604,
        1281,
        1742
      ]
    },
    "col_03": {
      "text": "Mean Sea Level",
      "image": "chart_rows/page_040/row_006/cells/col_03.png",
      "image_tight": "chart_rows/page_040/row_006/cells/col_03_tight.png",
      "bbox_pdf": [
        184.5709991455078,
        231.05590057373047,
        364.5710144042969,
        250.85588836669922
      ],
      "bbox_px_page": [
        1281,
        1604,
        2531,
        1742
      ]
    },
    "col_04": {
      "text": "",
      "image": "chart_rows/page_040/row_006/cells/col_04.png",
      "image_tight": "chart_rows/page_040/row_006/cells/col_04_tight.png",
      "bbox_pdf": [
        364.5710144042969,
        231.05590057373047,
        387.0708923339844,
        250.85588836669922
      ],
      "bbox_px_page": [
        2531,
        1604,
        2687,
        1742
      ]
    },
    "col_05": {
      "text": "f MTL Mean Tide Level",
      "image": "chart_rows/page_040/row_006/cells/col_05.png",
      "image_tight": "chart_rows/page_040/row_006/cells/col_05_tight.png",
      "bbox_pdf": [
        387.0708923339844,
        231.05590057373047,
        738.0709228515625,
        250.85588836669922
      ],
      "bbox_px_page": [
        2687,
        1604,
        5125,
        1742
      ]
    }
  }
}