{
  "id": "p034_r011",
  "page_number": 34,
  "row_index": 11,
  "no": "17",
  "row_text": "Landing for boats",
  "row_image": "chart_rows/page_034/row_011/row.png",
  "cells": {
    "col_01": {
      "text": "17",
      "image": "chart_rows/page_034/row_011/cells/col_01.png",
      "image_tight": "chart_rows/page_034/row_011/cells/col_01_tight.png",
      "bbox_pdf": [
        36.07160186767578,
        521.716796875,
        66.83821793145034,
        570.76318359375
      ],
      "bbox_px_page": [
        250,
        3623,
        464,
        3963
      ]
    },
    "col_02": {
      "text": "",
      "image": "chart_rows/page_034/row_011/cells/col_02.png",
      "image_tight": "chart_rows/page_034/row_011/cells/col_02_tight.png",
      "bbox_pdf": [
        66.83821793145034,
        521.716796875,
        128.35996961593628,
        570.76318359375
      ],
      "bbox_px_page": [
        464,
        3623,
        891,
        3963
      ]
    },
    "col_03": {
      "text": "",
      "image": "chart_rows/page_034/row_011/cells/col_03.png",
      "image_tight": "chart_rows/page_034/row_011/cells/col_03_tight.png",
      "bbox_pdf": [
        128.35996961593628,
        521.716796875,
        192.74342723796144,
        570.76318359375
      ],
      "bbox_px_page": [
        891,
        3623,
        1338,
        3963
      ]
    },
    "col_04": {
      "text": "Landing for boats",
      "image": "chart_rows/page_034/row_011/cells/col_04.png",
      "image_tight": "chart_rows/page_034/row_011/cells/col_04_tight.png",
      "bbox_pdf": [
        192.74342723796144,
        521.716796875,
        302.6000061035156,
        570.76318359375
      ],
      "bbox_px_page": [
        1338,
        3623,
        2101,
        3963
      ]
    },
    "col_05": {
      "text": "Lndg",
      "image": "chart_rows/page_034/row_011/cells/col_05.png",
      "image_tight": "chart_rows/page_034/row_011/cells/col_05_tight.png",
      "bbox_pdf": [
        302.6000061035156,
        521.716796875,
        456.3236999511719,
        570.76318359375
      ],
      "bbox_px_page": [
        2101,
        3623,
        3168,
        3963
      ]
    },
    "col_06": {
      "text": "",
      "image": "chart_rows/page_034/row_011/cells/col_06.png",
      "image_tight": "chart_rows/page_034/row_011/cells/col_06_tight.png",
      "bbox_pdf": [
        456.3236999511719,
        521.716796875,
        567.5356597900391,
        570.76318359375
      ],
      "bbox_px_page": [
        3168,
        3623,
        3941,
        3963
      ]
    },
    "col_07": {
      "text": "",
      "image": "chart_rows/page_034/row_011/cells/col_07.png",
      "image_tight": "chart_rows/page_034/row_011/cells/col_07_tight.png",
      "bbox_pdf": [
        567.5356597900391,
        521.716796875,
        651.9163010418415,
        570.76318359375
      ],
      "bbox_px_page": [
        3941,
        3623,
        4527,
        3963
      ]
    },
    "col_08": {
      "text": "Landing",
      "image": "chart_rows/page_034/row_011/cells/col_08.png",
      "image_tight": "chart_rows/page_034/row_011/cells/col_08_tight.png",
      "bbox_pdf": [
        651.9163010418415,
        521.716796875,
        737.734619140625,
        570.76318359375
      ],
      "bbox_px_page": [
        4527,
        3623,
        5123,
        3963
      ]
    }
  }
}