{
  "id": "p030_r008",
  "page_number": 30,
  "row_index": 8,
  "no": "25.1",
  "row_text": "Windmill, status of ruins is obtained by cursor",
  "row_image": "chart_rows/page_030/row_008/row.png",
  "cells": {
    "col_01": {
      "text": "25.1",
      "image": "chart_rows/page_030/row_008/cells/col_01.png",
      "image_tight": "chart_rows/page_030/row_008/cells/col_01_tight.png",
      "bbox_pdf": [
        36.07160186767578,
        295.88409423828125,
        66.83821793145034,
        323.69049072265625
      ],
      "bbox_px_page": [
        250,
        2054,
        464,
        2247
      ]
    },
    "col_02": {
      "text": "",
      "image": "chart_rows/page_030/row_008/cells/col_02.png",
      "image_tight": "chart_rows/page_030/row_008/cells/col_02_tight.png",
      "bbox_pdf": [
        66.83821793145034,
        295.88409423828125,
        128.35996961593628,
        323.69049072265625
      ],
      "bbox_px_page": [
        464,
        2054,
        891,
        2247
      ]
    },
    "col_03": {
      "text": "",
      "image": "chart_rows/page_030/row_008/cells/col_03.png",
      "image_tight": "chart_rows/page_030/row_008/cells/col_03_tight.png",
      "bbox_pdf": [
        128.35996961593628,
        295.88409423828125,
        192.74342723796144,
        323.69049072265625
      ],
      "bbox_px_page": [
        891,
        2054,
        1338,
        2247
      ]
    },
    "col_04": {
      "text": "Windmill",
      "image": "chart_rows/page_030/row_008/cells/col_04.png",
      "image_tight": "chart_rows/page_030/row_008/cells/col_04_tight.png",
      "bbox_pdf": [
        192.74342723796144,
        295.88409423828125,
        302.6000061035156,
        323.69049072265625
      ],
      "bbox_px_page": [
        1338,
        2054,
        2101,
        2247
      ]
    },
    "col_05": {
      "text": "Windmill WINDMILL",
      "image": "chart_rows/page_030/row_008/cells/col_05.png",
      "image_tight": "chart_rows/page_030/row_008/cells/col_05_tight.png",
      "bbox_pdf": [
        302.6000061035156,
        295.88409423828125,
        456.3236999511719,
        323.69049072265625
      ],
      "bbox_px_page": [
        2101,
        2054,
        3168,
        2247
      ]
    },
    "col_06": {
      "text": "",
      "image": "chart_rows/page_030/row_008/cells/col_06.png",
      "image_tight": "chart_rows/page_030/row_008/cells/col_06_tight.png",
      "bbox_pdf": [
        456.3236999511719,
        295.88409423828125,
        567.5356597900391,
        323.69049072265625
      ],
      "bbox_px_page": [
        3168,
        2054,
        3941,
        2247
      ]
    },
    "col_07": {
      "text": "",
      "image": "chart_rows/page_030/row_008/cells/col_07.png",
      "image_tight": "chart_rows/page_030/row_008/cells/col_07_tight.png",
      "bbox_pdf": [
        567.5356597900391,
        295.88409423828125,
        651.9163010418415,
        323.69049072265625
      ],
      "bbox_px_page": [
        3941,
        2054,
        4527,
        2247
      ]
    },
    "col_08": {
      "text": "Windmill, status of ruins is obtained by cursor",
      "image": "chart_rows/page_030/row_008/cells/col_08.png",
      "image_tight": "chart_rows/page_030/row_008/cells/col_08_tight.png",
      "bbox_pdf": [
        651.9163010418415,
        295.88409423828125,
        737.734619140625,
        323.69049072265625
      ],
      "bbox_px_page": [
        4527,
        2054,
        5123,
        2247
      ]
    }
  }
}