{
  "id": "p063_r008",
  "page_number": 63,
  "row_index": 8,
  "no": "31.1",
  "row_text": "Submarine power cable",
  "row_image": "chart_rows/page_063/row_008/row.png",
  "cells": {
    "No": {
      "text": "31.1",
      "image": "chart_rows/page_063/row_008/cells/No.png",
      "image_tight": "chart_rows/page_063/row_008/cells/No_tight.png",
      "bbox_pdf": [
        54.07160186767578,
        305.16571044921875,
        82.99796140193939,
        330.5848083496094
      ],
      "bbox_px_page": [
        375,
        2119,
        576,
        2295
      ]
    },
    "INT": {
      "text": "",
      "image": "chart_rows/page_063/row_008/cells/INT.png",
      "image_tight": "chart_rows/page_063/row_008/cells/INT_tight.png",
      "bbox_pdf": [
        82.99796140193939,
        305.16571044921875,
        211.40581703186035,
        330.5848083496094
      ],
      "bbox_px_page": [
        576,
        2119,
        1468,
        2295
      ]
    },
    "Description": {
      "text": "Submarine power cable",
      "image": "chart_rows/page_063/row_008/cells/Description.png",
      "image_tight": "chart_rows/page_063/row_008/cells/Description_tight.png",
      "bbox_pdf": [
        211.40581703186035,
        305.16571044921875,
        320.6000061035156,
        330.5848083496094
      ],
      "bbox_px_page": [
        1468,
        2119,
        2226,
        2295
      ]
    },
    "NOAA": {
      "text": "",
      "image": "chart_rows/page_063/row_008/cells/NOAA.png",
      "image_tight": "chart_rows/page_063/row_008/cells/NOAA_tight.png",
      "bbox_pdf": [
        320.6000061035156,
        305.16571044921875,
        474.3236999511719,
        330.5848083496094
      ],
      "bbox_px_page": [
        2226,
        2119,
        3293,
        2295
      ]
    },
    "NGA": {
      "text": "",
      "image": "chart_rows/page_063/row_008/cells/NGA.png",
      "image_tight": "chart_rows/page_063/row_008/cells/NGA_tight.png",
      "bbox_pdf": [
        474.3236999511719,
        305.16571044921875,
        585.5497436523438,
        330.5848083496094
      ],
      "bbox_px_page": [
        3293,
        2119,
        4066,
        2295
      ]
    },
    "OtherNGA": {
      "text": "",
      "image": "chart_rows/page_063/row_008/cells/OtherNGA.png",
      "image_tight": "chart_rows/page_063/row_008/cells/OtherNGA_tight.png",
      "bbox_pdf": [
        585.5497436523438,
        305.16571044921875,
        669.9003596305847,
        330.5848083496094
      ],
      "bbox_px_page": [
        4066,
        2119,
        4652,
        2295
      ]
    },
    "ECDIS": {
      "text": "Submarine cable area",
      "image": "chart_rows/page_063/row_008/cells/ECDIS.png",
      "image_tight": "chart_rows/page_063/row_008/cells/ECDIS_tight.png",
      "bbox_pdf": [
        669.9003596305847,
        305.16571044921875,
        755.734619140625,
        330.5848083496094
      ],
      "bbox_px_page": [
        4652,
        2119,
        5248,
        2295
      ]
    }
  }
}