{
  "id": "p019_r007",
  "page_number": 19,
  "row_index": 7,
  "no": "Water",
  "row_text": "r Features, Lava",
  "row_image": "chart_rows/page_019/row_007/row.png",
  "cells": {
    "No": {
      "text": "Water",
      "image": "chart_rows/page_019/row_007/cells/No.png",
      "image_tight": "chart_rows/page_019/row_007/cells/No_tight.png",
      "bbox_pdf": [
        54.07160186767578,
        413.07269287109375,
        82.99796140193939,
        431.07269287109375
      ],
      "bbox_px_page": [
        375,
        2868,
        576,
        2993
      ]
    },
    "INT": {
      "text": "r Features, Lava",
      "image": "chart_rows/page_019/row_007/cells/INT.png",
      "image_tight": "chart_rows/page_019/row_007/cells/INT_tight.png",
      "bbox_pdf": [
        82.99796140193939,
        413.07269287109375,
        211.40581703186035,
        431.07269287109375
      ],
      "bbox_px_page": [
        576,
        2868,
        1468,
        2993
      ]
    },
    "Description": {
      "text": "",
      "image": "chart_rows/page_019/row_007/cells/Description.png",
      "image_tight": "chart_rows/page_019/row_007/cells/Description_tight.png",
      "bbox_pdf": [
        211.40581703186035,
        413.07269287109375,
        320.6000061035156,
        431.07269287109375
      ],
      "bbox_px_page": [
        1468,
        2868,
        2226,
        2993
      ]
    },
    "NOAA": {
      "text": "",
      "image": "chart_rows/page_019/row_007/cells/NOAA.png",
      "image_tight": "chart_rows/page_019/row_007/cells/NOAA_tight.png",
      "bbox_pdf": [
        320.6000061035156,
        413.07269287109375,
        474.3236999511719,
        431.07269287109375
      ],
      "bbox_px_page": [
        2226,
        2868,
        3293,
        2993
      ]
    },
    "NGA": {
      "text": "",
      "image": "chart_rows/page_019/row_007/cells/NGA.png",
      "image_tight": "chart_rows/page_019/row_007/cells/NGA_tight.png",
      "bbox_pdf": [
        474.3236999511719,
        413.07269287109375,
        585.5497436523438,
        431.07269287109375
      ],
      "bbox_px_page": [
        3293,
        2868,
        4066,
        2993
      ]
    },
    "OtherNGA": {
      "text": "",
      "image": "chart_rows/page_019/row_007/cells/OtherNGA.png",
      "image_tight": "chart_rows/page_019/row_007/cells/OtherNGA_tight.png",
      "bbox_pdf": [
        585.5497436523438,
        413.07269287109375,
        669.9003596305847,
        431.07269287109375
      ],
      "bbox_px_page": [
        4066,
        2868,
        4652,
        2993
      ]
    },
    "ECDIS": {
      "text": "",
      "image": "chart_rows/page_019/row_007/cells/ECDIS.png",
      "image_tight": "chart_rows/page_019/row_007/cells/ECDIS_tight.png",
      "bbox_pdf": [
        669.9003596305847,
        413.07269287109375,
        755.734619140625,
        431.07269287109375
      ],
      "bbox_px_page": [
        4652,
        2868,
        5248,
        2993
      ]
    }
  }
}