{
  "id": "p040_r016",
  "page_number": 40,
  "row_index": 16,
  "no": "17",
  "row_text": "Neap tide",
  "row_image": "chart_rows/page_040/row_016/row.png",
  "cells": {
    "col_01": {
      "text": "17",
      "image": "chart_rows/page_040/row_016/cells/col_01.png",
      "image_tight": "chart_rows/page_040/row_016/cells/col_01_tight.png",
      "bbox_pdf": [
        36.07099914550781,
        428.6708984375,
        99.07099914550781,
        448.47088623046875
      ],
      "bbox_px_page": [
        250,
        2976,
        687,
        3114
      ]
    },
    "col_02": {
      "text": "Np",
      "image": "chart_rows/page_040/row_016/cells/col_02.png",
      "image_tight": "chart_rows/page_040/row_016/cells/col_02_tight.png",
      "bbox_pdf": [
        99.07099914550781,
        428.6708984375,
        184.5709991455078,
        448.47088623046875
      ],
      "bbox_px_page": [
        687,
        2976,
        1281,
        3114
      ]
    },
    "col_03": {
      "text": "Neap tide",
      "image": "chart_rows/page_040/row_016/cells/col_03.png",
      "image_tight": "chart_rows/page_040/row_016/cells/col_03_tight.png",
      "bbox_pdf": [
        184.5709991455078,
        428.6708984375,
        364.5710144042969,
        448.47088623046875
      ],
      "bbox_px_page": [
        1281,
        2976,
        2531,
        3114
      ]
    },
    "col_04": {
      "text": "",
      "image": "chart_rows/page_040/row_016/cells/col_04.png",
      "image_tight": "chart_rows/page_040/row_016/cells/col_04_tight.png",
      "bbox_pdf": [
        364.5710144042969,
        428.6708984375,
        387.0708923339844,
        448.47088623046875
      ],
      "bbox_px_page": [
        2531,
        2976,
        2687,
        3114
      ]
    },
    "col_05": {
      "text": "",
      "image": "chart_rows/page_040/row_016/cells/col_05.png",
      "image_tight": "chart_rows/page_040/row_016/cells/col_05_tight.png",
      "bbox_pdf": [
        387.0708923339844,
        428.6708984375,
        738.0709228515625,
        448.47088623046875
      ],
      "bbox_px_page": [
        2687,
        2976,
        5125,
        3114
      ]
    }
  }
}