{
  "id": "p049_r003",
  "page_number": 49,
  "row_index": 3,
  "no": "2",
  "row_text": "Mud",
  "row_image": "chart_rows/page_049/row_003/row.png",
  "cells": {
    "No": {
      "text": "2",
      "image": "chart_rows/page_049/row_003/cells/No.png",
      "image_tight": "chart_rows/page_049/row_003/cells/No_tight.png",
      "bbox_pdf": [
        54.07160186767578,
        145.64248657226562,
        82.99796140193939,
        165.21490478515625
      ],
      "bbox_px_page": [
        375,
        1011,
        576,
        1147
      ]
    },
    "INT": {
      "text": "M",
      "image": "chart_rows/page_049/row_003/cells/INT.png",
      "image_tight": "chart_rows/page_049/row_003/cells/INT_tight.png",
      "bbox_pdf": [
        82.99796140193939,
        145.64248657226562,
        211.40581703186035,
        165.21490478515625
      ],
      "bbox_px_page": [
        576,
        1011,
        1468,
        1147
      ]
    },
    "Description": {
      "text": "Mud",
      "image": "chart_rows/page_049/row_003/cells/Description.png",
      "image_tight": "chart_rows/page_049/row_003/cells/Description_tight.png",
      "bbox_pdf": [
        211.40581703186035,
        145.64248657226562,
        320.6000061035156,
        165.21490478515625
      ],
      "bbox_px_page": [
        1468,
        1011,
        2226,
        1147
      ]
    },
    "NOAA": {
      "text": "",
      "image": "chart_rows/page_049/row_003/cells/NOAA.png",
      "image_tight": "chart_rows/page_049/row_003/cells/NOAA_tight.png",
      "bbox_pdf": [
        320.6000061035156,
        145.64248657226562,
        474.3236999511719,
        165.21490478515625
      ],
      "bbox_px_page": [
        2226,
        1011,
        3293,
        1147
      ]
    },
    "NGA": {
      "text": "",
      "image": "chart_rows/page_049/row_003/cells/NGA.png",
      "image_tight": "chart_rows/page_049/row_003/cells/NGA_tight.png",
      "bbox_pdf": [
        474.3236999511719,
        145.64248657226562,
        585.5497436523438,
        165.21490478515625
      ],
      "bbox_px_page": [
        3293,
        1011,
        4066,
        1147
      ]
    },
    "OtherNGA": {
      "text": "M",
      "image": "chart_rows/page_049/row_003/cells/OtherNGA.png",
      "image_tight": "chart_rows/page_049/row_003/cells/OtherNGA_tight.png",
      "bbox_pdf": [
        585.5497436523438,
        145.64248657226562,
        669.9003596305847,
        165.21490478515625
      ],
      "bbox_px_page": [
        4066,
        1011,
        4652,
        1147
      ]
    },
    "ECDIS": {
      "text": "Mud",
      "image": "chart_rows/page_049/row_003/cells/ECDIS.png",
      "image_tight": "chart_rows/page_049/row_003/cells/ECDIS_tight.png",
      "bbox_pdf": [
        669.9003596305847,
        145.64248657226562,
        755.734619140625,
        165.21490478515625
      ],
      "bbox_px_page": [
        4652,
        1011,
        5248,
        1147
      ]
    }
  }
}