{
  "id": "p037_r001",
  "page_number": 37,
  "row_index": 1,
  "no": "Cultura",
  "row_text": "nces → D Signal S",
  "row_image": "chart_rows/page_037/row_001/row.png",
  "cells": {
    "col_01": {
      "text": "Cultura",
      "image": "chart_rows/page_037/row_001/cells/col_01.png",
      "image_tight": "chart_rows/page_037/row_001/cells/col_01_tight.png",
      "bbox_pdf": [
        54.07160186767578,
        108.0701904296875,
        83.0,
        126.0701904296875
      ],
      "bbox_px_page": [
        375,
        750,
        576,
        875
      ]
    },
    "col_02": {
      "text": "al Features → B",
      "image": "chart_rows/page_037/row_001/cells/col_02.png",
      "image_tight": "chart_rows/page_037/row_001/cells/col_02_tight.png",
      "bbox_pdf": [
        83.0,
        108.0701904296875,
        148.33418422937393,
        126.0701904296875
      ],
      "bbox_px_page": [
        576,
        750,
        1030,
        875
      ]
    },
    "col_03": {
      "text": "Clearan",
      "image": "chart_rows/page_037/row_001/cells/col_03.png",
      "image_tight": "chart_rows/page_037/row_001/cells/col_03_tight.png",
      "bbox_pdf": [
        148.33418422937393,
        108.0701904296875,
        209.80630493164062,
        126.0701904296875
      ],
      "bbox_px_page": [
        1030,
        750,
        1456,
        875
      ]
    },
    "col_04": {
      "text": "nces → D Signal S",
      "image": "chart_rows/page_037/row_001/cells/col_04.png",
      "image_tight": "chart_rows/page_037/row_001/cells/col_04_tight.png",
      "bbox_pdf": [
        209.80630493164062,
        108.0701904296875,
        320.6000061035156,
        126.0701904296875
      ],
      "bbox_px_page": [
        1456,
        750,
        2226,
        875
      ]
    },
    "col_05": {
      "text": "Stations → T",
      "image": "chart_rows/page_037/row_001/cells/col_05.png",
      "image_tight": "chart_rows/page_037/row_001/cells/col_05_tight.png",
      "bbox_pdf": [
        320.6000061035156,
        108.0701904296875,
        474.3236999511719,
        126.0701904296875
      ],
      "bbox_px_page": [
        2226,
        750,
        3293,
        875
      ]
    },
    "col_06": {
      "text": "",
      "image": "chart_rows/page_037/row_001/cells/col_06.png",
      "image_tight": "chart_rows/page_037/row_001/cells/col_06_tight.png",
      "bbox_pdf": [
        474.3236999511719,
        108.0701904296875,
        585.386962890625,
        126.0701904296875
      ],
      "bbox_px_page": [
        3293,
        750,
        4065,
        875
      ]
    },
    "col_07": {
      "text": "",
      "image": "chart_rows/page_037/row_001/cells/col_07.png",
      "image_tight": "chart_rows/page_037/row_001/cells/col_07_tight.png",
      "bbox_pdf": [
        585.386962890625,
        108.0701904296875,
        669.9257489442825,
        126.0701904296875
      ],
      "bbox_px_page": [
        4065,
        750,
        4652,
        875
      ]
    },
    "col_08": {
      "text": "",
      "image": "chart_rows/page_037/row_001/cells/col_08.png",
      "image_tight": "chart_rows/page_037/row_001/cells/col_08_tight.png",
      "bbox_pdf": [
        669.9257489442825,
        108.0701904296875,
        755.734619140625,
        126.0701904296875
      ],
      "bbox_px_page": [
        4652,
        750,
        5248,
        875
      ]
    }
  }
}