{
  "id": "p050_r004",
  "page_number": 50,
  "row_index": 4,
  "no": "20",
  "row_text": "Area with stones and gravel",
  "row_image": "chart_rows/page_050/row_004/row.png",
  "cells": {
    "No": {
      "text": "20",
      "image": "chart_rows/page_050/row_004/cells/No.png",
      "image_tight": "chart_rows/page_050/row_004/cells/No_tight.png",
      "bbox_pdf": [
        36.07160186767578,
        249.4320945739746,
        64.99938281575669,
        293.96478640753776
      ],
      "bbox_px_page": [
        250,
        1732,
        451,
        2041
      ]
    },
    "INT": {
      "text": "",
      "image": "chart_rows/page_050/row_004/cells/INT.png",
      "image_tight": "chart_rows/page_050/row_004/cells/INT_tight.png",
      "bbox_pdf": [
        64.99938281575669,
        249.4320945739746,
        193.06974206492305,
        293.96478640753776
      ],
      "bbox_px_page": [
        451,
        1732,
        1340,
        2041
      ]
    },
    "Description": {
      "text": "Area with stones and gravel",
      "image": "chart_rows/page_050/row_004/cells/Description.png",
      "image_tight": "chart_rows/page_050/row_004/cells/Description_tight.png",
      "bbox_pdf": [
        193.06974206492305,
        249.4320945739746,
        304.3567180633545,
        293.96478640753776
      ],
      "bbox_px_page": [
        1340,
        1732,
        2113,
        2041
      ]
    },
    "NOAA": {
      "text": "",
      "image": "chart_rows/page_050/row_004/cells/NOAA.png",
      "image_tight": "chart_rows/page_050/row_004/cells/NOAA_tight.png",
      "bbox_pdf": [
        304.3567180633545,
        249.4320945739746,
        456.3229369148612,
        293.96478640753776
      ],
      "bbox_px_page": [
        2113,
        1732,
        3168,
        2041
      ]
    },
    "NGA": {
      "text": "",
      "image": "chart_rows/page_050/row_004/cells/NGA.png",
      "image_tight": "chart_rows/page_050/row_004/cells/NGA_tight.png",
      "bbox_pdf": [
        456.3229369148612,
        249.4320945739746,
        567.7757158279419,
        293.96478640753776
      ],
      "bbox_px_page": [
        3168,
        1732,
        3942,
        2041
      ]
    },
    "OtherNGA": {
      "text": "gravel stone",
      "image": "chart_rows/page_050/row_004/cells/OtherNGA.png",
      "image_tight": "chart_rows/page_050/row_004/cells/OtherNGA_tight.png",
      "bbox_pdf": [
        567.7757158279419,
        249.4320945739746,
        651.92743146047,
        293.96478640753776
      ],
      "bbox_px_page": [
        3942,
        1732,
        4527,
        2041
      ]
    },
    "ECDIS": {
      "text": "Areas of gravel and stone",
      "image": "chart_rows/page_050/row_004/cells/ECDIS.png",
      "image_tight": "chart_rows/page_050/row_004/cells/ECDIS_tight.png",
      "bbox_pdf": [
        651.92743146047,
        249.4320945739746,
        737.734619140625,
        293.96478640753776
      ],
      "bbox_px_page": [
        4527,
        1732,
        5123,
        2041
      ]
    }
  }
}