{
  "id": "p024_r008",
  "page_number": 24,
  "row_index": 8,
  "no": "18",
  "row_text": "Heliport, Helipad",
  "row_image": "chart_rows/page_024/row_008/row.png",
  "cells": {
    "No": {
      "text": "18",
      "image": "chart_rows/page_024/row_008/cells/No.png",
      "image_tight": "chart_rows/page_024/row_008/cells/No_tight.png",
      "bbox_pdf": [
        36.07160186767578,
        409.5701904296875,
        64.99938281575669,
        436.5701904296875
      ],
      "bbox_px_page": [
        250,
        2844,
        451,
        3031
      ]
    },
    "INT": {
      "text": "",
      "image": "chart_rows/page_024/row_008/cells/INT.png",
      "image_tight": "chart_rows/page_024/row_008/cells/INT_tight.png",
      "bbox_pdf": [
        64.99938281575669,
        409.5701904296875,
        193.06974206492305,
        436.5701904296875
      ],
      "bbox_px_page": [
        451,
        2844,
        1340,
        3031
      ]
    },
    "Description": {
      "text": "Heliport, Helipad",
      "image": "chart_rows/page_024/row_008/cells/Description.png",
      "image_tight": "chart_rows/page_024/row_008/cells/Description_tight.png",
      "bbox_pdf": [
        193.06974206492305,
        409.5701904296875,
        304.3567180633545,
        436.5701904296875
      ],
      "bbox_px_page": [
        1340,
        2844,
        2113,
        3031
      ]
    },
    "NOAA": {
      "text": "",
      "image": "chart_rows/page_024/row_008/cells/NOAA.png",
      "image_tight": "chart_rows/page_024/row_008/cells/NOAA_tight.png",
      "bbox_pdf": [
        304.3567180633545,
        409.5701904296875,
        456.3229369148612,
        436.5701904296875
      ],
      "bbox_px_page": [
        2113,
        2844,
        3168,
        3031
      ]
    },
    "NGA": {
      "text": "",
      "image": "chart_rows/page_024/row_008/cells/NGA.png",
      "image_tight": "chart_rows/page_024/row_008/cells/NGA_tight.png",
      "bbox_pdf": [
        456.3229369148612,
        409.5701904296875,
        567.7757158279419,
        436.5701904296875
      ],
      "bbox_px_page": [
        3168,
        2844,
        3942,
        3031
      ]
    },
    "OtherNGA": {
      "text": "",
      "image": "chart_rows/page_024/row_008/cells/OtherNGA.png",
      "image_tight": "chart_rows/page_024/row_008/cells/OtherNGA_tight.png",
      "bbox_pdf": [
        567.7757158279419,
        409.5701904296875,
        651.92743146047,
        436.5701904296875
      ],
      "bbox_px_page": [
        3942,
        2844,
        4527,
        3031
      ]
    },
    "ECDIS": {
      "text": "",
      "image": "chart_rows/page_024/row_008/cells/ECDIS.png",
      "image_tight": "chart_rows/page_024/row_008/cells/ECDIS_tight.png",
      "bbox_pdf": [
        651.92743146047,
        409.5701904296875,
        737.734619140625,
        436.5701904296875
      ],
      "bbox_px_page": [
        4527,
        2844,
        5123,
        3031
      ]
    }
  }
}