{
  "id": "p040_r001",
  "page_number": 40,
  "row_index": 1,
  "no": "1",
  "row_text": "Chart Datum, Datum for sounding reduction",
  "row_image": "chart_rows/page_040/row_001/row.png",
  "cells": {
    "col_01": {
      "text": "1",
      "image": "chart_rows/page_040/row_001/cells/col_01.png",
      "image_tight": "chart_rows/page_040/row_001/cells/col_01_tight.png",
      "bbox_pdf": [
        36.07099914550781,
        132.05590057373047,
        99.07099914550781,
        151.85588836669922
      ],
      "bbox_px_page": [
        250,
        917,
        687,
        1054
      ]
    },
    "col_02": {
      "text": "CD",
      "image": "chart_rows/page_040/row_001/cells/col_02.png",
      "image_tight": "chart_rows/page_040/row_001/cells/col_02_tight.png",
      "bbox_pdf": [
        99.07099914550781,
        132.05590057373047,
        184.5709991455078,
        151.85588836669922
      ],
      "bbox_px_page": [
        687,
        917,
        1281,
        1054
      ]
    },
    "col_03": {
      "text": "Chart Datum, Datum for sounding reduction",
      "image": "chart_rows/page_040/row_001/cells/col_03.png",
      "image_tight": "chart_rows/page_040/row_001/cells/col_03_tight.png",
      "bbox_pdf": [
        184.5709991455078,
        132.05590057373047,
        364.5710144042969,
        151.85588836669922
      ],
      "bbox_px_page": [
        1281,
        917,
        2531,
        1054
      ]
    },
    "col_04": {
      "text": "",
      "image": "chart_rows/page_040/row_001/cells/col_04.png",
      "image_tight": "chart_rows/page_040/row_001/cells/col_04_tight.png",
      "bbox_pdf": [
        364.5710144042969,
        132.05590057373047,
        387.0708923339844,
        151.85588836669922
      ],
      "bbox_px_page": [
        2531,
        917,
        2687,
        1054
      ]
    },
    "col_05": {
      "text": "a HW High Water",
      "image": "chart_rows/page_040/row_001/cells/col_05.png",
      "image_tight": "chart_rows/page_040/row_001/cells/col_05_tight.png",
      "bbox_pdf": [
        387.0708923339844,
        132.05590057373047,
        738.0709228515625,
        151.85588836669922
      ],
      "bbox_px_page": [
        2687,
        917,
        5125,
        1054
      ]
    }
  }
}