{
  "id": "p063_r012",
  "page_number": 63,
  "row_index": 12,
  "no": "40.2",
  "row_text": "Supply pipeline area: unspecified, oil, gas, chemicals, water",
  "row_image": "chart_rows/page_063/row_012/row.png",
  "cells": {
    "No": {
      "text": "40.2",
      "image": "chart_rows/page_063/row_012/cells/No.png",
      "image_tight": "chart_rows/page_063/row_012/cells/No_tight.png",
      "bbox_pdf": [
        54.07160186767578,
        452.27252197265625,
        82.99796140193939,
        539.6519165039062
      ],
      "bbox_px_page": [
        375,
        3140,
        576,
        3747
      ]
    },
    "INT": {
      "text": "",
      "image": "chart_rows/page_063/row_012/cells/INT.png",
      "image_tight": "chart_rows/page_063/row_012/cells/INT_tight.png",
      "bbox_pdf": [
        82.99796140193939,
        452.27252197265625,
        211.40581703186035,
        539.6519165039062
      ],
      "bbox_px_page": [
        576,
        3140,
        1468,
        3747
      ]
    },
    "Description": {
      "text": "Supply pipeline area: unspecified, oil, gas, chemicals, water",
      "image": "chart_rows/page_063/row_012/cells/Description.png",
      "image_tight": "chart_rows/page_063/row_012/cells/Description_tight.png",
      "bbox_pdf": [
        211.40581703186035,
        452.27252197265625,
        320.6000061035156,
        539.6519165039062
      ],
      "bbox_px_page": [
        1468,
        3140,
        2226,
        3747
      ]
    },
    "NOAA": {
      "text": "† Pipeline Area",
      "image": "chart_rows/page_063/row_012/cells/NOAA.png",
      "image_tight": "chart_rows/page_063/row_012/cells/NOAA_tight.png",
      "bbox_pdf": [
        320.6000061035156,
        452.27252197265625,
        474.3236999511719,
        539.6519165039062
      ],
      "bbox_px_page": [
        2226,
        3140,
        3293,
        3747
      ]
    },
    "NGA": {
      "text": "",
      "image": "chart_rows/page_063/row_012/cells/NGA.png",
      "image_tight": "chart_rows/page_063/row_012/cells/NGA_tight.png",
      "bbox_pdf": [
        474.3236999511719,
        452.27252197265625,
        585.5497436523438,
        539.6519165039062
      ],
      "bbox_px_page": [
        3293,
        3140,
        4066,
        3747
      ]
    },
    "OtherNGA": {
      "text": "",
      "image": "chart_rows/page_063/row_012/cells/OtherNGA.png",
      "image_tight": "chart_rows/page_063/row_012/cells/OtherNGA_tight.png",
      "bbox_pdf": [
        585.5497436523438,
        452.27252197265625,
        669.9003596305847,
        539.6519165039062
      ],
      "bbox_px_page": [
        4066,
        3140,
        4652,
        3747
      ]
    },
    "ECDIS": {
      "text": "Submarine pipeline area with potentially dangerous contents",
      "image": "chart_rows/page_063/row_012/cells/ECDIS.png",
      "image_tight": "chart_rows/page_063/row_012/cells/ECDIS_tight.png",
      "bbox_pdf": [
        669.9003596305847,
        452.27252197265625,
        755.734619140625,
        539.6519165039062
      ],
      "bbox_px_page": [
        4652,
        3140,
        5248,
        3747
      ]
    }
  }
}