{
  "id": "p059_r002",
  "page_number": 59,
  "row_index": 2,
  "no": "46.1",
  "row_text": "Isolated danger of depth less than the safety contour Safe clearance shoaler than safety contour",
  "row_image": "chart_rows/page_059/row_002/row.png",
  "cells": {
    "col_01": {
      "text": "46.1",
      "image": "chart_rows/page_059/row_002/cells/col_01.png",
      "image_tight": "chart_rows/page_059/row_002/cells/col_01_tight.png",
      "bbox_pdf": [
        54.07160186767578,
        139.5701904296875,
        83.0,
        202.5701904296875
      ],
      "bbox_px_page": [
        375,
        969,
        576,
        1406
      ]
    },
    "col_02": {
      "text": "",
      "image": "chart_rows/page_059/row_002/cells/col_02.png",
      "image_tight": "chart_rows/page_059/row_002/cells/col_02_tight.png",
      "bbox_pdf": [
        83.0,
        139.5701904296875,
        209.80630493164062,
        202.5701904296875
      ],
      "bbox_px_page": [
        576,
        969,
        1456,
        1406
      ]
    },
    "col_03": {
      "text": "Fish haven",
      "image": "chart_rows/page_059/row_002/cells/col_03.png",
      "image_tight": "chart_rows/page_059/row_002/cells/col_03_tight.png",
      "bbox_pdf": [
        209.80630493164062,
        139.5701904296875,
        320.6000061035156,
        202.5701904296875
      ],
      "bbox_px_page": [
        1456,
        969,
        2226,
        1406
      ]
    },
    "col_04": {
      "text": "Obstn Fish Haven",
      "image": "chart_rows/page_059/row_002/cells/col_04.png",
      "image_tight": "chart_rows/page_059/row_002/cells/col_04_tight.png",
      "bbox_pdf": [
        320.6000061035156,
        139.5701904296875,
        397.2838134765625,
        202.5701904296875
      ],
      "bbox_px_page": [
        2226,
        969,
        2758,
        1406
      ]
    },
    "col_05": {
      "text": "(actual shape)",
      "image": "chart_rows/page_059/row_002/cells/col_05.png",
      "image_tight": "chart_rows/page_059/row_002/cells/col_05_tight.png",
      "bbox_pdf": [
        397.2838134765625,
        139.5701904296875,
        474.3236999511719,
        202.5701904296875
      ],
      "bbox_px_page": [
        2758,
        969,
        3293,
        1406
      ]
    },
    "col_06": {
      "text": "",
      "image": "chart_rows/page_059/row_002/cells/col_06.png",
      "image_tight": "chart_rows/page_059/row_002/cells/col_06_tight.png",
      "bbox_pdf": [
        474.3236999511719,
        139.5701904296875,
        584.1237182617188,
        202.5701904296875
      ],
      "bbox_px_page": [
        3293,
        969,
        4056,
        1406
      ]
    },
    "col_07": {
      "text": "",
      "image": "chart_rows/page_059/row_002/cells/col_07.png",
      "image_tight": "chart_rows/page_059/row_002/cells/col_07_tight.png",
      "bbox_pdf": [
        584.1237182617188,
        139.5701904296875,
        669.9290771484375,
        202.5701904296875
      ],
      "bbox_px_page": [
        4056,
        969,
        4652,
        1406
      ]
    },
    "col_08": {
      "text": "Isolated danger of depth less than the safety contour Safe clearance shoaler than safety contour",
      "image": "chart_rows/page_059/row_002/cells/col_08.png",
      "image_tight": "chart_rows/page_059/row_002/cells/col_08_tight.png",
      "bbox_pdf": [
        669.9290771484375,
        139.5701904296875,
        755.734619140625,
        202.5701904296875
      ],
      "bbox_px_page": [
        4652,
        969,
        5248,
        1406
      ]
    }
  }
}