{
  "id": "p021_r016",
  "page_number": 21,
  "row_index": 16,
  "no": "d",
  "row_text": "(if extensive) Breakers Breakers",
  "row_image": "chart_rows/page_021/row_016/row.png",
  "cells": {
    "No": {
      "text": "d",
      "image": "chart_rows/page_021/row_016/cells/No.png",
      "image_tight": "chart_rows/page_021/row_016/cells/No_tight.png",
      "bbox_pdf": [
        54.07160186767578,
        517.6181564331055,
        82.99796140193939,
        563.9694213867188
      ],
      "bbox_px_page": [
        375,
        3594,
        576,
        3916
      ]
    },
    "INT": {
      "text": "",
      "image": "chart_rows/page_021/row_016/cells/INT.png",
      "image_tight": "chart_rows/page_021/row_016/cells/INT_tight.png",
      "bbox_pdf": [
        82.99796140193939,
        517.6181564331055,
        211.40581703186035,
        563.9694213867188
      ],
      "bbox_px_page": [
        576,
        3594,
        1468,
        3916
      ]
    },
    "Description": {
      "text": "Breakers along a shore",
      "image": "chart_rows/page_021/row_016/cells/Description.png",
      "image_tight": "chart_rows/page_021/row_016/cells/Description_tight.png",
      "bbox_pdf": [
        211.40581703186035,
        517.6181564331055,
        320.6000061035156,
        563.9694213867188
      ],
      "bbox_px_page": [
        1468,
        3594,
        2226,
        3916
      ]
    },
    "NOAA": {
      "text": "(if extensive) Breakers Breakers",
      "image": "chart_rows/page_021/row_016/cells/NOAA.png",
      "image_tight": "chart_rows/page_021/row_016/cells/NOAA_tight.png",
      "bbox_pdf": [
        320.6000061035156,
        517.6181564331055,
        474.3236999511719,
        563.9694213867188
      ],
      "bbox_px_page": [
        2226,
        3594,
        3293,
        3916
      ]
    },
    "NGA": {
      "text": "",
      "image": "chart_rows/page_021/row_016/cells/NGA.png",
      "image_tight": "chart_rows/page_021/row_016/cells/NGA_tight.png",
      "bbox_pdf": [
        474.3236999511719,
        517.6181564331055,
        585.5497436523438,
        563.9694213867188
      ],
      "bbox_px_page": [
        3293,
        3594,
        4066,
        3916
      ]
    },
    "OtherNGA": {
      "text": "",
      "image": "chart_rows/page_021/row_016/cells/OtherNGA.png",
      "image_tight": "chart_rows/page_021/row_016/cells/OtherNGA_tight.png",
      "bbox_pdf": [
        585.5497436523438,
        517.6181564331055,
        669.9003596305847,
        563.9694213867188
      ],
      "bbox_px_page": [
        4066,
        3594,
        4652,
        3916
      ]
    },
    "ECDIS": {
      "text": "",
      "image": "chart_rows/page_021/row_016/cells/ECDIS.png",
      "image_tight": "chart_rows/page_021/row_016/cells/ECDIS_tight.png",
      "bbox_pdf": [
        669.9003596305847,
        517.6181564331055,
        755.734619140625,
        563.9694213867188
      ],
      "bbox_px_page": [
        4652,
        3594,
        5248,
        3916
      ]
    }
  }
}