{
  "id": "p027_r002",
  "page_number": 27,
  "row_index": 2,
  "no": "f",
  "row_text": "Viaduct",
  "row_image": "chart_rows/page_027/row_002/row.png",
  "cells": {
    "col_01": {
      "text": "f",
      "image": "chart_rows/page_027/row_002/cells/col_01.png",
      "image_tight": "chart_rows/page_027/row_002/cells/col_01_tight.png",
      "bbox_pdf": [
        53.89714285714286,
        116.64000000000001,
        82.90285714285714,
        143.79428571428573
      ],
      "bbox_px_page": [
        374,
        810,
        575,
        998
      ]
    },
    "col_02": {
      "text": "",
      "image": "chart_rows/page_027/row_002/cells/col_02.png",
      "image_tight": "chart_rows/page_027/row_002/cells/col_02_tight.png",
      "bbox_pdf": [
        82.90285714285714,
        116.64000000000001,
        209.62285714285716,
        143.79428571428573
      ],
      "bbox_px_page": [
        575,
        810,
        1455,
        998
      ]
    },
    "col_03": {
      "text": "Viaduct",
      "image": "chart_rows/page_027/row_002/cells/col_03.png",
      "image_tight": "chart_rows/page_027/row_002/cells/col_03_tight.png",
      "bbox_pdf": [
        209.62285714285716,
        116.64000000000001,
        320.5028571428572,
        143.79428571428573
      ],
      "bbox_px_page": [
        1455,
        810,
        2225,
        998
      ]
    },
    "col_04": {
      "text": "Viaduct",
      "image": "chart_rows/page_027/row_002/cells/col_04.png",
      "image_tight": "chart_rows/page_027/row_002/cells/col_04_tight.png",
      "bbox_pdf": [
        320.5028571428572,
        116.64000000000001,
        474.17142857142863,
        143.79428571428573
      ],
      "bbox_px_page": [
        2225,
        810,
        3292,
        998
      ]
    },
    "col_05": {
      "text": "",
      "image": "chart_rows/page_027/row_002/cells/col_05.png",
      "image_tight": "chart_rows/page_027/row_002/cells/col_05_tight.png",
      "bbox_pdf": [
        474.17142857142863,
        116.64000000000001,
        584.0228571428572,
        143.79428571428573
      ],
      "bbox_px_page": [
        3292,
        810,
        4055,
        998
      ]
    },
    "col_06": {
      "text": "",
      "image": "chart_rows/page_027/row_002/cells/col_06.png",
      "image_tight": "chart_rows/page_027/row_002/cells/col_06_tight.png",
      "bbox_pdf": [
        584.0228571428572,
        116.64000000000001,
        755.5885714285715,
        143.79428571428573
      ],
      "bbox_px_page": [
        4055,
        810,
        5247,
        998
      ]
    }
  }
}