{
  "id": "p021_r013",
  "page_number": 21,
  "row_index": 13,
  "no": "a",
  "row_text": "Chart sounding datum line (surveyed)",
  "row_image": "chart_rows/page_021/row_013/row.png",
  "cells": {
    "No": {
      "text": "a",
      "image": "chart_rows/page_021/row_013/cells/No.png",
      "image_tight": "chart_rows/page_021/row_013/cells/No_tight.png",
      "bbox_pdf": [
        54.07160186767578,
        400.78475903719664,
        82.99796140193939,
        433.6311950683594
      ],
      "bbox_px_page": [
        375,
        2783,
        576,
        3011
      ]
    },
    "INT": {
      "text": "",
      "image": "chart_rows/page_021/row_013/cells/INT.png",
      "image_tight": "chart_rows/page_021/row_013/cells/INT_tight.png",
      "bbox_pdf": [
        82.99796140193939,
        400.78475903719664,
        211.40581703186035,
        433.6311950683594
      ],
      "bbox_px_page": [
        576,
        2783,
        1468,
        3011
      ]
    },
    "Description": {
      "text": "Chart sounding datum line (surveyed)",
      "image": "chart_rows/page_021/row_013/cells/Description.png",
      "image_tight": "chart_rows/page_021/row_013/cells/Description_tight.png",
      "bbox_pdf": [
        211.40581703186035,
        400.78475903719664,
        320.6000061035156,
        433.6311950683594
      ],
      "bbox_px_page": [
        1468,
        2783,
        2226,
        3011
      ]
    },
    "NOAA": {
      "text": "Uncovers",
      "image": "chart_rows/page_021/row_013/cells/NOAA.png",
      "image_tight": "chart_rows/page_021/row_013/cells/NOAA_tight.png",
      "bbox_pdf": [
        320.6000061035156,
        400.78475903719664,
        474.3236999511719,
        433.6311950683594
      ],
      "bbox_px_page": [
        2226,
        2783,
        3293,
        3011
      ]
    },
    "NGA": {
      "text": "",
      "image": "chart_rows/page_021/row_013/cells/NGA.png",
      "image_tight": "chart_rows/page_021/row_013/cells/NGA_tight.png",
      "bbox_pdf": [
        474.3236999511719,
        400.78475903719664,
        585.5497436523438,
        433.6311950683594
      ],
      "bbox_px_page": [
        3293,
        2783,
        4066,
        3011
      ]
    },
    "OtherNGA": {
      "text": "",
      "image": "chart_rows/page_021/row_013/cells/OtherNGA.png",
      "image_tight": "chart_rows/page_021/row_013/cells/OtherNGA_tight.png",
      "bbox_pdf": [
        585.5497436523438,
        400.78475903719664,
        669.9003596305847,
        433.6311950683594
      ],
      "bbox_px_page": [
        4066,
        2783,
        4652,
        3011
      ]
    },
    "ECDIS": {
      "text": "",
      "image": "chart_rows/page_021/row_013/cells/ECDIS.png",
      "image_tight": "chart_rows/page_021/row_013/cells/ECDIS_tight.png",
      "bbox_pdf": [
        669.9003596305847,
        400.78475903719664,
        755.734619140625,
        433.6311950683594
      ],
      "bbox_px_page": [
        4652,
        2783,
        5248,
        3011
      ]
    }
  }
}