{
  "id": "p060_r015",
  "page_number": 60,
  "row_index": 15,
  "no": "p",
  "row_text": "Unexploded ordnance",
  "row_image": "chart_rows/page_060/row_015/row.png",
  "cells": {
    "col_01": {
      "text": "p",
      "image": "chart_rows/page_060/row_015/cells/col_01.png",
      "image_tight": "chart_rows/page_060/row_015/cells/col_01_tight.png",
      "bbox_pdf": [
        36.07160186767578,
        486.0701904296875,
        66.97056174278259,
        508.5701904296875
      ],
      "bbox_px_page": [
        250,
        3375,
        465,
        3531
      ]
    },
    "col_02": {
      "text": "",
      "image": "chart_rows/page_060/row_015/cells/col_02.png",
      "image_tight": "chart_rows/page_060/row_015/cells/col_02_tight.png",
      "bbox_pdf": [
        66.97056174278259,
        486.0701904296875,
        191.8062746396463,
        508.5701904296875
      ],
      "bbox_px_page": [
        465,
        3375,
        1331,
        3531
      ]
    },
    "col_03": {
      "text": "Unexploded ordnance",
      "image": "chart_rows/page_060/row_015/cells/col_03.png",
      "image_tight": "chart_rows/page_060/row_015/cells/col_03_tight.png",
      "bbox_pdf": [
        191.8062746396463,
        486.0701904296875,
        302.6000061035156,
        508.5701904296875
      ],
      "bbox_px_page": [
        1331,
        3375,
        2101,
        3531
      ]
    },
    "col_04": {
      "text": "Unexploded Ordnance",
      "image": "chart_rows/page_060/row_015/cells/col_04.png",
      "image_tight": "chart_rows/page_060/row_015/cells/col_04_tight.png",
      "bbox_pdf": [
        302.6000061035156,
        486.0701904296875,
        381.01983642578125,
        508.5701904296875
      ],
      "bbox_px_page": [
        2101,
        3375,
        2645,
        3531
      ]
    },
    "col_05": {
      "text": "Unexploded Ordnance",
      "image": "chart_rows/page_060/row_015/cells/col_05.png",
      "image_tight": "chart_rows/page_060/row_015/cells/col_05_tight.png",
      "bbox_pdf": [
        381.01983642578125,
        486.0701904296875,
        456.3236999511719,
        508.5701904296875
      ],
      "bbox_px_page": [
        2645,
        3375,
        3168,
        3531
      ]
    },
    "col_06": {
      "text": "",
      "image": "chart_rows/page_060/row_015/cells/col_06.png",
      "image_tight": "chart_rows/page_060/row_015/cells/col_06_tight.png",
      "bbox_pdf": [
        456.3236999511719,
        486.0701904296875,
        566.1237182617188,
        508.5701904296875
      ],
      "bbox_px_page": [
        3168,
        3375,
        3931,
        3531
      ]
    },
    "col_07": {
      "text": "",
      "image": "chart_rows/page_060/row_015/cells/col_07.png",
      "image_tight": "chart_rows/page_060/row_015/cells/col_07_tight.png",
      "bbox_pdf": [
        566.1237182617188,
        486.0701904296875,
        651.9290771484375,
        508.5701904296875
      ],
      "bbox_px_page": [
        3931,
        3375,
        4527,
        3531
      ]
    },
    "col_08": {
      "text": "",
      "image": "chart_rows/page_060/row_015/cells/col_08.png",
      "image_tight": "chart_rows/page_060/row_015/cells/col_08_tight.png",
      "bbox_pdf": [
        651.9290771484375,
        486.0701904296875,
        737.734619140625,
        508.5701904296875
      ],
      "bbox_px_page": [
        4527,
        3375,
        5123,
        3531
      ]
    }
  }
}