{
  "id": "p031_r008",
  "page_number": 31,
  "row_index": 8,
  "no": "34.3",
  "row_text": "Battery, Small fort (on small scale charts)",
  "row_image": "chart_rows/page_031/row_008/row.png",
  "cells": {
    "col_01": {
      "text": "34.3",
      "image": "chart_rows/page_031/row_008/cells/col_01.png",
      "image_tight": "chart_rows/page_031/row_008/cells/col_01_tight.png",
      "bbox_pdf": [
        54.07160186767578,
        336.47930908203125,
        83.0,
        358.8900146484375
      ],
      "bbox_px_page": [
        375,
        2336,
        576,
        2492
      ]
    },
    "col_02": {
      "text": "",
      "image": "chart_rows/page_031/row_008/cells/col_02.png",
      "image_tight": "chart_rows/page_031/row_008/cells/col_02_tight.png",
      "bbox_pdf": [
        83.0,
        336.47930908203125,
        209.80630493164062,
        358.8900146484375
      ],
      "bbox_px_page": [
        576,
        2336,
        1456,
        2492
      ]
    },
    "col_03": {
      "text": "Battery, Small fort (on small scale charts)",
      "image": "chart_rows/page_031/row_008/cells/col_03.png",
      "image_tight": "chart_rows/page_031/row_008/cells/col_03_tight.png",
      "bbox_pdf": [
        209.80630493164062,
        336.47930908203125,
        320.6000061035156,
        358.8900146484375
      ],
      "bbox_px_page": [
        1456,
        2336,
        2226,
        2492
      ]
    },
    "col_04": {
      "text": "",
      "image": "chart_rows/page_031/row_008/cells/col_04.png",
      "image_tight": "chart_rows/page_031/row_008/cells/col_04_tight.png",
      "bbox_pdf": [
        320.6000061035156,
        336.47930908203125,
        397.2838134765625,
        358.8900146484375
      ],
      "bbox_px_page": [
        2226,
        2336,
        2758,
        2492
      ]
    },
    "col_05": {
      "text": "",
      "image": "chart_rows/page_031/row_008/cells/col_05.png",
      "image_tight": "chart_rows/page_031/row_008/cells/col_05_tight.png",
      "bbox_pdf": [
        397.2838134765625,
        336.47930908203125,
        474.3236999511719,
        358.8900146484375
      ],
      "bbox_px_page": [
        2758,
        2336,
        3293,
        2492
      ]
    },
    "col_06": {
      "text": "",
      "image": "chart_rows/page_031/row_008/cells/col_06.png",
      "image_tight": "chart_rows/page_031/row_008/cells/col_06_tight.png",
      "bbox_pdf": [
        474.3236999511719,
        336.47930908203125,
        584.1237182617188,
        358.8900146484375
      ],
      "bbox_px_page": [
        3293,
        2336,
        4056,
        2492
      ]
    },
    "col_07": {
      "text": "",
      "image": "chart_rows/page_031/row_008/cells/col_07.png",
      "image_tight": "chart_rows/page_031/row_008/cells/col_07_tight.png",
      "bbox_pdf": [
        584.1237182617188,
        336.47930908203125,
        669.9290771484375,
        358.8900146484375
      ],
      "bbox_px_page": [
        4056,
        2336,
        4652,
        2492
      ]
    },
    "col_08": {
      "text": "Fortified structure",
      "image": "chart_rows/page_031/row_008/cells/col_08.png",
      "image_tight": "chart_rows/page_031/row_008/cells/col_08_tight.png",
      "bbox_pdf": [
        669.9290771484375,
        336.47930908203125,
        755.734619140625,
        358.8900146484375
      ],
      "bbox_px_page": [
        4652,
        2336,
        5248,
        2492
      ]
    }
  }
}