{
  "id": "p038_r003",
  "page_number": 38,
  "row_index": 3,
  "no": "51",
  "row_text": "Conspicuous single building, designation is obtained by cursor pick",
  "row_image": "chart_rows/page_038/row_003/row.png",
  "cells": {
    "col_01": {
      "text": "51",
      "image": "chart_rows/page_038/row_003/cells/col_01.png",
      "image_tight": "chart_rows/page_038/row_003/cells/col_01_tight.png",
      "bbox_pdf": [
        36.07160186767578,
        157.49099731445312,
        66.97056174278259,
        188.91171264648438
      ],
      "bbox_px_page": [
        250,
        1093,
        465,
        1311
      ]
    },
    "col_02": {
      "text": "",
      "image": "chart_rows/page_038/row_003/cells/col_02.png",
      "image_tight": "chart_rows/page_038/row_003/cells/col_02_tight.png",
      "bbox_pdf": [
        66.97056174278259,
        157.49099731445312,
        191.8062746396463,
        188.91171264648438
      ],
      "bbox_px_page": [
        465,
        1093,
        1331,
        1311
      ]
    },
    "col_03": {
      "text": "Transit shed, Warehouse (with designation)",
      "image": "chart_rows/page_038/row_003/cells/col_03.png",
      "image_tight": "chart_rows/page_038/row_003/cells/col_03_tight.png",
      "bbox_pdf": [
        191.8062746396463,
        157.49099731445312,
        302.6000061035156,
        188.91171264648438
      ],
      "bbox_px_page": [
        1331,
        1093,
        2101,
        1311
      ]
    },
    "col_04": {
      "text": "",
      "image": "chart_rows/page_038/row_003/cells/col_04.png",
      "image_tight": "chart_rows/page_038/row_003/cells/col_04_tight.png",
      "bbox_pdf": [
        302.6000061035156,
        157.49099731445312,
        381.01983642578125,
        188.91171264648438
      ],
      "bbox_px_page": [
        2101,
        1093,
        2645,
        1311
      ]
    },
    "col_05": {
      "text": "",
      "image": "chart_rows/page_038/row_003/cells/col_05.png",
      "image_tight": "chart_rows/page_038/row_003/cells/col_05_tight.png",
      "bbox_pdf": [
        381.01983642578125,
        157.49099731445312,
        456.3236999511719,
        188.91171264648438
      ],
      "bbox_px_page": [
        2645,
        1093,
        3168,
        1311
      ]
    },
    "col_06": {
      "text": "",
      "image": "chart_rows/page_038/row_003/cells/col_06.png",
      "image_tight": "chart_rows/page_038/row_003/cells/col_06_tight.png",
      "bbox_pdf": [
        456.3236999511719,
        157.49099731445312,
        566.1237182617188,
        188.91171264648438
      ],
      "bbox_px_page": [
        3168,
        1093,
        3931,
        1311
      ]
    },
    "col_07": {
      "text": "",
      "image": "chart_rows/page_038/row_003/cells/col_07.png",
      "image_tight": "chart_rows/page_038/row_003/cells/col_07_tight.png",
      "bbox_pdf": [
        566.1237182617188,
        157.49099731445312,
        651.9290771484375,
        188.91171264648438
      ],
      "bbox_px_page": [
        3931,
        1093,
        4527,
        1311
      ]
    },
    "col_08": {
      "text": "Conspicuous single building, designation is obtained by cursor pick",
      "image": "chart_rows/page_038/row_003/cells/col_08.png",
      "image_tight": "chart_rows/page_038/row_003/cells/col_08_tight.png",
      "bbox_pdf": [
        651.9290771484375,
        157.49099731445312,
        737.734619140625,
        188.91171264648438
      ],
      "bbox_px_page": [
        4527,
        1093,
        5123,
        1311
      ]
    }
  }
}