{
  "id": "p043_r005",
  "page_number": 43,
  "row_index": 5,
  "no": "46",
  "row_text": "Position of tabulated tidal stream data with designation",
  "row_image": "chart_rows/page_043/row_005/row.png",
  "cells": {
    "col_01": {
      "text": "46",
      "image": "chart_rows/page_043/row_005/cells/col_01.png",
      "image_tight": "chart_rows/page_043/row_005/cells/col_01_tight.png",
      "bbox_pdf": [
        53.89714285714286,
        258.534912109375,
        82.90285714285714,
        286.1882019042969
      ],
      "bbox_px_page": [
        374,
        1795,
        575,
        1987
      ]
    },
    "col_02": {
      "text": "",
      "image": "chart_rows/page_043/row_005/cells/col_02.png",
      "image_tight": "chart_rows/page_043/row_005/cells/col_02_tight.png",
      "bbox_pdf": [
        82.90285714285714,
        258.534912109375,
        209.62285714285716,
        286.1882019042969
      ],
      "bbox_px_page": [
        575,
        1795,
        1455,
        1987
      ]
    },
    "col_03": {
      "text": "Position of tabulated tidal stream data with designation",
      "image": "chart_rows/page_043/row_005/cells/col_03.png",
      "image_tight": "chart_rows/page_043/row_005/cells/col_03_tight.png",
      "bbox_pdf": [
        209.62285714285716,
        258.534912109375,
        320.5028571428572,
        286.1882019042969
      ],
      "bbox_px_page": [
        1455,
        1795,
        2225,
        1987
      ]
    },
    "col_04": {
      "text": "",
      "image": "chart_rows/page_043/row_005/cells/col_04.png",
      "image_tight": "chart_rows/page_043/row_005/cells/col_04_tight.png",
      "bbox_pdf": [
        320.5028571428572,
        258.534912109375,
        474.17142857142863,
        286.1882019042969
      ],
      "bbox_px_page": [
        2225,
        1795,
        3292,
        1987
      ]
    },
    "col_05": {
      "text": "",
      "image": "chart_rows/page_043/row_005/cells/col_05.png",
      "image_tight": "chart_rows/page_043/row_005/cells/col_05_tight.png",
      "bbox_pdf": [
        474.17142857142863,
        258.534912109375,
        584.0228571428572,
        286.1882019042969
      ],
      "bbox_px_page": [
        3292,
        1795,
        4055,
        1987
      ]
    },
    "col_06": {
      "text": "Point for which a tidal stream table is available",
      "image": "chart_rows/page_043/row_005/cells/col_06.png",
      "image_tight": "chart_rows/page_043/row_005/cells/col_06_tight.png",
      "bbox_pdf": [
        584.0228571428572,
        258.534912109375,
        755.5885714285715,
        286.1882019042969
      ],
      "bbox_px_page": [
        4055,
        1795,
        5247,
        1987
      ]
    }
  }
}