{
  "id": "p043_r007",
  "page_number": 43,
  "row_index": 7,
  "no": "Supp",
  "row_text": "relating to tidal levels are listed after H 1",
  "row_image": "chart_rows/page_043/row_007/row.png",
  "cells": {
    "col_01": {
      "text": "Supp",
      "image": "chart_rows/page_043/row_007/cells/col_01.png",
      "image_tight": "chart_rows/page_043/row_007/cells/col_01_tight.png",
      "bbox_pdf": [
        53.89714285714286,
        313.84161376953125,
        82.90285714285714,
        331.84161376953125
      ],
      "bbox_px_page": [
        374,
        2179,
        575,
        2304
      ]
    },
    "col_02": {
      "text": "lementary National Symbols (Su",
      "image": "chart_rows/page_043/row_007/cells/col_02.png",
      "image_tight": "chart_rows/page_043/row_007/cells/col_02_tight.png",
      "bbox_pdf": [
        82.90285714285714,
        313.84161376953125,
        209.62285714285716,
        331.84161376953125
      ],
      "bbox_px_page": [
        575,
        2179,
        1455,
        2304
      ]
    },
    "col_03": {
      "text": "pplementary national terms r",
      "image": "chart_rows/page_043/row_007/cells/col_03.png",
      "image_tight": "chart_rows/page_043/row_007/cells/col_03_tight.png",
      "bbox_pdf": [
        209.62285714285716,
        313.84161376953125,
        320.5028571428572,
        331.84161376953125
      ],
      "bbox_px_page": [
        1455,
        2179,
        2225,
        2304
      ]
    },
    "col_04": {
      "text": "relating to tidal levels are listed after H 1",
      "image": "chart_rows/page_043/row_007/cells/col_04.png",
      "image_tight": "chart_rows/page_043/row_007/cells/col_04_tight.png",
      "bbox_pdf": [
        320.5028571428572,
        313.84161376953125,
        474.17142857142863,
        331.84161376953125
      ],
      "bbox_px_page": [
        2225,
        2179,
        3292,
        2304
      ]
    },
    "col_05": {
      "text": "7)",
      "image": "chart_rows/page_043/row_007/cells/col_05.png",
      "image_tight": "chart_rows/page_043/row_007/cells/col_05_tight.png",
      "bbox_pdf": [
        474.17142857142863,
        313.84161376953125,
        584.0228571428572,
        331.84161376953125
      ],
      "bbox_px_page": [
        3292,
        2179,
        4055,
        2304
      ]
    },
    "col_06": {
      "text": "",
      "image": "chart_rows/page_043/row_007/cells/col_06.png",
      "image_tight": "chart_rows/page_043/row_007/cells/col_06_tight.png",
      "bbox_pdf": [
        584.0228571428572,
        313.84161376953125,
        755.5885714285715,
        331.84161376953125
      ],
      "bbox_px_page": [
        4055,
        2179,
        5247,
        2304
      ]
    }
  }
}