{
  "id": "p041_r005",
  "page_number": 41,
  "row_index": 5,
  "no": "7",
  "row_text": "Notes: 1) The numbers 128, 100, (7) and (12), shown above, are examples of how spot heights, topographic contour labels, islet heights and drying heights appear on NOAA paper charts. The numbers are enclosed in (parentheses) if the value is offset into the water to more clearly show the islet or rock. 2) On NOAA charts, except for lake charts, the HW (coast) line is equal to the MHW line.",
  "row_image": "chart_rows/page_041/row_005/row.png",
  "cells": {
    "col_01": {
      "text": "",
      "image": "chart_rows/page_041/row_005/cells/col_01.png",
      "image_tight": "chart_rows/page_041/row_005/cells/col_01_tight.png",
      "bbox_pdf": [
        54.070899963378906,
        349.0952568054199,
        82.08000183105469,
        388.4464111328125
      ],
      "bbox_px_page": [
        375,
        2424,
        570,
        2697
      ]
    },
    "col_02": {
      "text": "Notes: 1) The numbers 128, 100, (7) and (12), shown above, are examples of how spot heights, topographic contour labels, islet heights and drying heights appear on NOAA paper charts. The numbers are enclosed in (parentheses) if the value is offset into the water to more clearly show the islet or rock. 2) On NOAA charts, except for lake charts, the HW (coast) line is equal to the MHW line.",
      "image": "chart_rows/page_041/row_005/cells/col_02.png",
      "image_tight": "chart_rows/page_041/row_005/cells/col_02_tight.png",
      "bbox_pdf": [
        82.08000183105469,
        349.0952568054199,
        755.9290771484375,
        388.4464111328125
      ],
      "bbox_px_page": [
        570,
        2424,
        5249,
        2697
      ]
    }
  }
}