{
  "id": "p050_r001",
  "page_number": 50,
  "row_index": 1,
  "no": "14",
  "row_text": "Sand waves as a point Sand waves as a line Sand waves as an area",
  "row_image": "chart_rows/page_050/row_001/row.png",
  "cells": {
    "No": {
      "text": "14",
      "image": "chart_rows/page_050/row_001/cells/No.png",
      "image_tight": "chart_rows/page_050/row_001/cells/No_tight.png",
      "bbox_pdf": [
        36.07160186767578,
        90.0709228515625,
        64.99938281575669,
        206.67080688476562
      ],
      "bbox_px_page": [
        250,
        625,
        451,
        1435
      ]
    },
    "INT": {
      "text": "",
      "image": "chart_rows/page_050/row_001/cells/INT.png",
      "image_tight": "chart_rows/page_050/row_001/cells/INT_tight.png",
      "bbox_pdf": [
        64.99938281575669,
        90.0709228515625,
        193.06974206492305,
        206.67080688476562
      ],
      "bbox_px_page": [
        451,
        625,
        1340,
        1435
      ]
    },
    "Description": {
      "text": "Sandwaves",
      "image": "chart_rows/page_050/row_001/cells/Description.png",
      "image_tight": "chart_rows/page_050/row_001/cells/Description_tight.png",
      "bbox_pdf": [
        193.06974206492305,
        90.0709228515625,
        304.3567180633545,
        206.67080688476562
      ],
      "bbox_px_page": [
        1340,
        625,
        2113,
        1435
      ]
    },
    "NOAA": {
      "text": "Sandwaves",
      "image": "chart_rows/page_050/row_001/cells/NOAA.png",
      "image_tight": "chart_rows/page_050/row_001/cells/NOAA_tight.png",
      "bbox_pdf": [
        304.3567180633545,
        90.0709228515625,
        456.3229369148612,
        206.67080688476562
      ],
      "bbox_px_page": [
        2113,
        625,
        3168,
        1435
      ]
    },
    "NGA": {
      "text": "",
      "image": "chart_rows/page_050/row_001/cells/NGA.png",
      "image_tight": "chart_rows/page_050/row_001/cells/NGA_tight.png",
      "bbox_pdf": [
        456.3229369148612,
        90.0709228515625,
        567.7757158279419,
        206.67080688476562
      ],
      "bbox_px_page": [
        3168,
        625,
        3942,
        1435
      ]
    },
    "OtherNGA": {
      "text": "",
      "image": "chart_rows/page_050/row_001/cells/OtherNGA.png",
      "image_tight": "chart_rows/page_050/row_001/cells/OtherNGA_tight.png",
      "bbox_pdf": [
        567.7757158279419,
        90.0709228515625,
        651.92743146047,
        206.67080688476562
      ],
      "bbox_px_page": [
        3942,
        625,
        4527,
        1435
      ]
    },
    "ECDIS": {
      "text": "Sand waves as a point Sand waves as a line Sand waves as an area",
      "image": "chart_rows/page_050/row_001/cells/ECDIS.png",
      "image_tight": "chart_rows/page_050/row_001/cells/ECDIS_tight.png",
      "bbox_pdf": [
        651.92743146047,
        90.0709228515625,
        737.734619140625,
        206.67080688476562
      ],
      "bbox_px_page": [
        4527,
        625,
        5123,
        1435
      ]
    }
  }
}