{
  "id": "p040_r015",
  "page_number": 40,
  "row_index": 15,
  "no": "16",
  "row_text": "Spring tide",
  "row_image": "chart_rows/page_040/row_015/row.png",
  "cells": {
    "col_01": {
      "text": "16",
      "image": "chart_rows/page_040/row_015/cells/col_01.png",
      "image_tight": "chart_rows/page_040/row_015/cells/col_01_tight.png",
      "bbox_pdf": [
        36.07099914550781,
        408.87091064453125,
        99.07099914550781,
        428.6708984375
      ],
      "bbox_px_page": [
        250,
        2839,
        687,
        2976
      ]
    },
    "col_02": {
      "text": "Sp",
      "image": "chart_rows/page_040/row_015/cells/col_02.png",
      "image_tight": "chart_rows/page_040/row_015/cells/col_02_tight.png",
      "bbox_pdf": [
        99.07099914550781,
        408.87091064453125,
        184.5709991455078,
        428.6708984375
      ],
      "bbox_px_page": [
        687,
        2839,
        1281,
        2976
      ]
    },
    "col_03": {
      "text": "Spring tide",
      "image": "chart_rows/page_040/row_015/cells/col_03.png",
      "image_tight": "chart_rows/page_040/row_015/cells/col_03_tight.png",
      "bbox_pdf": [
        184.5709991455078,
        408.87091064453125,
        364.5710144042969,
        428.6708984375
      ],
      "bbox_px_page": [
        1281,
        2839,
        2531,
        2976
      ]
    },
    "col_04": {
      "text": "",
      "image": "chart_rows/page_040/row_015/cells/col_04.png",
      "image_tight": "chart_rows/page_040/row_015/cells/col_04_tight.png",
      "bbox_pdf": [
        364.5710144042969,
        408.87091064453125,
        387.0708923339844,
        428.6708984375
      ],
      "bbox_px_page": [
        2531,
        2839,
        2687,
        2976
      ]
    },
    "col_05": {
      "text": "",
      "image": "chart_rows/page_040/row_015/cells/col_05.png",
      "image_tight": "chart_rows/page_040/row_015/cells/col_05_tight.png",
      "bbox_pdf": [
        387.0708923339844,
        408.87091064453125,
        738.0709228515625,
        428.6708984375
      ],
      "bbox_px_page": [
        2687,
        2839,
        5125,
        2976
      ]
    }
  }
}