{
  "id": "p025_r008",
  "page_number": 25,
  "row_index": 8,
  "no": "23 6",
  "row_text": "clr cl 8.2 clr cl 8.2 clr op 20.0",
  "row_image": "chart_rows/page_025/row_008/row.png",
  "cells": {
    "No": {
      "text": "23 6",
      "image": "chart_rows/page_025/row_008/cells/No.png",
      "image_tight": "chart_rows/page_025/row_008/cells/No_tight.png",
      "bbox_pdf": [
        54.07160186767578,
        405.06643129885197,
        82.99796140193939,
        447.3871218711138
      ],
      "bbox_px_page": [
        375,
        2812,
        576,
        3106
      ]
    },
    "INT": {
      "text": "",
      "image": "chart_rows/page_025/row_008/cells/INT.png",
      "image_tight": "chart_rows/page_025/row_008/cells/INT_tight.png",
      "bbox_pdf": [
        82.99796140193939,
        405.06643129885197,
        211.40581703186035,
        447.3871218711138
      ],
      "bbox_px_page": [
        576,
        2812,
        1468,
        3106
      ]
    },
    "Description": {
      "text": "Draw bridge with vertical l",
      "image": "chart_rows/page_025/row_008/cells/Description.png",
      "image_tight": "chart_rows/page_025/row_008/cells/Description_tight.png",
      "bbox_pdf": [
        211.40581703186035,
        405.06643129885197,
        320.6000061035156,
        447.3871218711138
      ],
      "bbox_px_page": [
        1468,
        2812,
        2226,
        3106
      ]
    },
    "NOAA": {
      "text": "",
      "image": "chart_rows/page_025/row_008/cells/NOAA.png",
      "image_tight": "chart_rows/page_025/row_008/cells/NOAA_tight.png",
      "bbox_pdf": [
        320.6000061035156,
        405.06643129885197,
        474.3236999511719,
        447.3871218711138
      ],
      "bbox_px_page": [
        2226,
        2812,
        3293,
        3106
      ]
    },
    "NGA": {
      "text": "",
      "image": "chart_rows/page_025/row_008/cells/NGA.png",
      "image_tight": "chart_rows/page_025/row_008/cells/NGA_tight.png",
      "bbox_pdf": [
        474.3236999511719,
        405.06643129885197,
        585.5497436523438,
        447.3871218711138
      ],
      "bbox_px_page": [
        3293,
        2812,
        4066,
        3106
      ]
    },
    "OtherNGA": {
      "text": "clr cl 8.2 clr cl 8.2 clr op 20.0",
      "image": "chart_rows/page_025/row_008/cells/OtherNGA.png",
      "image_tight": "chart_rows/page_025/row_008/cells/OtherNGA_tight.png",
      "bbox_pdf": [
        585.5497436523438,
        405.06643129885197,
        669.9003596305847,
        447.3871218711138
      ],
      "bbox_px_page": [
        4066,
        2812,
        4652,
        3106
      ]
    },
    "ECDIS": {
      "text": "Opening bridge",
      "image": "chart_rows/page_025/row_008/cells/ECDIS.png",
      "image_tight": "chart_rows/page_025/row_008/cells/ECDIS_tight.png",
      "bbox_pdf": [
        669.9003596305847,
        405.06643129885197,
        755.734619140625,
        447.3871218711138
      ],
      "bbox_px_page": [
        4652,
        2812,
        5248,
        3106
      ]
    }
  }
}