{
  "id": "p062_r003",
  "page_number": 62,
  "row_index": 3,
  "no": "16",
  "row_text": "Single Buoy Mooring (SBM), Oil or gas installation buoy including Catenary Anchor Leg Mooring (CALM)",
  "row_image": "chart_rows/page_062/row_003/row.png",
  "cells": {
    "col_01": {
      "text": "16",
      "image": "chart_rows/page_062/row_003/cells/col_01.png",
      "image_tight": "chart_rows/page_062/row_003/cells/col_01_tight.png",
      "bbox_pdf": [
        36.07160186767578,
        155.92160034179688,
        66.97056174278259,
        200.74310302734375
      ],
      "bbox_px_page": [
        250,
        1082,
        465,
        1394
      ]
    },
    "col_02": {
      "text": "",
      "image": "chart_rows/page_062/row_003/cells/col_02.png",
      "image_tight": "chart_rows/page_062/row_003/cells/col_02_tight.png",
      "bbox_pdf": [
        66.97056174278259,
        155.92160034179688,
        191.8062746396463,
        200.74310302734375
      ],
      "bbox_px_page": [
        465,
        1082,
        1331,
        1394
      ]
    },
    "col_03": {
      "text": "Single Buoy Mooring (SBM), Oil or gas installation buoy including Catenary Anchor Leg Mooring (CALM)",
      "image": "chart_rows/page_062/row_003/cells/col_03.png",
      "image_tight": "chart_rows/page_062/row_003/cells/col_03_tight.png",
      "bbox_pdf": [
        191.8062746396463,
        155.92160034179688,
        302.6000061035156,
        200.74310302734375
      ],
      "bbox_px_page": [
        1331,
        1082,
        2101,
        1394
      ]
    },
    "col_04": {
      "text": "",
      "image": "chart_rows/page_062/row_003/cells/col_04.png",
      "image_tight": "chart_rows/page_062/row_003/cells/col_04_tight.png",
      "bbox_pdf": [
        302.6000061035156,
        155.92160034179688,
        381.01983642578125,
        200.74310302734375
      ],
      "bbox_px_page": [
        2101,
        1082,
        2645,
        1394
      ]
    },
    "col_05": {
      "text": "",
      "image": "chart_rows/page_062/row_003/cells/col_05.png",
      "image_tight": "chart_rows/page_062/row_003/cells/col_05_tight.png",
      "bbox_pdf": [
        381.01983642578125,
        155.92160034179688,
        456.3236999511719,
        200.74310302734375
      ],
      "bbox_px_page": [
        2645,
        1082,
        3168,
        1394
      ]
    },
    "col_06": {
      "text": "",
      "image": "chart_rows/page_062/row_003/cells/col_06.png",
      "image_tight": "chart_rows/page_062/row_003/cells/col_06_tight.png",
      "bbox_pdf": [
        456.3236999511719,
        155.92160034179688,
        566.1237182617188,
        200.74310302734375
      ],
      "bbox_px_page": [
        3168,
        1082,
        3931,
        1394
      ]
    },
    "col_07": {
      "text": "I m I c",
      "image": "chart_rows/page_062/row_003/cells/col_07.png",
      "image_tight": "chart_rows/page_062/row_003/cells/col_07_tight.png",
      "bbox_pdf": [
        566.1237182617188,
        155.92160034179688,
        651.9290771484375,
        200.74310302734375
      ],
      "bbox_px_page": [
        3931,
        1082,
        4527,
        1394
      ]
    },
    "col_08": {
      "text": "nstallation buoy and mooring buoy, simplified nstallation buoy, paper chart",
      "image": "chart_rows/page_062/row_003/cells/col_08.png",
      "image_tight": "chart_rows/page_062/row_003/cells/col_08_tight.png",
      "bbox_pdf": [
        651.9290771484375,
        155.92160034179688,
        737.734619140625,
        200.74310302734375
      ],
      "bbox_px_page": [
        4527,
        1082,
        5123,
        1394
      ]
    }
  }
}