{
  "id": "p044_r001",
  "page_number": 44,
  "row_index": 1,
  "no": "1",
  "row_text": "Sounding of low accuracy",
  "row_image": "chart_rows/page_044/row_001/row.png",
  "cells": {
    "No": {
      "text": "1",
      "image": "chart_rows/page_044/row_001/cells/No.png",
      "image_tight": "chart_rows/page_044/row_001/cells/No_tight.png",
      "bbox_pdf": [
        36.07160186767578,
        108.10629272460938,
        64.99938281575669,
        141.1787109375
      ],
      "bbox_px_page": [
        250,
        750,
        451,
        980
      ]
    },
    "INT": {
      "text": "ED",
      "image": "chart_rows/page_044/row_001/cells/INT.png",
      "image_tight": "chart_rows/page_044/row_001/cells/INT_tight.png",
      "bbox_pdf": [
        64.99938281575669,
        108.10629272460938,
        193.06974206492305,
        141.1787109375
      ],
      "bbox_px_page": [
        451,
        750,
        1340,
        980
      ]
    },
    "Description": {
      "text": "Existence doubtful",
      "image": "chart_rows/page_044/row_001/cells/Description.png",
      "image_tight": "chart_rows/page_044/row_001/cells/Description_tight.png",
      "bbox_pdf": [
        193.06974206492305,
        108.10629272460938,
        304.3567180633545,
        141.1787109375
      ],
      "bbox_px_page": [
        1340,
        750,
        2113,
        980
      ]
    },
    "NOAA": {
      "text": "",
      "image": "chart_rows/page_044/row_001/cells/NOAA.png",
      "image_tight": "chart_rows/page_044/row_001/cells/NOAA_tight.png",
      "bbox_pdf": [
        304.3567180633545,
        108.10629272460938,
        456.3229369148612,
        141.1787109375
      ],
      "bbox_px_page": [
        2113,
        750,
        3168,
        980
      ]
    },
    "NGA": {
      "text": "",
      "image": "chart_rows/page_044/row_001/cells/NGA.png",
      "image_tight": "chart_rows/page_044/row_001/cells/NGA_tight.png",
      "bbox_pdf": [
        456.3229369148612,
        108.10629272460938,
        567.7757158279419,
        141.1787109375
      ],
      "bbox_px_page": [
        3168,
        750,
        3942,
        980
      ]
    },
    "OtherNGA": {
      "text": "",
      "image": "chart_rows/page_044/row_001/cells/OtherNGA.png",
      "image_tight": "chart_rows/page_044/row_001/cells/OtherNGA_tight.png",
      "bbox_pdf": [
        567.7757158279419,
        108.10629272460938,
        651.92743146047,
        141.1787109375
      ],
      "bbox_px_page": [
        3942,
        750,
        4527,
        980
      ]
    },
    "ECDIS": {
      "text": "Sounding of low accuracy",
      "image": "chart_rows/page_044/row_001/cells/ECDIS.png",
      "image_tight": "chart_rows/page_044/row_001/cells/ECDIS_tight.png",
      "bbox_pdf": [
        651.92743146047,
        108.10629272460938,
        737.734619140625,
        141.1787109375
      ],
      "bbox_px_page": [
        4527,
        750,
        5123,
        980
      ]
    }
  }
}