{
  "id": "p022_r006",
  "page_number": 22,
  "row_index": 6,
  "no": "k",
  "row_text": "Tree plantation",
  "row_image": "chart_rows/page_022/row_006/row.png",
  "cells": {
    "col_01": {
      "text": "k",
      "image": "chart_rows/page_022/row_006/cells/col_01.png",
      "image_tight": "chart_rows/page_022/row_006/cells/col_01_tight.png",
      "bbox_pdf": [
        36.07160186767578,
        268.1781921386719,
        65.0,
        293.8245849609375
      ],
      "bbox_px_page": [
        250,
        1862,
        451,
        2040
      ]
    },
    "col_02": {
      "text": "",
      "image": "chart_rows/page_022/row_006/cells/col_02.png",
      "image_tight": "chart_rows/page_022/row_006/cells/col_02_tight.png",
      "bbox_pdf": [
        65.0,
        268.1781921386719,
        191.80630493164062,
        293.8245849609375
      ],
      "bbox_px_page": [
        451,
        1862,
        1331,
        2040
      ]
    },
    "col_03": {
      "text": "Tree plantation",
      "image": "chart_rows/page_022/row_006/cells/col_03.png",
      "image_tight": "chart_rows/page_022/row_006/cells/col_03_tight.png",
      "bbox_pdf": [
        191.80630493164062,
        268.1781921386719,
        304.19958686828613,
        293.8245849609375
      ],
      "bbox_px_page": [
        1331,
        1862,
        2112,
        2040
      ]
    },
    "col_04": {
      "text": "†",
      "image": "chart_rows/page_022/row_006/cells/col_04.png",
      "image_tight": "chart_rows/page_022/row_006/cells/col_04_tight.png",
      "bbox_pdf": [
        304.19958686828613,
        268.1781921386719,
        456.3236818741643,
        293.8245849609375
      ],
      "bbox_px_page": [
        2112,
        1862,
        3168,
        2040
      ]
    },
    "col_05": {
      "text": "",
      "image": "chart_rows/page_022/row_006/cells/col_05.png",
      "image_tight": "chart_rows/page_022/row_006/cells/col_05_tight.png",
      "bbox_pdf": [
        456.3236818741643,
        268.1781921386719,
        566.1237182617188,
        293.8245849609375
      ],
      "bbox_px_page": [
        3168,
        1862,
        3931,
        2040
      ]
    },
    "col_06": {
      "text": "",
      "image": "chart_rows/page_022/row_006/cells/col_06.png",
      "image_tight": "chart_rows/page_022/row_006/cells/col_06_tight.png",
      "bbox_pdf": [
        566.1237182617188,
        268.1781921386719,
        737.734619140625,
        293.8245849609375
      ],
      "bbox_px_page": [
        3931,
        1862,
        5123,
        2040
      ]
    }
  }
}