{
  "id": "p049_r012",
  "page_number": 49,
  "row_index": 12,
  "no": "oe",
  "row_text": "Lava",
  "row_image": "chart_rows/page_049/row_012/row.png",
  "cells": {
    "No": {
      "text": "oe",
      "image": "chart_rows/page_049/row_012/cells/No.png",
      "image_tight": "chart_rows/page_049/row_012/cells/No_tight.png",
      "bbox_pdf": [
        54.07160186767578,
        321.79400634765625,
        82.99796140193939,
        341.36639404296875
      ],
      "bbox_px_page": [
        375,
        2234,
        576,
        2370
      ]
    },
    "INT": {
      "text": "",
      "image": "chart_rows/page_049/row_012/cells/INT.png",
      "image_tight": "chart_rows/page_049/row_012/cells/INT_tight.png",
      "bbox_pdf": [
        82.99796140193939,
        321.79400634765625,
        211.40581703186035,
        341.36639404296875
      ],
      "bbox_px_page": [
        576,
        2234,
        1468,
        2370
      ]
    },
    "Description": {
      "text": "CS",
      "image": "chart_rows/page_049/row_012/cells/Description.png",
      "image_tight": "chart_rows/page_049/row_012/cells/Description_tight.png",
      "bbox_pdf": [
        211.40581703186035,
        321.79400634765625,
        320.6000061035156,
        341.36639404296875
      ],
      "bbox_px_page": [
        1468,
        2234,
        2226,
        2370
      ]
    },
    "NOAA": {
      "text": "",
      "image": "chart_rows/page_049/row_012/cells/NOAA.png",
      "image_tight": "chart_rows/page_049/row_012/cells/NOAA_tight.png",
      "bbox_pdf": [
        320.6000061035156,
        321.79400634765625,
        474.3236999511719,
        341.36639404296875
      ],
      "bbox_px_page": [
        2226,
        2234,
        3293,
        2370
      ]
    },
    "NGA": {
      "text": "",
      "image": "chart_rows/page_049/row_012/cells/NGA.png",
      "image_tight": "chart_rows/page_049/row_012/cells/NGA_tight.png",
      "bbox_pdf": [
        474.3236999511719,
        321.79400634765625,
        585.5497436523438,
        341.36639404296875
      ],
      "bbox_px_page": [
        3293,
        2234,
        4066,
        2370
      ]
    },
    "OtherNGA": {
      "text": "R",
      "image": "chart_rows/page_049/row_012/cells/OtherNGA.png",
      "image_tight": "chart_rows/page_049/row_012/cells/OtherNGA_tight.png",
      "bbox_pdf": [
        585.5497436523438,
        321.79400634765625,
        669.9003596305847,
        341.36639404296875
      ],
      "bbox_px_page": [
        4066,
        2234,
        4652,
        2370
      ]
    },
    "ECDIS": {
      "text": "Lava",
      "image": "chart_rows/page_049/row_012/cells/ECDIS.png",
      "image_tight": "chart_rows/page_049/row_012/cells/ECDIS_tight.png",
      "bbox_pdf": [
        669.9003596305847,
        321.79400634765625,
        755.734619140625,
        341.36639404296875
      ],
      "bbox_px_page": [
        4652,
        2234,
        5248,
        2370
      ]
    }
  }
}