{
  "id": "p022_r012",
  "page_number": 22,
  "row_index": 12,
  "no": "q",
  "row_text": "Vegetation or topographic (Feature Area Limit-in general)",
  "row_image": "chart_rows/page_022/row_012/row.png",
  "cells": {
    "col_01": {
      "text": "q",
      "image": "chart_rows/page_022/row_012/cells/col_01.png",
      "image_tight": "chart_rows/page_022/row_012/cells/col_01_tight.png",
      "bbox_pdf": [
        36.07160186767578,
        429.256591796875,
        65.0,
        462.1029968261719
      ],
      "bbox_px_page": [
        250,
        2980,
        451,
        3209
      ]
    },
    "col_02": {
      "text": "",
      "image": "chart_rows/page_022/row_012/cells/col_02.png",
      "image_tight": "chart_rows/page_022/row_012/cells/col_02_tight.png",
      "bbox_pdf": [
        65.0,
        429.256591796875,
        191.80630493164062,
        462.1029968261719
      ],
      "bbox_px_page": [
        451,
        2980,
        1331,
        3209
      ]
    },
    "col_03": {
      "text": "Vegetation or topographic (Feature Area Limit-in general)",
      "image": "chart_rows/page_022/row_012/cells/col_03.png",
      "image_tight": "chart_rows/page_022/row_012/cells/col_03_tight.png",
      "bbox_pdf": [
        191.80630493164062,
        429.256591796875,
        304.19958686828613,
        462.1029968261719
      ],
      "bbox_px_page": [
        1331,
        2980,
        2112,
        3209
      ]
    },
    "col_04": {
      "text": "",
      "image": "chart_rows/page_022/row_012/cells/col_04.png",
      "image_tight": "chart_rows/page_022/row_012/cells/col_04_tight.png",
      "bbox_pdf": [
        304.19958686828613,
        429.256591796875,
        456.3236818741643,
        462.1029968261719
      ],
      "bbox_px_page": [
        2112,
        2980,
        3168,
        3209
      ]
    },
    "col_05": {
      "text": "",
      "image": "chart_rows/page_022/row_012/cells/col_05.png",
      "image_tight": "chart_rows/page_022/row_012/cells/col_05_tight.png",
      "bbox_pdf": [
        456.3236818741643,
        429.256591796875,
        566.1237182617188,
        462.1029968261719
      ],
      "bbox_px_page": [
        3168,
        2980,
        3931,
        3209
      ]
    },
    "col_06": {
      "text": "",
      "image": "chart_rows/page_022/row_012/cells/col_06.png",
      "image_tight": "chart_rows/page_022/row_012/cells/col_06_tight.png",
      "bbox_pdf": [
        566.1237182617188,
        429.256591796875,
        737.734619140625,
        462.1029968261719
      ],
      "bbox_px_page": [
        3931,
        2980,
        5123,
        3209
      ]
    }
  }
}