{
  "id": "p040_r010",
  "page_number": 40,
  "row_index": 10,
  "no": "11",
  "row_text": "j CRD Columbia River Datum",
  "row_image": "chart_rows/page_040/row_010/row.png",
  "cells": {
    "col_01": {
      "text": "11",
      "image": "chart_rows/page_040/row_010/cells/col_01.png",
      "image_tight": "chart_rows/page_040/row_010/cells/col_01_tight.png",
      "bbox_pdf": [
        36.07099914550781,
        310.25589752197266,
        99.07099914550781,
        330.05590057373047
      ],
      "bbox_px_page": [
        250,
        2154,
        687,
        2292
      ]
    },
    "col_02": {
      "text": "MHWN",
      "image": "chart_rows/page_040/row_010/cells/col_02.png",
      "image_tight": "chart_rows/page_040/row_010/cells/col_02_tight.png",
      "bbox_pdf": [
        99.07099914550781,
        310.25589752197266,
        184.5709991455078,
        330.05590057373047
      ],
      "bbox_px_page": [
        687,
        2154,
        1281,
        2292
      ]
    },
    "col_03": {
      "text": "Mean High Water Neaps",
      "image": "chart_rows/page_040/row_010/cells/col_03.png",
      "image_tight": "chart_rows/page_040/row_010/cells/col_03_tight.png",
      "bbox_pdf": [
        184.5709991455078,
        310.25589752197266,
        364.5710144042969,
        330.05590057373047
      ],
      "bbox_px_page": [
        1281,
        2154,
        2531,
        2292
      ]
    },
    "col_04": {
      "text": "",
      "image": "chart_rows/page_040/row_010/cells/col_04.png",
      "image_tight": "chart_rows/page_040/row_010/cells/col_04_tight.png",
      "bbox_pdf": [
        364.5710144042969,
        310.25589752197266,
        387.0708923339844,
        330.05590057373047
      ],
      "bbox_px_page": [
        2531,
        2154,
        2687,
        2292
      ]
    },
    "col_05": {
      "text": "j CRD Columbia River Datum",
      "image": "chart_rows/page_040/row_010/cells/col_05.png",
      "image_tight": "chart_rows/page_040/row_010/cells/col_05_tight.png",
      "bbox_pdf": [
        387.0708923339844,
        310.25589752197266,
        738.0709228515625,
        330.05590057373047
      ],
      "bbox_px_page": [
        2687,
        2154,
        5125,
        2292
      ]
    }
  }
}