{
  "id": "p030_r001",
  "page_number": 30,
  "row_index": 1,
  "no": "17",
  "row_text": "Mosque or minaret",
  "row_image": "chart_rows/page_030/row_001/row.png",
  "cells": {
    "col_01": {
      "text": "17",
      "image": "chart_rows/page_030/row_001/cells/col_01.png",
      "image_tight": "chart_rows/page_030/row_001/cells/col_01_tight.png",
      "bbox_pdf": [
        36.07160186767578,
        90.0709228515625,
        66.83821793145034,
        126.04141235351562
      ],
      "bbox_px_page": [
        250,
        625,
        464,
        875
      ]
    },
    "col_02": {
      "text": "",
      "image": "chart_rows/page_030/row_001/cells/col_02.png",
      "image_tight": "chart_rows/page_030/row_001/cells/col_02_tight.png",
      "bbox_pdf": [
        66.83821793145034,
        90.0709228515625,
        128.35996961593628,
        126.04141235351562
      ],
      "bbox_px_page": [
        464,
        625,
        891,
        875
      ]
    },
    "col_03": {
      "text": "",
      "image": "chart_rows/page_030/row_001/cells/col_03.png",
      "image_tight": "chart_rows/page_030/row_001/cells/col_03_tight.png",
      "bbox_pdf": [
        128.35996961593628,
        90.0709228515625,
        192.74342723796144,
        126.04141235351562
      ],
      "bbox_px_page": [
        891,
        625,
        1338,
        875
      ]
    },
    "col_04": {
      "text": "Mosque, Minaret",
      "image": "chart_rows/page_030/row_001/cells/col_04.png",
      "image_tight": "chart_rows/page_030/row_001/cells/col_04_tight.png",
      "bbox_pdf": [
        192.74342723796144,
        90.0709228515625,
        302.6000061035156,
        126.04141235351562
      ],
      "bbox_px_page": [
        1338,
        625,
        2101,
        875
      ]
    },
    "col_05": {
      "text": "",
      "image": "chart_rows/page_030/row_001/cells/col_05.png",
      "image_tight": "chart_rows/page_030/row_001/cells/col_05_tight.png",
      "bbox_pdf": [
        302.6000061035156,
        90.0709228515625,
        456.3236999511719,
        126.04141235351562
      ],
      "bbox_px_page": [
        2101,
        625,
        3168,
        875
      ]
    },
    "col_06": {
      "text": "",
      "image": "chart_rows/page_030/row_001/cells/col_06.png",
      "image_tight": "chart_rows/page_030/row_001/cells/col_06_tight.png",
      "bbox_pdf": [
        456.3236999511719,
        90.0709228515625,
        567.5356597900391,
        126.04141235351562
      ],
      "bbox_px_page": [
        3168,
        625,
        3941,
        875
      ]
    },
    "col_07": {
      "text": "",
      "image": "chart_rows/page_030/row_001/cells/col_07.png",
      "image_tight": "chart_rows/page_030/row_001/cells/col_07_tight.png",
      "bbox_pdf": [
        567.5356597900391,
        90.0709228515625,
        651.9163010418415,
        126.04141235351562
      ],
      "bbox_px_page": [
        3941,
        625,
        4527,
        875
      ]
    },
    "col_08": {
      "text": "Mosque or minaret",
      "image": "chart_rows/page_030/row_001/cells/col_08.png",
      "image_tight": "chart_rows/page_030/row_001/cells/col_08_tight.png",
      "bbox_pdf": [
        651.9163010418415,
        90.0709228515625,
        737.734619140625,
        126.04141235351562
      ],
      "bbox_px_page": [
        4527,
        625,
        5123,
        875
      ]
    }
  }
}