{
  "id": "p023_r013",
  "page_number": 23,
  "row_index": 13,
  "no": "11",
  "row_text": "Road (hard surfaced)",
  "row_image": "chart_rows/page_023/row_013/row.png",
  "cells": {
    "col_01": {
      "text": "11",
      "image": "chart_rows/page_023/row_013/cells/col_01.png",
      "image_tight": "chart_rows/page_023/row_013/cells/col_01_tight.png",
      "bbox_pdf": [
        54.07160186767578,
        496.1424105167389,
        83.0,
        515.8262939453125
      ],
      "bbox_px_page": [
        375,
        3445,
        576,
        3582
      ]
    },
    "col_02": {
      "text": "",
      "image": "chart_rows/page_023/row_013/cells/col_02.png",
      "image_tight": "chart_rows/page_023/row_013/cells/col_02_tight.png",
      "bbox_pdf": [
        83.0,
        496.1424105167389,
        148.33418422937393,
        515.8262939453125
      ],
      "bbox_px_page": [
        576,
        3445,
        1030,
        3582
      ]
    },
    "col_03": {
      "text": "",
      "image": "chart_rows/page_023/row_013/cells/col_03.png",
      "image_tight": "chart_rows/page_023/row_013/cells/col_03_tight.png",
      "bbox_pdf": [
        148.33418422937393,
        496.1424105167389,
        209.80630493164062,
        515.8262939453125
      ],
      "bbox_px_page": [
        1030,
        3445,
        1456,
        3582
      ]
    },
    "col_04": {
      "text": "Road (hard surfaced)",
      "image": "chart_rows/page_023/row_013/cells/col_04.png",
      "image_tight": "chart_rows/page_023/row_013/cells/col_04_tight.png",
      "bbox_pdf": [
        209.80630493164062,
        496.1424105167389,
        320.6000061035156,
        515.8262939453125
      ],
      "bbox_px_page": [
        1456,
        3445,
        2226,
        3582
      ]
    },
    "col_05": {
      "text": "",
      "image": "chart_rows/page_023/row_013/cells/col_05.png",
      "image_tight": "chart_rows/page_023/row_013/cells/col_05_tight.png",
      "bbox_pdf": [
        320.6000061035156,
        496.1424105167389,
        474.3236999511719,
        515.8262939453125
      ],
      "bbox_px_page": [
        2226,
        3445,
        3293,
        3582
      ]
    },
    "col_06": {
      "text": "",
      "image": "chart_rows/page_023/row_013/cells/col_06.png",
      "image_tight": "chart_rows/page_023/row_013/cells/col_06_tight.png",
      "bbox_pdf": [
        474.3236999511719,
        496.1424105167389,
        585.386962890625,
        515.8262939453125
      ],
      "bbox_px_page": [
        3293,
        3445,
        4065,
        3582
      ]
    },
    "col_07": {
      "text": "",
      "image": "chart_rows/page_023/row_013/cells/col_07.png",
      "image_tight": "chart_rows/page_023/row_013/cells/col_07_tight.png",
      "bbox_pdf": [
        585.386962890625,
        496.1424105167389,
        669.9257489442825,
        515.8262939453125
      ],
      "bbox_px_page": [
        4065,
        3445,
        4652,
        3582
      ]
    },
    "col_08": {
      "text": "",
      "image": "chart_rows/page_023/row_013/cells/col_08.png",
      "image_tight": "chart_rows/page_023/row_013/cells/col_08_tight.png",
      "bbox_pdf": [
        669.9257489442825,
        496.1424105167389,
        755.734619140625,
        515.8262939453125
      ],
      "bbox_px_page": [
        4652,
        3445,
        5248,
        3582
      ]
    }
  }
}