{
  "id": "p036_r009",
  "page_number": 36,
  "row_index": 9,
  "no": "34",
  "row_text": "Hk Hk",
  "row_image": "chart_rows/page_036/row_009/row.png",
  "cells": {
    "col_01": {
      "text": "34",
      "image": "chart_rows/page_036/row_009/cells/col_01.png",
      "image_tight": "chart_rows/page_036/row_009/cells/col_01_tight.png",
      "bbox_pdf": [
        36.07160186767578,
        469.92388916015625,
        66.83821793145034,
        500.3338928222656
      ],
      "bbox_px_page": [
        250,
        3263,
        464,
        3474
      ]
    },
    "col_02": {
      "text": "",
      "image": "chart_rows/page_036/row_009/cells/col_02.png",
      "image_tight": "chart_rows/page_036/row_009/cells/col_02_tight.png",
      "bbox_pdf": [
        66.83821793145034,
        469.92388916015625,
        128.35996961593628,
        500.3338928222656
      ],
      "bbox_px_page": [
        464,
        3263,
        891,
        3474
      ]
    },
    "col_03": {
      "text": "",
      "image": "chart_rows/page_036/row_009/cells/col_03.png",
      "image_tight": "chart_rows/page_036/row_009/cells/col_03_tight.png",
      "bbox_pdf": [
        128.35996961593628,
        469.92388916015625,
        192.74342723796144,
        500.3338928222656
      ],
      "bbox_px_page": [
        891,
        3263,
        1338,
        3474
      ]
    },
    "col_04": {
      "text": "Hulk",
      "image": "chart_rows/page_036/row_009/cells/col_04.png",
      "image_tight": "chart_rows/page_036/row_009/cells/col_04_tight.png",
      "bbox_pdf": [
        192.74342723796144,
        469.92388916015625,
        302.6000061035156,
        500.3338928222656
      ],
      "bbox_px_page": [
        1338,
        3263,
        2101,
        3474
      ]
    },
    "col_05": {
      "text": "Hk Hk",
      "image": "chart_rows/page_036/row_009/cells/col_05.png",
      "image_tight": "chart_rows/page_036/row_009/cells/col_05_tight.png",
      "bbox_pdf": [
        302.6000061035156,
        469.92388916015625,
        456.3236999511719,
        500.3338928222656
      ],
      "bbox_px_page": [
        2101,
        3263,
        3168,
        3474
      ]
    },
    "col_06": {
      "text": "",
      "image": "chart_rows/page_036/row_009/cells/col_06.png",
      "image_tight": "chart_rows/page_036/row_009/cells/col_06_tight.png",
      "bbox_pdf": [
        456.3236999511719,
        469.92388916015625,
        567.5356597900391,
        500.3338928222656
      ],
      "bbox_px_page": [
        3168,
        3263,
        3941,
        3474
      ]
    },
    "col_07": {
      "text": "",
      "image": "chart_rows/page_036/row_009/cells/col_07.png",
      "image_tight": "chart_rows/page_036/row_009/cells/col_07_tight.png",
      "bbox_pdf": [
        567.5356597900391,
        469.92388916015625,
        651.9163010418415,
        500.3338928222656
      ],
      "bbox_px_page": [
        3941,
        3263,
        4527,
        3474
      ]
    },
    "col_08": {
      "text": "Hulk",
      "image": "chart_rows/page_036/row_009/cells/col_08.png",
      "image_tight": "chart_rows/page_036/row_009/cells/col_08_tight.png",
      "bbox_pdf": [
        651.9163010418415,
        469.92388916015625,
        737.734619140625,
        500.3338928222656
      ],
      "bbox_px_page": [
        4527,
        3263,
        5123,
        3474
      ]
    }
  }
}