{
  "id": "p042_r006",
  "page_number": 42,
  "row_index": 6,
  "no": "41",
  "row_text": "Ebb stream, rate at spring tides Current or tidal stream whose direction is not known Boundary of an area for which there is tidal information",
  "row_image": "chart_rows/page_042/row_006/row.png",
  "cells": {
    "col_01": {
      "text": "41",
      "image": "chart_rows/page_042/row_006/cells/col_01.png",
      "image_tight": "chart_rows/page_042/row_006/cells/col_01_tight.png",
      "bbox_pdf": [
        36.07160186767578,
        408.96002197265625,
        66.97056174278259,
        531.2883911132812
      ],
      "bbox_px_page": [
        250,
        2840,
        465,
        3689
      ]
    },
    "col_02": {
      "text": "2.8 kn",
      "image": "chart_rows/page_042/row_006/cells/col_02.png",
      "image_tight": "chart_rows/page_042/row_006/cells/col_02_tight.png",
      "bbox_pdf": [
        66.97056174278259,
        408.96002197265625,
        191.8062746396463,
        531.2883911132812
      ],
      "bbox_px_page": [
        465,
        2840,
        1331,
        3689
      ]
    },
    "col_03": {
      "text": "Ebb tide stream with mean spring rate",
      "image": "chart_rows/page_042/row_006/cells/col_03.png",
      "image_tight": "chart_rows/page_042/row_006/cells/col_03_tight.png",
      "bbox_pdf": [
        191.8062746396463,
        408.96002197265625,
        302.6000061035156,
        531.2883911132812
      ],
      "bbox_px_page": [
        1331,
        2840,
        2101,
        3689
      ]
    },
    "col_04": {
      "text": "",
      "image": "chart_rows/page_042/row_006/cells/col_04.png",
      "image_tight": "chart_rows/page_042/row_006/cells/col_04_tight.png",
      "bbox_pdf": [
        302.6000061035156,
        408.96002197265625,
        381.01983642578125,
        531.2883911132812
      ],
      "bbox_px_page": [
        2101,
        2840,
        2645,
        3689
      ]
    },
    "col_05": {
      "text": "",
      "image": "chart_rows/page_042/row_006/cells/col_05.png",
      "image_tight": "chart_rows/page_042/row_006/cells/col_05_tight.png",
      "bbox_pdf": [
        381.01983642578125,
        408.96002197265625,
        456.3236999511719,
        531.2883911132812
      ],
      "bbox_px_page": [
        2645,
        2840,
        3168,
        3689
      ]
    },
    "col_06": {
      "text": "",
      "image": "chart_rows/page_042/row_006/cells/col_06.png",
      "image_tight": "chart_rows/page_042/row_006/cells/col_06_tight.png",
      "bbox_pdf": [
        456.3236999511719,
        408.96002197265625,
        566.1237182617188,
        531.2883911132812
      ],
      "bbox_px_page": [
        3168,
        2840,
        3931,
        3689
      ]
    },
    "col_07": {
      "text": "2.5 kn",
      "image": "chart_rows/page_042/row_006/cells/col_07.png",
      "image_tight": "chart_rows/page_042/row_006/cells/col_07_tight.png",
      "bbox_pdf": [
        566.1237182617188,
        408.96002197265625,
        651.9290771484375,
        531.2883911132812
      ],
      "bbox_px_page": [
        3931,
        2840,
        4527,
        3689
      ]
    },
    "col_08": {
      "text": "Ebb stream, rate at spring tides Current or tidal stream whose direction is not known Boundary of an area for which there is tidal information",
      "image": "chart_rows/page_042/row_006/cells/col_08.png",
      "image_tight": "chart_rows/page_042/row_006/cells/col_08_tight.png",
      "bbox_pdf": [
        651.9290771484375,
        408.96002197265625,
        737.734619140625,
        531.2883911132812
      ],
      "bbox_px_page": [
        4527,
        2840,
        5123,
        3689
      ]
    }
  }
}