{
  "id": "p049_r016",
  "page_number": 49,
  "row_index": 16,
  "no": "12.2",
  "row_text": "The main constituent is given first for mixtures, e.g. fine sand with mud and shells",
  "row_image": "chart_rows/page_049/row_016/row.png",
  "cells": {
    "No": {
      "text": "12.2",
      "image": "chart_rows/page_049/row_016/cells/No.png",
      "image_tight": "chart_rows/page_049/row_016/cells/No_tight.png",
      "bbox_pdf": [
        54.07160186767578,
        400.08349609375,
        82.99796140193939,
        432.3106994628906
      ],
      "bbox_px_page": [
        375,
        2778,
        576,
        3002
      ]
    },
    "INT": {
      "text": "fS M Sh fS.M.Sh",
      "image": "chart_rows/page_049/row_016/cells/INT.png",
      "image_tight": "chart_rows/page_049/row_016/cells/INT_tight.png",
      "bbox_pdf": [
        82.99796140193939,
        400.08349609375,
        211.40581703186035,
        432.3106994628906
      ],
      "bbox_px_page": [
        576,
        2778,
        1468,
        3002
      ]
    },
    "Description": {
      "text": "The main constituent is given first for mixtures, e.g. fine sand with mud and shells",
      "image": "chart_rows/page_049/row_016/cells/Description.png",
      "image_tight": "chart_rows/page_049/row_016/cells/Description_tight.png",
      "bbox_pdf": [
        211.40581703186035,
        400.08349609375,
        320.6000061035156,
        432.3106994628906
      ],
      "bbox_px_page": [
        1468,
        2778,
        2226,
        3002
      ]
    },
    "NOAA": {
      "text": "f S M Sh",
      "image": "chart_rows/page_049/row_016/cells/NOAA.png",
      "image_tight": "chart_rows/page_049/row_016/cells/NOAA_tight.png",
      "bbox_pdf": [
        320.6000061035156,
        400.08349609375,
        474.3236999511719,
        432.3106994628906
      ],
      "bbox_px_page": [
        2226,
        2778,
        3293,
        3002
      ]
    },
    "NGA": {
      "text": "",
      "image": "chart_rows/page_049/row_016/cells/NGA.png",
      "image_tight": "chart_rows/page_049/row_016/cells/NGA_tight.png",
      "bbox_pdf": [
        474.3236999511719,
        400.08349609375,
        585.5497436523438,
        432.3106994628906
      ],
      "bbox_px_page": [
        3293,
        2778,
        4066,
        3002
      ]
    },
    "OtherNGA": {
      "text": "",
      "image": "chart_rows/page_049/row_016/cells/OtherNGA.png",
      "image_tight": "chart_rows/page_049/row_016/cells/OtherNGA_tight.png",
      "bbox_pdf": [
        585.5497436523438,
        400.08349609375,
        669.9003596305847,
        432.3106994628906
      ],
      "bbox_px_page": [
        4066,
        2778,
        4652,
        3002
      ]
    },
    "ECDIS": {
      "text": "",
      "image": "chart_rows/page_049/row_016/cells/ECDIS.png",
      "image_tight": "chart_rows/page_049/row_016/cells/ECDIS_tight.png",
      "bbox_pdf": [
        669.9003596305847,
        400.08349609375,
        755.734619140625,
        432.3106994628906
      ],
      "bbox_px_page": [
        4652,
        2778,
        5248,
        3002
      ]
    }
  }
}