{
  "id": "p056_r004",
  "page_number": 56,
  "row_index": 4,
  "no": "25",
  "row_text": "Wreck of which the mast(s) only are visible at chart datum",
  "row_image": "chart_rows/page_056/row_004/row.png",
  "cells": {
    "col_01": {
      "text": "25",
      "image": "chart_rows/page_056/row_004/cells/col_01.png",
      "image_tight": "chart_rows/page_056/row_004/cells/col_01_tight.png",
      "bbox_pdf": [
        36.07160186767578,
        306.0701904296875,
        66.97056174278259,
        333.0701904296875
      ],
      "bbox_px_page": [
        250,
        2125,
        465,
        2312
      ]
    },
    "col_02": {
      "text": "",
      "image": "chart_rows/page_056/row_004/cells/col_02.png",
      "image_tight": "chart_rows/page_056/row_004/cells/col_02_tight.png",
      "bbox_pdf": [
        66.97056174278259,
        306.0701904296875,
        191.8062746396463,
        333.0701904296875
      ],
      "bbox_px_page": [
        465,
        2125,
        1331,
        2312
      ]
    },
    "col_03": {
      "text": "Wreck of which the mast(s) only are visible at chart datum",
      "image": "chart_rows/page_056/row_004/cells/col_03.png",
      "image_tight": "chart_rows/page_056/row_004/cells/col_03_tight.png",
      "bbox_pdf": [
        191.8062746396463,
        306.0701904296875,
        302.6000061035156,
        333.0701904296875
      ],
      "bbox_px_page": [
        1331,
        2125,
        2101,
        2312
      ]
    },
    "col_04": {
      "text": "Masts",
      "image": "chart_rows/page_056/row_004/cells/col_04.png",
      "image_tight": "chart_rows/page_056/row_004/cells/col_04_tight.png",
      "bbox_pdf": [
        302.6000061035156,
        306.0701904296875,
        381.01983642578125,
        333.0701904296875
      ],
      "bbox_px_page": [
        2101,
        2125,
        2645,
        2312
      ]
    },
    "col_05": {
      "text": "Mast (10ft) Funnel",
      "image": "chart_rows/page_056/row_004/cells/col_05.png",
      "image_tight": "chart_rows/page_056/row_004/cells/col_05_tight.png",
      "bbox_pdf": [
        381.01983642578125,
        306.0701904296875,
        456.3236999511719,
        333.0701904296875
      ],
      "bbox_px_page": [
        2645,
        2125,
        3168,
        2312
      ]
    },
    "col_06": {
      "text": "",
      "image": "chart_rows/page_056/row_004/cells/col_06.png",
      "image_tight": "chart_rows/page_056/row_004/cells/col_06_tight.png",
      "bbox_pdf": [
        456.3236999511719,
        306.0701904296875,
        566.1237182617188,
        333.0701904296875
      ],
      "bbox_px_page": [
        3168,
        2125,
        3931,
        2312
      ]
    },
    "col_07": {
      "text": "",
      "image": "chart_rows/page_056/row_004/cells/col_07.png",
      "image_tight": "chart_rows/page_056/row_004/cells/col_07_tight.png",
      "bbox_pdf": [
        566.1237182617188,
        306.0701904296875,
        651.9290771484375,
        333.0701904296875
      ],
      "bbox_px_page": [
        3931,
        2125,
        4527,
        2312
      ]
    },
    "col_08": {
      "text": "of chart datum",
      "image": "chart_rows/page_056/row_004/cells/col_08.png",
      "image_tight": "chart_rows/page_056/row_004/cells/col_08_tight.png",
      "bbox_pdf": [
        651.9290771484375,
        306.0701904296875,
        737.734619140625,
        333.0701904296875
      ],
      "bbox_px_page": [
        4527,
        2125,
        5123,
        2312
      ]
    }
  }
}