{
  "id": "p064_r007",
  "page_number": 64,
  "row_index": 7,
  "no": "a",
  "row_text": "Submerged well (buoyed)",
  "row_image": "chart_rows/page_064/row_007/row.png",
  "cells": {
    "No": {
      "text": "a",
      "image": "chart_rows/page_064/row_007/cells/No.png",
      "image_tight": "chart_rows/page_064/row_007/cells/No_tight.png",
      "bbox_pdf": [
        36.07160186767578,
        412.33798959851265,
        64.99938281575669,
        446.5946044921875
      ],
      "bbox_px_page": [
        250,
        2863,
        451,
        3101
      ]
    },
    "INT": {
      "text": "",
      "image": "chart_rows/page_064/row_007/cells/INT.png",
      "image_tight": "chart_rows/page_064/row_007/cells/INT_tight.png",
      "bbox_pdf": [
        64.99938281575669,
        412.33798959851265,
        193.06974206492305,
        446.5946044921875
      ],
      "bbox_px_page": [
        451,
        2863,
        1340,
        3101
      ]
    },
    "Description": {
      "text": "Submerged well (buoyed)",
      "image": "chart_rows/page_064/row_007/cells/Description.png",
      "image_tight": "chart_rows/page_064/row_007/cells/Description_tight.png",
      "bbox_pdf": [
        193.06974206492305,
        412.33798959851265,
        304.3567180633545,
        446.5946044921875
      ],
      "bbox_px_page": [
        1340,
        2863,
        2113,
        3101
      ]
    },
    "NOAA": {
      "text": "Well Well Well",
      "image": "chart_rows/page_064/row_007/cells/NOAA.png",
      "image_tight": "chart_rows/page_064/row_007/cells/NOAA_tight.png",
      "bbox_pdf": [
        304.3567180633545,
        412.33798959851265,
        456.3229369148612,
        446.5946044921875
      ],
      "bbox_px_page": [
        2113,
        2863,
        3168,
        3101
      ]
    },
    "NGA": {
      "text": "",
      "image": "chart_rows/page_064/row_007/cells/NGA.png",
      "image_tight": "chart_rows/page_064/row_007/cells/NGA_tight.png",
      "bbox_pdf": [
        456.3229369148612,
        412.33798959851265,
        567.7757158279419,
        446.5946044921875
      ],
      "bbox_px_page": [
        3168,
        2863,
        3942,
        3101
      ]
    },
    "OtherNGA": {
      "text": "",
      "image": "chart_rows/page_064/row_007/cells/OtherNGA.png",
      "image_tight": "chart_rows/page_064/row_007/cells/OtherNGA_tight.png",
      "bbox_pdf": [
        567.7757158279419,
        412.33798959851265,
        651.92743146047,
        446.5946044921875
      ],
      "bbox_px_page": [
        3942,
        2863,
        4527,
        3101
      ]
    },
    "ECDIS": {
      "text": "",
      "image": "chart_rows/page_064/row_007/cells/ECDIS.png",
      "image_tight": "chart_rows/page_064/row_007/cells/ECDIS_tight.png",
      "bbox_pdf": [
        651.92743146047,
        412.33798959851265,
        737.734619140625,
        446.5946044921875
      ],
      "bbox_px_page": [
        4527,
        2863,
        5123,
        3101
      ]
    }
  }
}