{
  "id": "p037_r006",
  "page_number": 37,
  "row_index": 6,
  "no": "43",
  "row_text": "Non-navigable lock gate Flood barrage as a line Flood barrage as an area",
  "row_image": "chart_rows/page_037/row_006/row.png",
  "cells": {
    "col_01": {
      "text": "43",
      "image": "chart_rows/page_037/row_006/cells/col_01.png",
      "image_tight": "chart_rows/page_037/row_006/cells/col_01_tight.png",
      "bbox_pdf": [
        54.07160186767578,
        392.99485778808594,
        83.0,
        486.1192419771105
      ],
      "bbox_px_page": [
        375,
        2729,
        576,
        3375
      ]
    },
    "col_02": {
      "text": "",
      "image": "chart_rows/page_037/row_006/cells/col_02.png",
      "image_tight": "chart_rows/page_037/row_006/cells/col_02_tight.png",
      "bbox_pdf": [
        83.0,
        392.99485778808594,
        148.33418422937393,
        486.1192419771105
      ],
      "bbox_px_page": [
        576,
        2729,
        1030,
        3375
      ]
    },
    "col_03": {
      "text": "",
      "image": "chart_rows/page_037/row_006/cells/col_03.png",
      "image_tight": "chart_rows/page_037/row_006/cells/col_03_tight.png",
      "bbox_pdf": [
        148.33418422937393,
        392.99485778808594,
        209.80630493164062,
        486.1192419771105
      ],
      "bbox_px_page": [
        1030,
        2729,
        1456,
        3375
      ]
    },
    "col_04": {
      "text": "Flood barrage",
      "image": "chart_rows/page_037/row_006/cells/col_04.png",
      "image_tight": "chart_rows/page_037/row_006/cells/col_04_tight.png",
      "bbox_pdf": [
        209.80630493164062,
        392.99485778808594,
        320.6000061035156,
        486.1192419771105
      ],
      "bbox_px_page": [
        1456,
        2729,
        2226,
        3375
      ]
    },
    "col_05": {
      "text": "",
      "image": "chart_rows/page_037/row_006/cells/col_05.png",
      "image_tight": "chart_rows/page_037/row_006/cells/col_05_tight.png",
      "bbox_pdf": [
        320.6000061035156,
        392.99485778808594,
        474.3236999511719,
        486.1192419771105
      ],
      "bbox_px_page": [
        2226,
        2729,
        3293,
        3375
      ]
    },
    "col_06": {
      "text": "",
      "image": "chart_rows/page_037/row_006/cells/col_06.png",
      "image_tight": "chart_rows/page_037/row_006/cells/col_06_tight.png",
      "bbox_pdf": [
        474.3236999511719,
        392.99485778808594,
        585.386962890625,
        486.1192419771105
      ],
      "bbox_px_page": [
        3293,
        2729,
        4065,
        3375
      ]
    },
    "col_07": {
      "text": "",
      "image": "chart_rows/page_037/row_006/cells/col_07.png",
      "image_tight": "chart_rows/page_037/row_006/cells/col_07_tight.png",
      "bbox_pdf": [
        585.386962890625,
        392.99485778808594,
        669.9257489442825,
        486.1192419771105
      ],
      "bbox_px_page": [
        4065,
        2729,
        4652,
        3375
      ]
    },
    "col_08": {
      "text": "Non-navigable lock gate Flood barrage as a line Flood barrage as an area",
      "image": "chart_rows/page_037/row_006/cells/col_08.png",
      "image_tight": "chart_rows/page_037/row_006/cells/col_08_tight.png",
      "bbox_pdf": [
        669.9257489442825,
        392.99485778808594,
        755.734619140625,
        486.1192419771105
      ],
      "bbox_px_page": [
        4652,
        2729,
        5248,
        3375
      ]
    }
  }
}