{
  "id": "p065_r001",
  "page_number": 65,
  "row_index": 1,
  "no": "1",
  "row_text": "Leading line bearing a non-regulated, recommended track Direction not encoded 270 deg One-way 270 deg Two-way",
  "row_image": "chart_rows/page_065/row_001/row.png",
  "cells": {
    "No": {
      "text": "1",
      "image": "chart_rows/page_065/row_001/cells/No.png",
      "image_tight": "chart_rows/page_065/row_001/cells/No_tight.png",
      "bbox_pdf": [
        54.07160186767578,
        118.87008666992188,
        83.0,
        202.32000732421875
      ],
      "bbox_px_page": [
        375,
        825,
        576,
        1405
      ]
    },
    "INT": {
      "text": "",
      "image": "chart_rows/page_065/row_001/cells/INT.png",
      "image_tight": "chart_rows/page_065/row_001/cells/INT_tight.png",
      "bbox_pdf": [
        83.0,
        118.87008666992188,
        209.80630493164062,
        202.32000732421875
      ],
      "bbox_px_page": [
        576,
        825,
        1456,
        1405
      ]
    },
    "Description": {
      "text": "Leading line (solid line is the track to be followed, ‡ means “in line”)",
      "image": "chart_rows/page_065/row_001/cells/Description.png",
      "image_tight": "chart_rows/page_065/row_001/cells/Description_tight.png",
      "bbox_pdf": [
        209.80630493164062,
        118.87008666992188,
        320.6000061035156,
        202.32000732421875
      ],
      "bbox_px_page": [
        1456,
        825,
        2226,
        1405
      ]
    },
    "NOAA": {
      "text": "",
      "image": "chart_rows/page_065/row_001/cells/NOAA.png",
      "image_tight": "chart_rows/page_065/row_001/cells/NOAA_tight.png",
      "bbox_pdf": [
        320.6000061035156,
        118.87008666992188,
        397.2838134765625,
        202.32000732421875
      ],
      "bbox_px_page": [
        2226,
        825,
        2758,
        1405
      ]
    },
    "NGA": {
      "text": "Lights in line 090°",
      "image": "chart_rows/page_065/row_001/cells/NGA.png",
      "image_tight": "chart_rows/page_065/row_001/cells/NGA_tight.png",
      "bbox_pdf": [
        397.2838134765625,
        118.87008666992188,
        474.3236999511719,
        202.32000732421875
      ],
      "bbox_px_page": [
        2758,
        825,
        3293,
        1405
      ]
    },
    "OtherNGA": {
      "text": "",
      "image": "chart_rows/page_065/row_001/cells/OtherNGA.png",
      "image_tight": "chart_rows/page_065/row_001/cells/OtherNGA_tight.png",
      "bbox_pdf": [
        474.3236999511719,
        118.87008666992188,
        584.1237182617188,
        202.32000732421875
      ],
      "bbox_px_page": [
        3293,
        825,
        4056,
        1405
      ]
    },
    "ECDIS": {
      "text": "Leading line bearing a non-regulated, recommended track Direction not encoded 270 deg One-way 270 deg Two-way",
      "image": "chart_rows/page_065/row_001/cells/ECDIS.png",
      "image_tight": "chart_rows/page_065/row_001/cells/ECDIS_tight.png",
      "bbox_pdf": [
        584.1237182617188,
        118.87008666992188,
        755.734619140625,
        202.32000732421875
      ],
      "bbox_px_page": [
        4056,
        825,
        5248,
        1405
      ]
    }
  }
}