{
  "id": "p034_r003",
  "page_number": 34,
  "row_index": 3,
  "no": "Depths",
  "row_text": "nd other fixed marks → Q Marina",
  "row_image": "chart_rows/page_034/row_003/row.png",
  "cells": {
    "col_01": {
      "text": "Depths",
      "image": "chart_rows/page_034/row_003/cells/col_01.png",
      "image_tight": "chart_rows/page_034/row_003/cells/col_01_tight.png",
      "bbox_pdf": [
        36.07160186767578,
        184.1171875,
        66.83821793145034,
        202.1171875
      ],
      "bbox_px_page": [
        250,
        1278,
        464,
        1403
      ]
    },
    "col_02": {
      "text": "→ I",
      "image": "chart_rows/page_034/row_003/cells/col_02.png",
      "image_tight": "chart_rows/page_034/row_003/cells/col_02_tight.png",
      "bbox_pdf": [
        66.83821793145034,
        184.1171875,
        128.35996961593628,
        202.1171875
      ],
      "bbox_px_page": [
        464,
        1278,
        891,
        1403
      ]
    },
    "col_03": {
      "text": "Anchorages, Limits",
      "image": "chart_rows/page_034/row_003/cells/col_03.png",
      "image_tight": "chart_rows/page_034/row_003/cells/col_03_tight.png",
      "bbox_pdf": [
        128.35996961593628,
        184.1171875,
        192.74342723796144,
        202.1171875
      ],
      "bbox_px_page": [
        891,
        1278,
        1338,
        1403
      ]
    },
    "col_04": {
      "text": "s → N Beacons an",
      "image": "chart_rows/page_034/row_003/cells/col_04.png",
      "image_tight": "chart_rows/page_034/row_003/cells/col_04_tight.png",
      "bbox_pdf": [
        192.74342723796144,
        184.1171875,
        302.6000061035156,
        202.1171875
      ],
      "bbox_px_page": [
        1338,
        1278,
        2101,
        1403
      ]
    },
    "col_05": {
      "text": "nd other fixed marks → Q Marina",
      "image": "chart_rows/page_034/row_003/cells/col_05.png",
      "image_tight": "chart_rows/page_034/row_003/cells/col_05_tight.png",
      "bbox_pdf": [
        302.6000061035156,
        184.1171875,
        456.3236999511719,
        202.1171875
      ],
      "bbox_px_page": [
        2101,
        1278,
        3168,
        1403
      ]
    },
    "col_06": {
      "text": "a → U",
      "image": "chart_rows/page_034/row_003/cells/col_06.png",
      "image_tight": "chart_rows/page_034/row_003/cells/col_06_tight.png",
      "bbox_pdf": [
        456.3236999511719,
        184.1171875,
        567.5356597900391,
        202.1171875
      ],
      "bbox_px_page": [
        3168,
        1278,
        3941,
        1403
      ]
    },
    "col_07": {
      "text": "",
      "image": "chart_rows/page_034/row_003/cells/col_07.png",
      "image_tight": "chart_rows/page_034/row_003/cells/col_07_tight.png",
      "bbox_pdf": [
        567.5356597900391,
        184.1171875,
        651.9163010418415,
        202.1171875
      ],
      "bbox_px_page": [
        3941,
        1278,
        4527,
        1403
      ]
    },
    "col_08": {
      "text": "",
      "image": "chart_rows/page_034/row_003/cells/col_08.png",
      "image_tight": "chart_rows/page_034/row_003/cells/col_08_tight.png",
      "bbox_pdf": [
        651.9163010418415,
        184.1171875,
        737.734619140625,
        202.1171875
      ],
      "bbox_px_page": [
        4527,
        1278,
        5123,
        1403
      ]
    }
  }
}