{
  "id": "p020_r007",
  "page_number": 20,
  "row_index": 7,
  "no": "30",
  "row_text": "Line of trees Wooded area",
  "row_image": "chart_rows/page_020/row_007/row.png",
  "cells": {
    "col_01": {
      "text": "30",
      "image": "chart_rows/page_020/row_007/cells/col_01.png",
      "image_tight": "chart_rows/page_020/row_007/cells/col_01_tight.png",
      "bbox_pdf": [
        36.07160186767578,
        421.43157958984375,
        66.83821793145034,
        495.0169982910156
      ],
      "bbox_px_page": [
        250,
        2926,
        464,
        3437
      ]
    },
    "col_02": {
      "text": "",
      "image": "chart_rows/page_020/row_007/cells/col_02.png",
      "image_tight": "chart_rows/page_020/row_007/cells/col_02_tight.png",
      "bbox_pdf": [
        66.83821793145034,
        421.43157958984375,
        128.35996961593628,
        495.0169982910156
      ],
      "bbox_px_page": [
        464,
        2926,
        891,
        3437
      ]
    },
    "col_03": {
      "text": "",
      "image": "chart_rows/page_020/row_007/cells/col_03.png",
      "image_tight": "chart_rows/page_020/row_007/cells/col_03_tight.png",
      "bbox_pdf": [
        128.35996961593628,
        421.43157958984375,
        192.74342723796144,
        495.0169982910156
      ],
      "bbox_px_page": [
        891,
        2926,
        1338,
        3437
      ]
    },
    "col_04": {
      "text": "Woods in general",
      "image": "chart_rows/page_020/row_007/cells/col_04.png",
      "image_tight": "chart_rows/page_020/row_007/cells/col_04_tight.png",
      "bbox_pdf": [
        192.74342723796144,
        421.43157958984375,
        302.6000061035156,
        495.0169982910156
      ],
      "bbox_px_page": [
        1338,
        2926,
        2101,
        3437
      ]
    },
    "col_05": {
      "text": "† Wooded",
      "image": "chart_rows/page_020/row_007/cells/col_05.png",
      "image_tight": "chart_rows/page_020/row_007/cells/col_05_tight.png",
      "bbox_pdf": [
        302.6000061035156,
        421.43157958984375,
        456.3236999511719,
        495.0169982910156
      ],
      "bbox_px_page": [
        2101,
        2926,
        3168,
        3437
      ]
    },
    "col_06": {
      "text": "",
      "image": "chart_rows/page_020/row_007/cells/col_06.png",
      "image_tight": "chart_rows/page_020/row_007/cells/col_06_tight.png",
      "bbox_pdf": [
        456.3236999511719,
        421.43157958984375,
        567.5356597900391,
        495.0169982910156
      ],
      "bbox_px_page": [
        3168,
        2926,
        3941,
        3437
      ]
    },
    "col_07": {
      "text": "",
      "image": "chart_rows/page_020/row_007/cells/col_07.png",
      "image_tight": "chart_rows/page_020/row_007/cells/col_07_tight.png",
      "bbox_pdf": [
        567.5356597900391,
        421.43157958984375,
        651.9163010418415,
        495.0169982910156
      ],
      "bbox_px_page": [
        3941,
        2926,
        4527,
        3437
      ]
    },
    "col_08": {
      "text": "Line of trees Wooded area",
      "image": "chart_rows/page_020/row_007/cells/col_08.png",
      "image_tight": "chart_rows/page_020/row_007/cells/col_08_tight.png",
      "bbox_pdf": [
        651.9163010418415,
        421.43157958984375,
        737.734619140625,
        495.0169982910156
      ],
      "bbox_px_page": [
        4527,
        2926,
        5123,
        3437
      ]
    }
  }
}