{
  "id": "p039_r004",
  "page_number": 39,
  "row_index": 4,
  "no": "c",
  "row_text": "Jetty (on small scale charts)",
  "row_image": "chart_rows/page_039/row_004/row.png",
  "cells": {
    "col_01": {
      "text": "c",
      "image": "chart_rows/page_039/row_004/cells/col_01.png",
      "image_tight": "chart_rows/page_039/row_004/cells/col_01_tight.png",
      "bbox_pdf": [
        53.89714285714286,
        239.51980590820312,
        82.90285714285714,
        274.7593078613281
      ],
      "bbox_px_page": [
        374,
        1663,
        575,
        1908
      ]
    },
    "col_02": {
      "text": "",
      "image": "chart_rows/page_039/row_004/cells/col_02.png",
      "image_tight": "chart_rows/page_039/row_004/cells/col_02_tight.png",
      "bbox_pdf": [
        82.90285714285714,
        239.51980590820312,
        209.62285714285716,
        274.7593078613281
      ],
      "bbox_px_page": [
        575,
        1663,
        1455,
        1908
      ]
    },
    "col_03": {
      "text": "Jetty (on small scale charts)",
      "image": "chart_rows/page_039/row_004/cells/col_03.png",
      "image_tight": "chart_rows/page_039/row_004/cells/col_03_tight.png",
      "bbox_pdf": [
        209.62285714285716,
        239.51980590820312,
        320.5028571428572,
        274.7593078613281
      ],
      "bbox_px_page": [
        1455,
        1663,
        2225,
        1908
      ]
    },
    "col_04": {
      "text": "",
      "image": "chart_rows/page_039/row_004/cells/col_04.png",
      "image_tight": "chart_rows/page_039/row_004/cells/col_04_tight.png",
      "bbox_pdf": [
        320.5028571428572,
        239.51980590820312,
        474.17142857142863,
        274.7593078613281
      ],
      "bbox_px_page": [
        2225,
        1663,
        3292,
        1908
      ]
    },
    "col_05": {
      "text": "",
      "image": "chart_rows/page_039/row_004/cells/col_05.png",
      "image_tight": "chart_rows/page_039/row_004/cells/col_05_tight.png",
      "bbox_pdf": [
        474.17142857142863,
        239.51980590820312,
        584.0228571428572,
        274.7593078613281
      ],
      "bbox_px_page": [
        3292,
        1663,
        4055,
        1908
      ]
    },
    "col_06": {
      "text": "",
      "image": "chart_rows/page_039/row_004/cells/col_06.png",
      "image_tight": "chart_rows/page_039/row_004/cells/col_06_tight.png",
      "bbox_pdf": [
        584.0228571428572,
        239.51980590820312,
        755.5885714285715,
        274.7593078613281
      ],
      "bbox_px_page": [
        4055,
        1663,
        5247,
        1908
      ]
    }
  }
}