{
  "id": "p033_r002",
  "page_number": 33,
  "row_index": 2,
  "no": "1",
  "row_text": "Dike as a line Dike as a line, conspicuous Dike as an area",
  "row_image": "chart_rows/page_033/row_002/row.png",
  "cells": {
    "No": {
      "text": "1",
      "image": "chart_rows/page_033/row_002/cells/No.png",
      "image_tight": "chart_rows/page_033/row_002/cells/No_tight.png",
      "bbox_pdf": [
        54.07160186767578,
        109.60348987579346,
        82.99796140193939,
        186.2215690612793
      ],
      "bbox_px_page": [
        375,
        761,
        576,
        1293
      ]
    },
    "INT": {
      "text": "",
      "image": "chart_rows/page_033/row_002/cells/INT.png",
      "image_tight": "chart_rows/page_033/row_002/cells/INT_tight.png",
      "bbox_pdf": [
        82.99796140193939,
        109.60348987579346,
        211.40581703186035,
        186.2215690612793
      ],
      "bbox_px_page": [
        576,
        761,
        1468,
        1293
      ]
    },
    "Description": {
      "text": "Dike, Levee, Berm",
      "image": "chart_rows/page_033/row_002/cells/Description.png",
      "image_tight": "chart_rows/page_033/row_002/cells/Description_tight.png",
      "bbox_pdf": [
        211.40581703186035,
        109.60348987579346,
        320.6000061035156,
        186.2215690612793
      ],
      "bbox_px_page": [
        1468,
        761,
        2226,
        1293
      ]
    },
    "NOAA": {
      "text": "",
      "image": "chart_rows/page_033/row_002/cells/NOAA.png",
      "image_tight": "chart_rows/page_033/row_002/cells/NOAA_tight.png",
      "bbox_pdf": [
        320.6000061035156,
        109.60348987579346,
        474.3236999511719,
        186.2215690612793
      ],
      "bbox_px_page": [
        2226,
        761,
        3293,
        1293
      ]
    },
    "NGA": {
      "text": "",
      "image": "chart_rows/page_033/row_002/cells/NGA.png",
      "image_tight": "chart_rows/page_033/row_002/cells/NGA_tight.png",
      "bbox_pdf": [
        474.3236999511719,
        109.60348987579346,
        585.5497436523438,
        186.2215690612793
      ],
      "bbox_px_page": [
        3293,
        761,
        4066,
        1293
      ]
    },
    "OtherNGA": {
      "text": "",
      "image": "chart_rows/page_033/row_002/cells/OtherNGA.png",
      "image_tight": "chart_rows/page_033/row_002/cells/OtherNGA_tight.png",
      "bbox_pdf": [
        585.5497436523438,
        109.60348987579346,
        669.9003596305847,
        186.2215690612793
      ],
      "bbox_px_page": [
        4066,
        761,
        4652,
        1293
      ]
    },
    "ECDIS": {
      "text": "Dike as a line Dike as a line, conspicuous Dike as an area",
      "image": "chart_rows/page_033/row_002/cells/ECDIS.png",
      "image_tight": "chart_rows/page_033/row_002/cells/ECDIS_tight.png",
      "bbox_pdf": [
        669.9003596305847,
        109.60348987579346,
        755.734619140625,
        186.2215690612793
      ],
      "bbox_px_page": [
        4652,
        761,
        5248,
        1293
      ]
    }
  }
}