{
  "id": "p031_r011",
  "page_number": 31,
  "row_index": 11,
  "no": "36",
  "row_text": "Mine",
  "row_image": "chart_rows/page_031/row_011/row.png",
  "cells": {
    "col_01": {
      "text": "36",
      "image": "chart_rows/page_031/row_011/cells/col_01.png",
      "image_tight": "chart_rows/page_031/row_011/cells/col_01_tight.png",
      "bbox_pdf": [
        54.07160186767578,
        416.5980224609375,
        83.0,
        438.6444091796875
      ],
      "bbox_px_page": [
        375,
        2893,
        576,
        3046
      ]
    },
    "col_02": {
      "text": "",
      "image": "chart_rows/page_031/row_011/cells/col_02.png",
      "image_tight": "chart_rows/page_031/row_011/cells/col_02_tight.png",
      "bbox_pdf": [
        83.0,
        416.5980224609375,
        209.80630493164062,
        438.6444091796875
      ],
      "bbox_px_page": [
        576,
        2893,
        1456,
        3046
      ]
    },
    "col_03": {
      "text": "Mine",
      "image": "chart_rows/page_031/row_011/cells/col_03.png",
      "image_tight": "chart_rows/page_031/row_011/cells/col_03_tight.png",
      "bbox_pdf": [
        209.80630493164062,
        416.5980224609375,
        320.6000061035156,
        438.6444091796875
      ],
      "bbox_px_page": [
        1456,
        2893,
        2226,
        3046
      ]
    },
    "col_04": {
      "text": "",
      "image": "chart_rows/page_031/row_011/cells/col_04.png",
      "image_tight": "chart_rows/page_031/row_011/cells/col_04_tight.png",
      "bbox_pdf": [
        320.6000061035156,
        416.5980224609375,
        397.2838134765625,
        438.6444091796875
      ],
      "bbox_px_page": [
        2226,
        2893,
        2758,
        3046
      ]
    },
    "col_05": {
      "text": "",
      "image": "chart_rows/page_031/row_011/cells/col_05.png",
      "image_tight": "chart_rows/page_031/row_011/cells/col_05_tight.png",
      "bbox_pdf": [
        397.2838134765625,
        416.5980224609375,
        474.3236999511719,
        438.6444091796875
      ],
      "bbox_px_page": [
        2758,
        2893,
        3293,
        3046
      ]
    },
    "col_06": {
      "text": "",
      "image": "chart_rows/page_031/row_011/cells/col_06.png",
      "image_tight": "chart_rows/page_031/row_011/cells/col_06_tight.png",
      "bbox_pdf": [
        474.3236999511719,
        416.5980224609375,
        584.1237182617188,
        438.6444091796875
      ],
      "bbox_px_page": [
        3293,
        2893,
        4056,
        3046
      ]
    },
    "col_07": {
      "text": "",
      "image": "chart_rows/page_031/row_011/cells/col_07.png",
      "image_tight": "chart_rows/page_031/row_011/cells/col_07_tight.png",
      "bbox_pdf": [
        584.1237182617188,
        416.5980224609375,
        669.9290771484375,
        438.6444091796875
      ],
      "bbox_px_page": [
        4056,
        2893,
        4652,
        3046
      ]
    },
    "col_08": {
      "text": "",
      "image": "chart_rows/page_031/row_011/cells/col_08.png",
      "image_tight": "chart_rows/page_031/row_011/cells/col_08_tight.png",
      "bbox_pdf": [
        669.9290771484375,
        416.5980224609375,
        755.734619140625,
        438.6444091796875
      ],
      "bbox_px_page": [
        4652,
        2893,
        5248,
        3046
      ]
    }
  }
}