{
  "id": "p041_r004",
  "page_number": 41,
  "row_index": 4,
  "no": "20",
  "row_text": "Height of tide MLW Drying height Sea surface at any time Charted LW (drying) line Observed depth (12) MSL",
  "row_image": "chart_rows/page_041/row_004/row.png",
  "cells": {
    "col_01": {
      "text": "20",
      "image": "chart_rows/page_041/row_004/cells/col_01.png",
      "image_tight": "chart_rows/page_041/row_004/cells/col_01_tight.png",
      "bbox_pdf": [
        54.070899963378906,
        254.95028686523438,
        82.08000183105469,
        305.5127868652344
      ],
      "bbox_px_page": [
        375,
        1770,
        570,
        2121
      ]
    },
    "col_02": {
      "text": "Height of tide MLW Drying height Sea surface at any time Charted LW (drying) line Observed depth (12) MSL",
      "image": "chart_rows/page_041/row_004/cells/col_02.png",
      "image_tight": "chart_rows/page_041/row_004/cells/col_02_tight.png",
      "bbox_pdf": [
        82.08000183105469,
        254.95028686523438,
        755.9290771484375,
        305.5127868652344
      ],
      "bbox_px_page": [
        570,
        1770,
        5249,
        2121
      ]
    }
  }
}