{
  "id": "p040_r014",
  "page_number": 40,
  "row_index": 14,
  "no": "15",
  "row_text": "Mean Lower High Water",
  "row_image": "chart_rows/page_040/row_014/row.png",
  "cells": {
    "col_01": {
      "text": "15",
      "image": "chart_rows/page_040/row_014/cells/col_01.png",
      "image_tight": "chart_rows/page_040/row_014/cells/col_01_tight.png",
      "bbox_pdf": [
        36.07099914550781,
        389.0709228515625,
        99.07099914550781,
        408.87091064453125
      ],
      "bbox_px_page": [
        250,
        2701,
        687,
        2839
      ]
    },
    "col_02": {
      "text": "MLHW",
      "image": "chart_rows/page_040/row_014/cells/col_02.png",
      "image_tight": "chart_rows/page_040/row_014/cells/col_02_tight.png",
      "bbox_pdf": [
        99.07099914550781,
        389.0709228515625,
        184.5709991455078,
        408.87091064453125
      ],
      "bbox_px_page": [
        687,
        2701,
        1281,
        2839
      ]
    },
    "col_03": {
      "text": "Mean Lower High Water",
      "image": "chart_rows/page_040/row_014/cells/col_03.png",
      "image_tight": "chart_rows/page_040/row_014/cells/col_03_tight.png",
      "bbox_pdf": [
        184.5709991455078,
        389.0709228515625,
        364.5710144042969,
        408.87091064453125
      ],
      "bbox_px_page": [
        1281,
        2701,
        2531,
        2839
      ]
    },
    "col_04": {
      "text": "",
      "image": "chart_rows/page_040/row_014/cells/col_04.png",
      "image_tight": "chart_rows/page_040/row_014/cells/col_04_tight.png",
      "bbox_pdf": [
        364.5710144042969,
        389.0709228515625,
        387.0708923339844,
        408.87091064453125
      ],
      "bbox_px_page": [
        2531,
        2701,
        2687,
        2839
      ]
    },
    "col_05": {
      "text": "",
      "image": "chart_rows/page_040/row_014/cells/col_05.png",
      "image_tight": "chart_rows/page_040/row_014/cells/col_05_tight.png",
      "bbox_pdf": [
        387.0708923339844,
        389.0709228515625,
        738.0709228515625,
        408.87091064453125
      ],
      "bbox_px_page": [
        2687,
        2701,
        5125,
        2839
      ]
    }
  }
}