{
  "id": "p026_r008",
  "page_number": 26,
  "row_index": 8,
  "no": "29",
  "row_text": "Oil, gas pipeline, submerged or on land",
  "row_image": "chart_rows/page_026/row_008/row.png",
  "cells": {
    "No": {
      "text": "29",
      "image": "chart_rows/page_026/row_008/cells/No.png",
      "image_tight": "chart_rows/page_026/row_008/cells/No_tight.png",
      "bbox_pdf": [
        36.07160186767578,
        445.56862795352936,
        64.99938281575669,
        477.0701904296875
      ],
      "bbox_px_page": [
        250,
        3094,
        451,
        3312
      ]
    },
    "INT": {
      "text": "",
      "image": "chart_rows/page_026/row_008/cells/INT.png",
      "image_tight": "chart_rows/page_026/row_008/cells/INT_tight.png",
      "bbox_pdf": [
        64.99938281575669,
        445.56862795352936,
        193.06974206492305,
        477.0701904296875
      ],
      "bbox_px_page": [
        451,
        3094,
        1340,
        3312
      ]
    },
    "Description": {
      "text": "Pipeline on land",
      "image": "chart_rows/page_026/row_008/cells/Description.png",
      "image_tight": "chart_rows/page_026/row_008/cells/Description_tight.png",
      "bbox_pdf": [
        193.06974206492305,
        445.56862795352936,
        304.3567180633545,
        477.0701904296875
      ],
      "bbox_px_page": [
        1340,
        3094,
        2113,
        3312
      ]
    },
    "NOAA": {
      "text": "",
      "image": "chart_rows/page_026/row_008/cells/NOAA.png",
      "image_tight": "chart_rows/page_026/row_008/cells/NOAA_tight.png",
      "bbox_pdf": [
        304.3567180633545,
        445.56862795352936,
        456.3229369148612,
        477.0701904296875
      ],
      "bbox_px_page": [
        2113,
        3094,
        3168,
        3312
      ]
    },
    "NGA": {
      "text": "",
      "image": "chart_rows/page_026/row_008/cells/NGA.png",
      "image_tight": "chart_rows/page_026/row_008/cells/NGA_tight.png",
      "bbox_pdf": [
        456.3229369148612,
        445.56862795352936,
        567.7757158279419,
        477.0701904296875
      ],
      "bbox_px_page": [
        3168,
        3094,
        3942,
        3312
      ]
    },
    "OtherNGA": {
      "text": "",
      "image": "chart_rows/page_026/row_008/cells/OtherNGA.png",
      "image_tight": "chart_rows/page_026/row_008/cells/OtherNGA_tight.png",
      "bbox_pdf": [
        567.7757158279419,
        445.56862795352936,
        651.92743146047,
        477.0701904296875
      ],
      "bbox_px_page": [
        3942,
        3094,
        4527,
        3312
      ]
    },
    "ECDIS": {
      "text": "Oil, gas pipeline, submerged or on land",
      "image": "chart_rows/page_026/row_008/cells/ECDIS.png",
      "image_tight": "chart_rows/page_026/row_008/cells/ECDIS_tight.png",
      "bbox_pdf": [
        651.92743146047,
        445.56862795352936,
        737.734619140625,
        477.0701904296875
      ],
      "bbox_px_page": [
        4527,
        3094,
        5123,
        3312
      ]
    }
  }
}