{
  "id": "p038_r001",
  "page_number": 38,
  "row_index": 1,
  "no": "Roads",
  "row_text": "→ D Railways → D",
  "row_image": "chart_rows/page_038/row_001/row.png",
  "cells": {
    "col_01": {
      "text": "Roads",
      "image": "chart_rows/page_038/row_001/cells/col_01.png",
      "image_tight": "chart_rows/page_038/row_001/cells/col_01_tight.png",
      "bbox_pdf": [
        36.07160186767578,
        108.0701904296875,
        66.97056174278259,
        126.0701904296875
      ],
      "bbox_px_page": [
        250,
        750,
        465,
        875
      ]
    },
    "col_02": {
      "text": "→ D Railways → D",
      "image": "chart_rows/page_038/row_001/cells/col_02.png",
      "image_tight": "chart_rows/page_038/row_001/cells/col_02_tight.png",
      "bbox_pdf": [
        66.97056174278259,
        108.0701904296875,
        191.8062746396463,
        126.0701904296875
      ],
      "bbox_px_page": [
        465,
        750,
        1331,
        875
      ]
    },
    "col_03": {
      "text": "Tanks → E",
      "image": "chart_rows/page_038/row_001/cells/col_03.png",
      "image_tight": "chart_rows/page_038/row_001/cells/col_03_tight.png",
      "bbox_pdf": [
        191.8062746396463,
        108.0701904296875,
        302.6000061035156,
        126.0701904296875
      ],
      "bbox_px_page": [
        1331,
        750,
        2101,
        875
      ]
    },
    "col_04": {
      "text": "",
      "image": "chart_rows/page_038/row_001/cells/col_04.png",
      "image_tight": "chart_rows/page_038/row_001/cells/col_04_tight.png",
      "bbox_pdf": [
        302.6000061035156,
        108.0701904296875,
        381.01983642578125,
        126.0701904296875
      ],
      "bbox_px_page": [
        2101,
        750,
        2645,
        875
      ]
    },
    "col_05": {
      "text": "",
      "image": "chart_rows/page_038/row_001/cells/col_05.png",
      "image_tight": "chart_rows/page_038/row_001/cells/col_05_tight.png",
      "bbox_pdf": [
        381.01983642578125,
        108.0701904296875,
        456.3236999511719,
        126.0701904296875
      ],
      "bbox_px_page": [
        2645,
        750,
        3168,
        875
      ]
    },
    "col_06": {
      "text": "",
      "image": "chart_rows/page_038/row_001/cells/col_06.png",
      "image_tight": "chart_rows/page_038/row_001/cells/col_06_tight.png",
      "bbox_pdf": [
        456.3236999511719,
        108.0701904296875,
        566.1237182617188,
        126.0701904296875
      ],
      "bbox_px_page": [
        3168,
        750,
        3931,
        875
      ]
    },
    "col_07": {
      "text": "",
      "image": "chart_rows/page_038/row_001/cells/col_07.png",
      "image_tight": "chart_rows/page_038/row_001/cells/col_07_tight.png",
      "bbox_pdf": [
        566.1237182617188,
        108.0701904296875,
        651.9290771484375,
        126.0701904296875
      ],
      "bbox_px_page": [
        3931,
        750,
        4527,
        875
      ]
    },
    "col_08": {
      "text": "",
      "image": "chart_rows/page_038/row_001/cells/col_08.png",
      "image_tight": "chart_rows/page_038/row_001/cells/col_08_tight.png",
      "bbox_pdf": [
        651.9290771484375,
        108.0701904296875,
        737.734619140625,
        126.0701904296875
      ],
      "bbox_px_page": [
        4527,
        750,
        5123,
        875
      ]
    }
  }
}