{
  "id": "p048_r004",
  "page_number": 48,
  "row_index": 4,
  "no": "a",
  "row_text": "Swept channel",
  "row_image": "chart_rows/page_048/row_004/row.png",
  "cells": {
    "col_01": {
      "text": "a",
      "image": "chart_rows/page_048/row_004/cells/col_01.png",
      "image_tight": "chart_rows/page_048/row_004/cells/col_01_tight.png",
      "bbox_pdf": [
        36.07160186767578,
        476.25811767578125,
        65.0,
        505.504033960402
      ],
      "bbox_px_page": [
        250,
        3307,
        451,
        3510
      ]
    },
    "col_02": {
      "text": "",
      "image": "chart_rows/page_048/row_004/cells/col_02.png",
      "image_tight": "chart_rows/page_048/row_004/cells/col_02_tight.png",
      "bbox_pdf": [
        65.0,
        476.25811767578125,
        191.80630493164062,
        505.504033960402
      ],
      "bbox_px_page": [
        451,
        3307,
        1331,
        3510
      ]
    },
    "col_03": {
      "text": "Swept channel",
      "image": "chart_rows/page_048/row_004/cells/col_03.png",
      "image_tight": "chart_rows/page_048/row_004/cells/col_03_tight.png",
      "bbox_pdf": [
        191.80630493164062,
        476.25811767578125,
        302.6000061035156,
        505.504033960402
      ],
      "bbox_px_page": [
        1331,
        3307,
        2101,
        3510
      ]
    },
    "col_04": {
      "text": "6",
      "image": "chart_rows/page_048/row_004/cells/col_04.png",
      "image_tight": "chart_rows/page_048/row_004/cells/col_04_tight.png",
      "bbox_pdf": [
        302.6000061035156,
        476.25811767578125,
        566.1237182617188,
        505.504033960402
      ],
      "bbox_px_page": [
        2101,
        3307,
        3931,
        3510
      ]
    },
    "col_05": {
      "text": "",
      "image": "chart_rows/page_048/row_004/cells/col_05.png",
      "image_tight": "chart_rows/page_048/row_004/cells/col_05_tight.png",
      "bbox_pdf": [
        566.1237182617188,
        476.25811767578125,
        737.734619140625,
        505.504033960402
      ],
      "bbox_px_page": [
        3931,
        3307,
        5123,
        3510
      ]
    }
  }
}