{
  "id": "p029_r006",
  "page_number": 29,
  "row_index": 6,
  "no": "4",
  "row_text": "Height of top of a structure above height datum",
  "row_image": "chart_rows/page_029/row_006/row.png",
  "cells": {
    "No": {
      "text": "4",
      "image": "chart_rows/page_029/row_006/cells/No.png",
      "image_tight": "chart_rows/page_029/row_006/cells/No_tight.png",
      "bbox_pdf": [
        54.07160186767578,
        344.8485107421875,
        82.99796140193939,
        367.25921630859375
      ],
      "bbox_px_page": [
        375,
        2394,
        576,
        2550
      ]
    },
    "INT": {
      "text": "",
      "image": "chart_rows/page_029/row_006/cells/INT.png",
      "image_tight": "chart_rows/page_029/row_006/cells/INT_tight.png",
      "bbox_pdf": [
        82.99796140193939,
        344.8485107421875,
        211.40581703186035,
        367.25921630859375
      ],
      "bbox_px_page": [
        576,
        2394,
        1468,
        2550
      ]
    },
    "Description": {
      "text": "Height of top of a structure above height datum",
      "image": "chart_rows/page_029/row_006/cells/Description.png",
      "image_tight": "chart_rows/page_029/row_006/cells/Description_tight.png",
      "bbox_pdf": [
        211.40581703186035,
        344.8485107421875,
        320.6000061035156,
        367.25921630859375
      ],
      "bbox_px_page": [
        1468,
        2394,
        2226,
        2550
      ]
    },
    "NOAA": {
      "text": "",
      "image": "chart_rows/page_029/row_006/cells/NOAA.png",
      "image_tight": "chart_rows/page_029/row_006/cells/NOAA_tight.png",
      "bbox_pdf": [
        320.6000061035156,
        344.8485107421875,
        474.3236999511719,
        367.25921630859375
      ],
      "bbox_px_page": [
        2226,
        2394,
        3293,
        2550
      ]
    },
    "NGA": {
      "text": "",
      "image": "chart_rows/page_029/row_006/cells/NGA.png",
      "image_tight": "chart_rows/page_029/row_006/cells/NGA_tight.png",
      "bbox_pdf": [
        474.3236999511719,
        344.8485107421875,
        585.5497436523438,
        367.25921630859375
      ],
      "bbox_px_page": [
        3293,
        2394,
        4066,
        2550
      ]
    },
    "OtherNGA": {
      "text": "Height is obt",
      "image": "chart_rows/page_029/row_006/cells/OtherNGA.png",
      "image_tight": "chart_rows/page_029/row_006/cells/OtherNGA_tight.png",
      "bbox_pdf": [
        585.5497436523438,
        344.8485107421875,
        669.9003596305847,
        367.25921630859375
      ],
      "bbox_px_page": [
        4066,
        2394,
        4652,
        2550
      ]
    },
    "ECDIS": {
      "text": "tained by cursor pick",
      "image": "chart_rows/page_029/row_006/cells/ECDIS.png",
      "image_tight": "chart_rows/page_029/row_006/cells/ECDIS_tight.png",
      "bbox_pdf": [
        669.9003596305847,
        344.8485107421875,
        755.734619140625,
        367.25921630859375
      ],
      "bbox_px_page": [
        4652,
        2394,
        5248,
        2550
      ]
    }
  }
}