{
  "id": "p060_r011",
  "page_number": 60,
  "row_index": 11,
  "no": "l",
  "row_text": "Submerged platform",
  "row_image": "chart_rows/page_060/row_011/row.png",
  "cells": {
    "col_01": {
      "text": "l",
      "image": "chart_rows/page_060/row_011/cells/col_01.png",
      "image_tight": "chart_rows/page_060/row_011/cells/col_01_tight.png",
      "bbox_pdf": [
        36.07160186767578,
        324.0701904296875,
        66.97056174278259,
        342.0701904296875
      ],
      "bbox_px_page": [
        250,
        2250,
        465,
        2375
      ]
    },
    "col_02": {
      "text": "",
      "image": "chart_rows/page_060/row_011/cells/col_02.png",
      "image_tight": "chart_rows/page_060/row_011/cells/col_02_tight.png",
      "bbox_pdf": [
        66.97056174278259,
        324.0701904296875,
        191.8062746396463,
        342.0701904296875
      ],
      "bbox_px_page": [
        465,
        2250,
        1331,
        2375
      ]
    },
    "col_03": {
      "text": "Submerged platform",
      "image": "chart_rows/page_060/row_011/cells/col_03.png",
      "image_tight": "chart_rows/page_060/row_011/cells/col_03_tight.png",
      "bbox_pdf": [
        191.8062746396463,
        324.0701904296875,
        302.6000061035156,
        342.0701904296875
      ],
      "bbox_px_page": [
        1331,
        2250,
        2101,
        2375
      ]
    },
    "col_04": {
      "text": "Subm platform",
      "image": "chart_rows/page_060/row_011/cells/col_04.png",
      "image_tight": "chart_rows/page_060/row_011/cells/col_04_tight.png",
      "bbox_pdf": [
        302.6000061035156,
        324.0701904296875,
        381.01983642578125,
        342.0701904296875
      ],
      "bbox_px_page": [
        2101,
        2250,
        2645,
        2375
      ]
    },
    "col_05": {
      "text": "Platform",
      "image": "chart_rows/page_060/row_011/cells/col_05.png",
      "image_tight": "chart_rows/page_060/row_011/cells/col_05_tight.png",
      "bbox_pdf": [
        381.01983642578125,
        324.0701904296875,
        456.3236999511719,
        342.0701904296875
      ],
      "bbox_px_page": [
        2645,
        2250,
        3168,
        2375
      ]
    },
    "col_06": {
      "text": "",
      "image": "chart_rows/page_060/row_011/cells/col_06.png",
      "image_tight": "chart_rows/page_060/row_011/cells/col_06_tight.png",
      "bbox_pdf": [
        456.3236999511719,
        324.0701904296875,
        566.1237182617188,
        342.0701904296875
      ],
      "bbox_px_page": [
        3168,
        2250,
        3931,
        2375
      ]
    },
    "col_07": {
      "text": "",
      "image": "chart_rows/page_060/row_011/cells/col_07.png",
      "image_tight": "chart_rows/page_060/row_011/cells/col_07_tight.png",
      "bbox_pdf": [
        566.1237182617188,
        324.0701904296875,
        651.9290771484375,
        342.0701904296875
      ],
      "bbox_px_page": [
        3931,
        2250,
        4527,
        2375
      ]
    },
    "col_08": {
      "text": "",
      "image": "chart_rows/page_060/row_011/cells/col_08.png",
      "image_tight": "chart_rows/page_060/row_011/cells/col_08_tight.png",
      "bbox_pdf": [
        651.9290771484375,
        324.0701904296875,
        737.734619140625,
        342.0701904296875
      ],
      "bbox_px_page": [
        4527,
        2250,
        5123,
        2375
      ]
    }
  }
}