{
  "id": "p036_r005",
  "page_number": 36,
  "row_index": 5,
  "no": "31",
  "row_text": "Works at sea, Area under reclamation, with year date",
  "row_image": "chart_rows/page_036/row_005/row.png",
  "cells": {
    "col_01": {
      "text": "31",
      "image": "chart_rows/page_036/row_005/cells/col_01.png",
      "image_tight": "chart_rows/page_036/row_005/cells/col_01_tight.png",
      "bbox_pdf": [
        36.07160186767578,
        334.6618957519531,
        66.83821793145034,
        374.70831298828125
      ],
      "bbox_px_page": [
        250,
        2324,
        464,
        2602
      ]
    },
    "col_02": {
      "text": "",
      "image": "chart_rows/page_036/row_005/cells/col_02.png",
      "image_tight": "chart_rows/page_036/row_005/cells/col_02_tight.png",
      "bbox_pdf": [
        66.83821793145034,
        334.6618957519531,
        128.35996961593628,
        374.70831298828125
      ],
      "bbox_px_page": [
        464,
        2324,
        891,
        2602
      ]
    },
    "col_03": {
      "text": "2011",
      "image": "chart_rows/page_036/row_005/cells/col_03.png",
      "image_tight": "chart_rows/page_036/row_005/cells/col_03_tight.png",
      "bbox_pdf": [
        128.35996961593628,
        334.6618957519531,
        192.74342723796144,
        374.70831298828125
      ],
      "bbox_px_page": [
        891,
        2324,
        1338,
        2602
      ]
    },
    "col_04": {
      "text": "Works at sea, Area under reclamation, with year date",
      "image": "chart_rows/page_036/row_005/cells/col_04.png",
      "image_tight": "chart_rows/page_036/row_005/cells/col_04_tight.png",
      "bbox_pdf": [
        192.74342723796144,
        334.6618957519531,
        302.6000061035156,
        374.70831298828125
      ],
      "bbox_px_page": [
        1338,
        2324,
        2101,
        2602
      ]
    },
    "col_05": {
      "text": "Under construction (2011) Under constr",
      "image": "chart_rows/page_036/row_005/cells/col_05.png",
      "image_tight": "chart_rows/page_036/row_005/cells/col_05_tight.png",
      "bbox_pdf": [
        302.6000061035156,
        334.6618957519531,
        456.3236999511719,
        374.70831298828125
      ],
      "bbox_px_page": [
        2101,
        2324,
        3168,
        2602
      ]
    },
    "col_06": {
      "text": "",
      "image": "chart_rows/page_036/row_005/cells/col_06.png",
      "image_tight": "chart_rows/page_036/row_005/cells/col_06_tight.png",
      "bbox_pdf": [
        456.3236999511719,
        334.6618957519531,
        567.5356597900391,
        374.70831298828125
      ],
      "bbox_px_page": [
        3168,
        2324,
        3941,
        2602
      ]
    },
    "col_07": {
      "text": "",
      "image": "chart_rows/page_036/row_005/cells/col_07.png",
      "image_tight": "chart_rows/page_036/row_005/cells/col_07_tight.png",
      "bbox_pdf": [
        567.5356597900391,
        334.6618957519531,
        651.9163010418415,
        374.70831298828125
      ],
      "bbox_px_page": [
        3941,
        2324,
        4527,
        2602
      ]
    },
    "col_08": {
      "text": "Ruin or works under construction Year and condition",
      "image": "chart_rows/page_036/row_005/cells/col_08.png",
      "image_tight": "chart_rows/page_036/row_005/cells/col_08_tight.png",
      "bbox_pdf": [
        651.9163010418415,
        334.6618957519531,
        737.734619140625,
        374.70831298828125
      ],
      "bbox_px_page": [
        4527,
        2324,
        5123,
        2602
      ]
    }
  }
}