{
  "id": "p061_r005",
  "page_number": 61,
  "row_index": 5,
  "no": "4",
  "row_text": "Cautionary area, navigate with caution",
  "row_image": "chart_rows/page_061/row_005/row.png",
  "cells": {
    "No": {
      "text": "4",
      "image": "chart_rows/page_061/row_005/cells/No.png",
      "image_tight": "chart_rows/page_061/row_005/cells/No_tight.png",
      "bbox_pdf": [
        54.07160186767578,
        260.71929931640625,
        82.99796140193939,
        307.747802734375
      ],
      "bbox_px_page": [
        375,
        1810,
        576,
        2137
      ]
    },
    "INT": {
      "text": "",
      "image": "chart_rows/page_061/row_005/cells/INT.png",
      "image_tight": "chart_rows/page_061/row_005/cells/INT_tight.png",
      "bbox_pdf": [
        82.99796140193939,
        260.71929931640625,
        211.40581703186035,
        307.747802734375
      ],
      "bbox_px_page": [
        576,
        1810,
        1468,
        2137
      ]
    },
    "Description": {
      "text": "Limit of development area",
      "image": "chart_rows/page_061/row_005/cells/Description.png",
      "image_tight": "chart_rows/page_061/row_005/cells/Description_tight.png",
      "bbox_pdf": [
        211.40581703186035,
        260.71929931640625,
        320.6000061035156,
        307.747802734375
      ],
      "bbox_px_page": [
        1468,
        1810,
        2226,
        2137
      ]
    },
    "NOAA": {
      "text": "",
      "image": "chart_rows/page_061/row_005/cells/NOAA.png",
      "image_tight": "chart_rows/page_061/row_005/cells/NOAA_tight.png",
      "bbox_pdf": [
        320.6000061035156,
        260.71929931640625,
        474.3236999511719,
        307.747802734375
      ],
      "bbox_px_page": [
        2226,
        1810,
        3293,
        2137
      ]
    },
    "NGA": {
      "text": "",
      "image": "chart_rows/page_061/row_005/cells/NGA.png",
      "image_tight": "chart_rows/page_061/row_005/cells/NGA_tight.png",
      "bbox_pdf": [
        474.3236999511719,
        260.71929931640625,
        585.5497436523438,
        307.747802734375
      ],
      "bbox_px_page": [
        3293,
        1810,
        4066,
        2137
      ]
    },
    "OtherNGA": {
      "text": "",
      "image": "chart_rows/page_061/row_005/cells/OtherNGA.png",
      "image_tight": "chart_rows/page_061/row_005/cells/OtherNGA_tight.png",
      "bbox_pdf": [
        585.5497436523438,
        260.71929931640625,
        669.9003596305847,
        307.747802734375
      ],
      "bbox_px_page": [
        4066,
        1810,
        4652,
        2137
      ]
    },
    "ECDIS": {
      "text": "Cautionary area, navigate with caution",
      "image": "chart_rows/page_061/row_005/cells/ECDIS.png",
      "image_tight": "chart_rows/page_061/row_005/cells/ECDIS_tight.png",
      "bbox_pdf": [
        669.9003596305847,
        260.71929931640625,
        755.734619140625,
        307.747802734375
      ],
      "bbox_px_page": [
        4652,
        1810,
        5248,
        2137
      ]
    }
  }
}