{
  "id": "p040_r008",
  "page_number": 40,
  "row_index": 8,
  "no": "9",
  "row_text": "h HWF&C High Water Full and Change (Vulgar establishment of the port)",
  "row_image": "chart_rows/page_040/row_008/row.png",
  "cells": {
    "col_01": {
      "text": "9",
      "image": "chart_rows/page_040/row_008/cells/col_01.png",
      "image_tight": "chart_rows/page_040/row_008/cells/col_01_tight.png",
      "bbox_pdf": [
        36.07099914550781,
        270.6559066772461,
        99.07099914550781,
        290.45589447021484
      ],
      "bbox_px_page": [
        250,
        1879,
        687,
        2017
      ]
    },
    "col_02": {
      "text": "MHWS",
      "image": "chart_rows/page_040/row_008/cells/col_02.png",
      "image_tight": "chart_rows/page_040/row_008/cells/col_02_tight.png",
      "bbox_pdf": [
        99.07099914550781,
        270.6559066772461,
        184.5709991455078,
        290.45589447021484
      ],
      "bbox_px_page": [
        687,
        1879,
        1281,
        2017
      ]
    },
    "col_03": {
      "text": "Mean High Water Springs",
      "image": "chart_rows/page_040/row_008/cells/col_03.png",
      "image_tight": "chart_rows/page_040/row_008/cells/col_03_tight.png",
      "bbox_pdf": [
        184.5709991455078,
        270.6559066772461,
        364.5710144042969,
        290.45589447021484
      ],
      "bbox_px_page": [
        1281,
        1879,
        2531,
        2017
      ]
    },
    "col_04": {
      "text": "",
      "image": "chart_rows/page_040/row_008/cells/col_04.png",
      "image_tight": "chart_rows/page_040/row_008/cells/col_04_tight.png",
      "bbox_pdf": [
        364.5710144042969,
        270.6559066772461,
        387.0708923339844,
        290.45589447021484
      ],
      "bbox_px_page": [
        2531,
        1879,
        2687,
        2017
      ]
    },
    "col_05": {
      "text": "h HWF&C High Water Full and Change (Vulgar establishment of the port)",
      "image": "chart_rows/page_040/row_008/cells/col_05.png",
      "image_tight": "chart_rows/page_040/row_008/cells/col_05_tight.png",
      "bbox_pdf": [
        387.0708923339844,
        270.6559066772461,
        738.0709228515625,
        290.45589447021484
      ],
      "bbox_px_page": [
        2687,
        1879,
        5125,
        2017
      ]
    }
  }
}