{
  "id": "p066_r006",
  "page_number": 66,
  "row_index": 6,
  "no": "15",
  "row_text": "Traffic separation scheme boundary",
  "row_image": "chart_rows/page_066/row_006/row.png",
  "cells": {
    "No": {
      "text": "15",
      "image": "chart_rows/page_066/row_006/cells/No.png",
      "image_tight": "chart_rows/page_066/row_006/cells/No_tight.png",
      "bbox_pdf": [
        36.07160186767578,
        284.6321105957031,
        64.99938281575669,
        311.9920959472656
      ],
      "bbox_px_page": [
        250,
        1976,
        451,
        2166
      ]
    },
    "INT": {
      "text": "",
      "image": "chart_rows/page_066/row_006/cells/INT.png",
      "image_tight": "chart_rows/page_066/row_006/cells/INT_tight.png",
      "bbox_pdf": [
        64.99938281575669,
        284.6321105957031,
        193.06974206492305,
        311.9920959472656
      ],
      "bbox_px_page": [
        451,
        1976,
        1340,
        2166
      ]
    },
    "Description": {
      "text": "Limit of routing measure",
      "image": "chart_rows/page_066/row_006/cells/Description.png",
      "image_tight": "chart_rows/page_066/row_006/cells/Description_tight.png",
      "bbox_pdf": [
        193.06974206492305,
        284.6321105957031,
        304.3567180633545,
        311.9920959472656
      ],
      "bbox_px_page": [
        1340,
        1976,
        2113,
        2166
      ]
    },
    "NOAA": {
      "text": "",
      "image": "chart_rows/page_066/row_006/cells/NOAA.png",
      "image_tight": "chart_rows/page_066/row_006/cells/NOAA_tight.png",
      "bbox_pdf": [
        304.3567180633545,
        284.6321105957031,
        456.3229369148612,
        311.9920959472656
      ],
      "bbox_px_page": [
        2113,
        1976,
        3168,
        2166
      ]
    },
    "NGA": {
      "text": "",
      "image": "chart_rows/page_066/row_006/cells/NGA.png",
      "image_tight": "chart_rows/page_066/row_006/cells/NGA_tight.png",
      "bbox_pdf": [
        456.3229369148612,
        284.6321105957031,
        567.7757158279419,
        311.9920959472656
      ],
      "bbox_px_page": [
        3168,
        1976,
        3942,
        2166
      ]
    },
    "OtherNGA": {
      "text": "",
      "image": "chart_rows/page_066/row_006/cells/OtherNGA.png",
      "image_tight": "chart_rows/page_066/row_006/cells/OtherNGA_tight.png",
      "bbox_pdf": [
        567.7757158279419,
        284.6321105957031,
        651.92743146047,
        311.9920959472656
      ],
      "bbox_px_page": [
        3942,
        1976,
        4527,
        2166
      ]
    },
    "ECDIS": {
      "text": "Traffic separation scheme boundary",
      "image": "chart_rows/page_066/row_006/cells/ECDIS.png",
      "image_tight": "chart_rows/page_066/row_006/cells/ECDIS_tight.png",
      "bbox_pdf": [
        651.92743146047,
        284.6321105957031,
        737.734619140625,
        311.9920959472656
      ],
      "bbox_px_page": [
        4527,
        1976,
        5123,
        2166
      ]
    }
  }
}