{
  "id": "p029_r004",
  "page_number": 29,
  "row_index": 4,
  "no": "3.1",
  "row_text": "The information symbol is displayed if a supplemental image is available, which may be accessed by cursor pick",
  "row_image": "chart_rows/page_029/row_004/row.png",
  "cells": {
    "No": {
      "text": "3.1",
      "image": "chart_rows/page_029/row_004/cells/No.png",
      "image_tight": "chart_rows/page_029/row_004/cells/No_tight.png",
      "bbox_pdf": [
        54.07160186767578,
        260.9046936035156,
        82.99796140193939,
        308.5154113769531
      ],
      "bbox_px_page": [
        375,
        1811,
        576,
        2142
      ]
    },
    "INT": {
      "text": "",
      "image": "chart_rows/page_029/row_004/cells/INT.png",
      "image_tight": "chart_rows/page_029/row_004/cells/INT_tight.png",
      "bbox_pdf": [
        82.99796140193939,
        260.9046936035156,
        211.40581703186035,
        308.5154113769531
      ],
      "bbox_px_page": [
        576,
        1811,
        1468,
        2142
      ]
    },
    "Description": {
      "text": "Pictorial sketches (in true position)",
      "image": "chart_rows/page_029/row_004/cells/Description.png",
      "image_tight": "chart_rows/page_029/row_004/cells/Description_tight.png",
      "bbox_pdf": [
        211.40581703186035,
        260.9046936035156,
        320.6000061035156,
        308.5154113769531
      ],
      "bbox_px_page": [
        1468,
        1811,
        2226,
        2142
      ]
    },
    "NOAA": {
      "text": "",
      "image": "chart_rows/page_029/row_004/cells/NOAA.png",
      "image_tight": "chart_rows/page_029/row_004/cells/NOAA_tight.png",
      "bbox_pdf": [
        320.6000061035156,
        260.9046936035156,
        474.3236999511719,
        308.5154113769531
      ],
      "bbox_px_page": [
        2226,
        1811,
        3293,
        2142
      ]
    },
    "NGA": {
      "text": "",
      "image": "chart_rows/page_029/row_004/cells/NGA.png",
      "image_tight": "chart_rows/page_029/row_004/cells/NGA_tight.png",
      "bbox_pdf": [
        474.3236999511719,
        260.9046936035156,
        585.5497436523438,
        308.5154113769531
      ],
      "bbox_px_page": [
        3293,
        1811,
        4066,
        2142
      ]
    },
    "OtherNGA": {
      "text": "",
      "image": "chart_rows/page_029/row_004/cells/OtherNGA.png",
      "image_tight": "chart_rows/page_029/row_004/cells/OtherNGA_tight.png",
      "bbox_pdf": [
        585.5497436523438,
        260.9046936035156,
        669.9003596305847,
        308.5154113769531
      ],
      "bbox_px_page": [
        4066,
        1811,
        4652,
        2142
      ]
    },
    "ECDIS": {
      "text": "The information symbol is displayed if a supplemental image is available, which may be accessed by cursor pick",
      "image": "chart_rows/page_029/row_004/cells/ECDIS.png",
      "image_tight": "chart_rows/page_029/row_004/cells/ECDIS_tight.png",
      "bbox_pdf": [
        669.9003596305847,
        260.9046936035156,
        755.734619140625,
        308.5154113769531
      ],
      "bbox_px_page": [
        4652,
        1811,
        5248,
        2142
      ]
    }
  }
}