{
  "id": "p049_r006",
  "page_number": 49,
  "row_index": 6,
  "no": "5",
  "row_text": "Stones",
  "row_image": "chart_rows/page_049/row_006/row.png",
  "cells": {
    "No": {
      "text": "5",
      "image": "chart_rows/page_049/row_006/cells/No.png",
      "image_tight": "chart_rows/page_049/row_006/cells/No_tight.png",
      "bbox_pdf": [
        54.07160186767578,
        204.35971069335938,
        82.99796140193939,
        223.93209838867188
      ],
      "bbox_px_page": [
        375,
        1419,
        576,
        1555
      ]
    },
    "INT": {
      "text": "St",
      "image": "chart_rows/page_049/row_006/cells/INT.png",
      "image_tight": "chart_rows/page_049/row_006/cells/INT_tight.png",
      "bbox_pdf": [
        82.99796140193939,
        204.35971069335938,
        211.40581703186035,
        223.93209838867188
      ],
      "bbox_px_page": [
        576,
        1419,
        1468,
        1555
      ]
    },
    "Description": {
      "text": "Stones",
      "image": "chart_rows/page_049/row_006/cells/Description.png",
      "image_tight": "chart_rows/page_049/row_006/cells/Description_tight.png",
      "bbox_pdf": [
        211.40581703186035,
        204.35971069335938,
        320.6000061035156,
        223.93209838867188
      ],
      "bbox_px_page": [
        1468,
        1419,
        2226,
        1555
      ]
    },
    "NOAA": {
      "text": "",
      "image": "chart_rows/page_049/row_006/cells/NOAA.png",
      "image_tight": "chart_rows/page_049/row_006/cells/NOAA_tight.png",
      "bbox_pdf": [
        320.6000061035156,
        204.35971069335938,
        474.3236999511719,
        223.93209838867188
      ],
      "bbox_px_page": [
        2226,
        1419,
        3293,
        1555
      ]
    },
    "NGA": {
      "text": "",
      "image": "chart_rows/page_049/row_006/cells/NGA.png",
      "image_tight": "chart_rows/page_049/row_006/cells/NGA_tight.png",
      "bbox_pdf": [
        474.3236999511719,
        204.35971069335938,
        585.5497436523438,
        223.93209838867188
      ],
      "bbox_px_page": [
        3293,
        1419,
        4066,
        1555
      ]
    },
    "OtherNGA": {
      "text": "St",
      "image": "chart_rows/page_049/row_006/cells/OtherNGA.png",
      "image_tight": "chart_rows/page_049/row_006/cells/OtherNGA_tight.png",
      "bbox_pdf": [
        585.5497436523438,
        204.35971069335938,
        669.9003596305847,
        223.93209838867188
      ],
      "bbox_px_page": [
        4066,
        1419,
        4652,
        1555
      ]
    },
    "ECDIS": {
      "text": "Stones",
      "image": "chart_rows/page_049/row_006/cells/ECDIS.png",
      "image_tight": "chart_rows/page_049/row_006/cells/ECDIS_tight.png",
      "bbox_pdf": [
        669.9003596305847,
        204.35971069335938,
        755.734619140625,
        223.93209838867188
      ],
      "bbox_px_page": [
        4652,
        1419,
        5248,
        1555
      ]
    }
  }
}