{
  "id": "p030_r016",
  "page_number": 30,
  "row_index": 16,
  "no": "30.2",
  "row_text": "Radar Tr RADAR TR",
  "row_image": "chart_rows/page_030/row_016/row.png",
  "cells": {
    "col_01": {
      "text": "30.2",
      "image": "chart_rows/page_030/row_016/cells/col_01.png",
      "image_tight": "chart_rows/page_030/row_016/cells/col_01_tight.png",
      "bbox_pdf": [
        36.07160186767578,
        539.3377075195312,
        66.83821793145034,
        564.984130859375
      ],
      "bbox_px_page": [
        250,
        3745,
        464,
        3923
      ]
    },
    "col_02": {
      "text": "",
      "image": "chart_rows/page_030/row_016/cells/col_02.png",
      "image_tight": "chart_rows/page_030/row_016/cells/col_02_tight.png",
      "bbox_pdf": [
        66.83821793145034,
        539.3377075195312,
        128.35996961593628,
        564.984130859375
      ],
      "bbox_px_page": [
        464,
        3745,
        891,
        3923
      ]
    },
    "col_03": {
      "text": "",
      "image": "chart_rows/page_030/row_016/cells/col_03.png",
      "image_tight": "chart_rows/page_030/row_016/cells/col_03_tight.png",
      "bbox_pdf": [
        128.35996961593628,
        539.3377075195312,
        192.74342723796144,
        564.984130859375
      ],
      "bbox_px_page": [
        891,
        3745,
        1338,
        3923
      ]
    },
    "col_04": {
      "text": "Radar tower",
      "image": "chart_rows/page_030/row_016/cells/col_04.png",
      "image_tight": "chart_rows/page_030/row_016/cells/col_04_tight.png",
      "bbox_pdf": [
        192.74342723796144,
        539.3377075195312,
        302.6000061035156,
        564.984130859375
      ],
      "bbox_px_page": [
        1338,
        3745,
        2101,
        3923
      ]
    },
    "col_05": {
      "text": "Radar Tr RADAR TR",
      "image": "chart_rows/page_030/row_016/cells/col_05.png",
      "image_tight": "chart_rows/page_030/row_016/cells/col_05_tight.png",
      "bbox_pdf": [
        302.6000061035156,
        539.3377075195312,
        456.3236999511719,
        564.984130859375
      ],
      "bbox_px_page": [
        2101,
        3745,
        3168,
        3923
      ]
    },
    "col_06": {
      "text": "",
      "image": "chart_rows/page_030/row_016/cells/col_06.png",
      "image_tight": "chart_rows/page_030/row_016/cells/col_06_tight.png",
      "bbox_pdf": [
        456.3236999511719,
        539.3377075195312,
        567.5356597900391,
        564.984130859375
      ],
      "bbox_px_page": [
        3168,
        3745,
        3941,
        3923
      ]
    },
    "col_07": {
      "text": "",
      "image": "chart_rows/page_030/row_016/cells/col_07.png",
      "image_tight": "chart_rows/page_030/row_016/cells/col_07_tight.png",
      "bbox_pdf": [
        567.5356597900391,
        539.3377075195312,
        651.9163010418415,
        564.984130859375
      ],
      "bbox_px_page": [
        3941,
        3745,
        4527,
        3923
      ]
    },
    "col_08": {
      "text": "Radar tower",
      "image": "chart_rows/page_030/row_016/cells/col_08.png",
      "image_tight": "chart_rows/page_030/row_016/cells/col_08_tight.png",
      "bbox_pdf": [
        651.9163010418415,
        539.3377075195312,
        737.734619140625,
        564.984130859375
      ],
      "bbox_px_page": [
        4527,
        3745,
        5123,
        3923
      ]
    }
  }
}