{
  "id": "p032_r003",
  "page_number": 32,
  "row_index": 3,
  "no": "f",
  "row_text": "Sch Sch",
  "row_image": "chart_rows/page_032/row_003/row.png",
  "cells": {
    "No": {
      "text": "f",
      "image": "chart_rows/page_032/row_003/cells/No.png",
      "image_tight": "chart_rows/page_032/row_003/cells/No_tight.png",
      "bbox_pdf": [
        36.07160186767578,
        134.16299438476562,
        64.99938281575669,
        156.20941162109375
      ],
      "bbox_px_page": [
        250,
        931,
        451,
        1084
      ]
    },
    "INT": {
      "text": "",
      "image": "chart_rows/page_032/row_003/cells/INT.png",
      "image_tight": "chart_rows/page_032/row_003/cells/INT_tight.png",
      "bbox_pdf": [
        64.99938281575669,
        134.16299438476562,
        193.06974206492305,
        156.20941162109375
      ],
      "bbox_px_page": [
        451,
        931,
        1340,
        1084
      ]
    },
    "Description": {
      "text": "School",
      "image": "chart_rows/page_032/row_003/cells/Description.png",
      "image_tight": "chart_rows/page_032/row_003/cells/Description_tight.png",
      "bbox_pdf": [
        193.06974206492305,
        134.16299438476562,
        304.3567180633545,
        156.20941162109375
      ],
      "bbox_px_page": [
        1340,
        931,
        2113,
        1084
      ]
    },
    "NOAA": {
      "text": "Sch Sch",
      "image": "chart_rows/page_032/row_003/cells/NOAA.png",
      "image_tight": "chart_rows/page_032/row_003/cells/NOAA_tight.png",
      "bbox_pdf": [
        304.3567180633545,
        134.16299438476562,
        456.3229369148612,
        156.20941162109375
      ],
      "bbox_px_page": [
        2113,
        931,
        3168,
        1084
      ]
    },
    "NGA": {
      "text": "",
      "image": "chart_rows/page_032/row_003/cells/NGA.png",
      "image_tight": "chart_rows/page_032/row_003/cells/NGA_tight.png",
      "bbox_pdf": [
        456.3229369148612,
        134.16299438476562,
        567.7757158279419,
        156.20941162109375
      ],
      "bbox_px_page": [
        3168,
        931,
        3942,
        1084
      ]
    },
    "OtherNGA": {
      "text": "",
      "image": "chart_rows/page_032/row_003/cells/OtherNGA.png",
      "image_tight": "chart_rows/page_032/row_003/cells/OtherNGA_tight.png",
      "bbox_pdf": [
        567.7757158279419,
        134.16299438476562,
        651.92743146047,
        156.20941162109375
      ],
      "bbox_px_page": [
        3942,
        931,
        4527,
        1084
      ]
    },
    "ECDIS": {
      "text": "",
      "image": "chart_rows/page_032/row_003/cells/ECDIS.png",
      "image_tight": "chart_rows/page_032/row_003/cells/ECDIS_tight.png",
      "bbox_pdf": [
        651.92743146047,
        134.16299438476562,
        737.734619140625,
        156.20941162109375
      ],
      "bbox_px_page": [
        4527,
        931,
        5123,
        1084
      ]
    }
  }
}