{
  "id": "p029_r002",
  "page_number": 29,
  "row_index": 2,
  "no": "1",
  "row_text": "Non-conspicuous point feature Non-conspicuous building Non-conspicuous water tower",
  "row_image": "chart_rows/page_029/row_002/row.png",
  "cells": {
    "No": {
      "text": "1",
      "image": "chart_rows/page_029/row_002/cells/No.png",
      "image_tight": "chart_rows/page_029/row_002/cells/No_tight.png",
      "bbox_pdf": [
        54.07160186767578,
        126.0701904296875,
        82.99796140193939,
        193.7703857421875
      ],
      "bbox_px_page": [
        375,
        875,
        576,
        1345
      ]
    },
    "INT": {
      "text": "",
      "image": "chart_rows/page_029/row_002/cells/INT.png",
      "image_tight": "chart_rows/page_029/row_002/cells/INT_tight.png",
      "bbox_pdf": [
        82.99796140193939,
        126.0701904296875,
        211.40581703186035,
        193.7703857421875
      ],
      "bbox_px_page": [
        576,
        875,
        1468,
        1345
      ]
    },
    "Description": {
      "text": "Examples of landmarks",
      "image": "chart_rows/page_029/row_002/cells/Description.png",
      "image_tight": "chart_rows/page_029/row_002/cells/Description_tight.png",
      "bbox_pdf": [
        211.40581703186035,
        126.0701904296875,
        320.6000061035156,
        193.7703857421875
      ],
      "bbox_px_page": [
        1468,
        875,
        2226,
        1345
      ]
    },
    "NOAA": {
      "text": "Tr MONUMENT TANK",
      "image": "chart_rows/page_029/row_002/cells/NOAA.png",
      "image_tight": "chart_rows/page_029/row_002/cells/NOAA_tight.png",
      "bbox_pdf": [
        320.6000061035156,
        126.0701904296875,
        474.3236999511719,
        193.7703857421875
      ],
      "bbox_px_page": [
        2226,
        875,
        3293,
        1345
      ]
    },
    "NGA": {
      "text": "",
      "image": "chart_rows/page_029/row_002/cells/NGA.png",
      "image_tight": "chart_rows/page_029/row_002/cells/NGA_tight.png",
      "bbox_pdf": [
        474.3236999511719,
        126.0701904296875,
        585.5497436523438,
        193.7703857421875
      ],
      "bbox_px_page": [
        3293,
        875,
        4066,
        1345
      ]
    },
    "OtherNGA": {
      "text": "",
      "image": "chart_rows/page_029/row_002/cells/OtherNGA.png",
      "image_tight": "chart_rows/page_029/row_002/cells/OtherNGA_tight.png",
      "bbox_pdf": [
        585.5497436523438,
        126.0701904296875,
        669.9003596305847,
        193.7703857421875
      ],
      "bbox_px_page": [
        4066,
        875,
        4652,
        1345
      ]
    },
    "ECDIS": {
      "text": "Non-conspicuous point feature Non-conspicuous building Non-conspicuous water tower",
      "image": "chart_rows/page_029/row_002/cells/ECDIS.png",
      "image_tight": "chart_rows/page_029/row_002/cells/ECDIS_tight.png",
      "bbox_pdf": [
        669.9003596305847,
        126.0701904296875,
        755.734619140625,
        193.7703857421875
      ],
      "bbox_px_page": [
        4652,
        875,
        5248,
        1345
      ]
    }
  }
}