{
  "id": "p029_r007",
  "page_number": 29,
  "row_index": 7,
  "no": "5",
  "row_text": "Height of structure above ground level",
  "row_image": "chart_rows/page_029/row_007/row.png",
  "cells": {
    "No": {
      "text": "5",
      "image": "chart_rows/page_029/row_007/cells/No.png",
      "image_tight": "chart_rows/page_029/row_007/cells/No_tight.png",
      "bbox_pdf": [
        54.07160186767578,
        367.25921630859375,
        82.99796140193939,
        389.66998291015625
      ],
      "bbox_px_page": [
        375,
        2550,
        576,
        2706
      ]
    },
    "INT": {
      "text": "",
      "image": "chart_rows/page_029/row_007/cells/INT.png",
      "image_tight": "chart_rows/page_029/row_007/cells/INT_tight.png",
      "bbox_pdf": [
        82.99796140193939,
        367.25921630859375,
        211.40581703186035,
        389.66998291015625
      ],
      "bbox_px_page": [
        576,
        2550,
        1468,
        2706
      ]
    },
    "Description": {
      "text": "Height of structure above ground level",
      "image": "chart_rows/page_029/row_007/cells/Description.png",
      "image_tight": "chart_rows/page_029/row_007/cells/Description_tight.png",
      "bbox_pdf": [
        211.40581703186035,
        367.25921630859375,
        320.6000061035156,
        389.66998291015625
      ],
      "bbox_px_page": [
        1468,
        2550,
        2226,
        2706
      ]
    },
    "NOAA": {
      "text": "",
      "image": "chart_rows/page_029/row_007/cells/NOAA.png",
      "image_tight": "chart_rows/page_029/row_007/cells/NOAA_tight.png",
      "bbox_pdf": [
        320.6000061035156,
        367.25921630859375,
        474.3236999511719,
        389.66998291015625
      ],
      "bbox_px_page": [
        2226,
        2550,
        3293,
        2706
      ]
    },
    "NGA": {
      "text": "",
      "image": "chart_rows/page_029/row_007/cells/NGA.png",
      "image_tight": "chart_rows/page_029/row_007/cells/NGA_tight.png",
      "bbox_pdf": [
        474.3236999511719,
        367.25921630859375,
        585.5497436523438,
        389.66998291015625
      ],
      "bbox_px_page": [
        3293,
        2550,
        4066,
        2706
      ]
    },
    "OtherNGA": {
      "text": "Height is obt",
      "image": "chart_rows/page_029/row_007/cells/OtherNGA.png",
      "image_tight": "chart_rows/page_029/row_007/cells/OtherNGA_tight.png",
      "bbox_pdf": [
        585.5497436523438,
        367.25921630859375,
        669.9003596305847,
        389.66998291015625
      ],
      "bbox_px_page": [
        4066,
        2550,
        4652,
        2706
      ]
    },
    "ECDIS": {
      "text": "tained by cursor pick",
      "image": "chart_rows/page_029/row_007/cells/ECDIS.png",
      "image_tight": "chart_rows/page_029/row_007/cells/ECDIS_tight.png",
      "bbox_pdf": [
        669.9003596305847,
        367.25921630859375,
        755.734619140625,
        389.66998291015625
      ],
      "bbox_px_page": [
        4652,
        2550,
        5248,
        2706
      ]
    }
  }
}