{
  "id": "p066_r009",
  "page_number": 66,
  "row_index": 9,
  "no": "18",
  "row_text": "Fairway designated by regulatory authority: with minimum depth with maximum authorized draft (may be highlighted by gray tint)",
  "row_image": "chart_rows/page_066/row_009/row.png",
  "cells": {
    "No": {
      "text": "18",
      "image": "chart_rows/page_066/row_009/cells/No.png",
      "image_tight": "chart_rows/page_066/row_009/cells/No_tight.png",
      "bbox_pdf": [
        36.07160186767578,
        503.08380126953125,
        64.99938281575669,
        571.1301879882812
      ],
      "bbox_px_page": [
        250,
        3493,
        451,
        3966
      ]
    },
    "INT": {
      "text": "7.3m <7.3m>",
      "image": "chart_rows/page_066/row_009/cells/INT.png",
      "image_tight": "chart_rows/page_066/row_009/cells/INT_tight.png",
      "bbox_pdf": [
        64.99938281575669,
        503.08380126953125,
        193.06974206492305,
        571.1301879882812
      ],
      "bbox_px_page": [
        451,
        3493,
        1340,
        3966
      ]
    },
    "Description": {
      "text": "Fairway designated by regulatory authority: with minimum depth with maximum authorized draft (may be highlighted by gray tint)",
      "image": "chart_rows/page_066/row_009/cells/Description.png",
      "image_tight": "chart_rows/page_066/row_009/cells/Description_tight.png",
      "bbox_pdf": [
        193.06974206492305,
        503.08380126953125,
        304.3567180633545,
        571.1301879882812
      ],
      "bbox_px_page": [
        1340,
        3493,
        2113,
        3966
      ]
    },
    "NOAA": {
      "text": "SAFETY FAIRWAY 166.200 (see note A)",
      "image": "chart_rows/page_066/row_009/cells/NOAA.png",
      "image_tight": "chart_rows/page_066/row_009/cells/NOAA_tight.png",
      "bbox_pdf": [
        304.3567180633545,
        503.08380126953125,
        456.3229369148612,
        571.1301879882812
      ],
      "bbox_px_page": [
        2113,
        3493,
        3168,
        3966
      ]
    },
    "NGA": {
      "text": "",
      "image": "chart_rows/page_066/row_009/cells/NGA.png",
      "image_tight": "chart_rows/page_066/row_009/cells/NGA_tight.png",
      "bbox_pdf": [
        456.3229369148612,
        503.08380126953125,
        567.7757158279419,
        571.1301879882812
      ],
      "bbox_px_page": [
        3168,
        3493,
        3942,
        3966
      ]
    },
    "OtherNGA": {
      "text": "",
      "image": "chart_rows/page_066/row_009/cells/OtherNGA.png",
      "image_tight": "chart_rows/page_066/row_009/cells/OtherNGA_tight.png",
      "bbox_pdf": [
        567.7757158279419,
        503.08380126953125,
        651.92743146047,
        571.1301879882812
      ],
      "bbox_px_page": [
        3942,
        3493,
        4527,
        3966
      ]
    },
    "ECDIS": {
      "text": "Fairway, depth is ob- tained by cursor pick",
      "image": "chart_rows/page_066/row_009/cells/ECDIS.png",
      "image_tight": "chart_rows/page_066/row_009/cells/ECDIS_tight.png",
      "bbox_pdf": [
        651.92743146047,
        503.08380126953125,
        737.734619140625,
        571.1301879882812
      ],
      "bbox_px_page": [
        4527,
        3493,
        5123,
        3966
      ]
    }
  }
}