{
  "id": "p049_r013",
  "page_number": 49,
  "row_index": 13,
  "no": "10",
  "row_text": "Coral, Coralline algae",
  "row_image": "chart_rows/page_049/row_013/row.png",
  "cells": {
    "No": {
      "text": "10",
      "image": "chart_rows/page_049/row_013/cells/No.png",
      "image_tight": "chart_rows/page_049/row_013/cells/No_tight.png",
      "bbox_pdf": [
        54.07160186767578,
        341.36639404296875,
        82.99796140193939,
        360.93878173828125
      ],
      "bbox_px_page": [
        375,
        2370,
        576,
        2506
      ]
    },
    "INT": {
      "text": "Co",
      "image": "chart_rows/page_049/row_013/cells/INT.png",
      "image_tight": "chart_rows/page_049/row_013/cells/INT_tight.png",
      "bbox_pdf": [
        82.99796140193939,
        341.36639404296875,
        211.40581703186035,
        360.93878173828125
      ],
      "bbox_px_page": [
        576,
        2370,
        1468,
        2506
      ]
    },
    "Description": {
      "text": "Coral, Coralline algae",
      "image": "chart_rows/page_049/row_013/cells/Description.png",
      "image_tight": "chart_rows/page_049/row_013/cells/Description_tight.png",
      "bbox_pdf": [
        211.40581703186035,
        341.36639404296875,
        320.6000061035156,
        360.93878173828125
      ],
      "bbox_px_page": [
        1468,
        2370,
        2226,
        2506
      ]
    },
    "NOAA": {
      "text": "",
      "image": "chart_rows/page_049/row_013/cells/NOAA.png",
      "image_tight": "chart_rows/page_049/row_013/cells/NOAA_tight.png",
      "bbox_pdf": [
        320.6000061035156,
        341.36639404296875,
        474.3236999511719,
        360.93878173828125
      ],
      "bbox_px_page": [
        2226,
        2370,
        3293,
        2506
      ]
    },
    "NGA": {
      "text": "",
      "image": "chart_rows/page_049/row_013/cells/NGA.png",
      "image_tight": "chart_rows/page_049/row_013/cells/NGA_tight.png",
      "bbox_pdf": [
        474.3236999511719,
        341.36639404296875,
        585.5497436523438,
        360.93878173828125
      ],
      "bbox_px_page": [
        3293,
        2370,
        4066,
        2506
      ]
    },
    "OtherNGA": {
      "text": "Co",
      "image": "chart_rows/page_049/row_013/cells/OtherNGA.png",
      "image_tight": "chart_rows/page_049/row_013/cells/OtherNGA_tight.png",
      "bbox_pdf": [
        585.5497436523438,
        341.36639404296875,
        669.9003596305847,
        360.93878173828125
      ],
      "bbox_px_page": [
        4066,
        2370,
        4652,
        2506
      ]
    },
    "ECDIS": {
      "text": "Coral",
      "image": "chart_rows/page_049/row_013/cells/ECDIS.png",
      "image_tight": "chart_rows/page_049/row_013/cells/ECDIS_tight.png",
      "bbox_pdf": [
        669.9003596305847,
        341.36639404296875,
        755.734619140625,
        360.93878173828125
      ],
      "bbox_px_page": [
        4652,
        2370,
        5248,
        2506
      ]
    }
  }
}