{
  "id": "p044_r003",
  "page_number": 44,
  "row_index": 3,
  "no": "3.1",
  "row_text": "Sounding of low accuracy Point feature or area of low accuracy",
  "row_image": "chart_rows/page_044/row_003/row.png",
  "cells": {
    "No": {
      "text": "3.1",
      "image": "chart_rows/page_044/row_003/cells/No.png",
      "image_tight": "chart_rows/page_044/row_003/cells/No_tight.png",
      "bbox_pdf": [
        36.07160186767578,
        244.78851318359375,
        64.99938281575669,
        314.1408996582031
      ],
      "bbox_px_page": [
        250,
        1699,
        451,
        2181
      ]
    },
    "INT": {
      "text": "Rep",
      "image": "chart_rows/page_044/row_003/cells/INT.png",
      "image_tight": "chart_rows/page_044/row_003/cells/INT_tight.png",
      "bbox_pdf": [
        64.99938281575669,
        244.78851318359375,
        193.06974206492305,
        314.1408996582031
      ],
      "bbox_px_page": [
        451,
        1699,
        1340,
        2181
      ]
    },
    "Description": {
      "text": "Reported, but not confirmed",
      "image": "chart_rows/page_044/row_003/cells/Description.png",
      "image_tight": "chart_rows/page_044/row_003/cells/Description_tight.png",
      "bbox_pdf": [
        193.06974206492305,
        244.78851318359375,
        304.3567180633545,
        314.1408996582031
      ],
      "bbox_px_page": [
        1340,
        1699,
        2113,
        2181
      ]
    },
    "NOAA": {
      "text": "",
      "image": "chart_rows/page_044/row_003/cells/NOAA.png",
      "image_tight": "chart_rows/page_044/row_003/cells/NOAA_tight.png",
      "bbox_pdf": [
        304.3567180633545,
        244.78851318359375,
        456.3229369148612,
        314.1408996582031
      ],
      "bbox_px_page": [
        2113,
        1699,
        3168,
        2181
      ]
    },
    "NGA": {
      "text": "",
      "image": "chart_rows/page_044/row_003/cells/NGA.png",
      "image_tight": "chart_rows/page_044/row_003/cells/NGA_tight.png",
      "bbox_pdf": [
        456.3229369148612,
        244.78851318359375,
        567.7757158279419,
        314.1408996582031
      ],
      "bbox_px_page": [
        3168,
        1699,
        3942,
        2181
      ]
    },
    "OtherNGA": {
      "text": "",
      "image": "chart_rows/page_044/row_003/cells/OtherNGA.png",
      "image_tight": "chart_rows/page_044/row_003/cells/OtherNGA_tight.png",
      "bbox_pdf": [
        567.7757158279419,
        244.78851318359375,
        651.92743146047,
        314.1408996582031
      ],
      "bbox_px_page": [
        3942,
        1699,
        4527,
        2181
      ]
    },
    "ECDIS": {
      "text": "Sounding of low accuracy Point feature or area of low accuracy",
      "image": "chart_rows/page_044/row_003/cells/ECDIS.png",
      "image_tight": "chart_rows/page_044/row_003/cells/ECDIS_tight.png",
      "bbox_pdf": [
        651.92743146047,
        244.78851318359375,
        737.734619140625,
        314.1408996582031
      ],
      "bbox_px_page": [
        4527,
        1699,
        5123,
        2181
      ]
    }
  }
}