{
  "id": "p061_r009",
  "page_number": 61,
  "row_index": 9,
  "no": "6",
  "row_text": "Wave farm, Renewable energy device",
  "row_image": "chart_rows/page_061/row_009/row.png",
  "cells": {
    "No": {
      "text": "6",
      "image": "chart_rows/page_061/row_009/cells/No.png",
      "image_tight": "chart_rows/page_061/row_009/cells/No_tight.png",
      "bbox_pdf": [
        54.07160186767578,
        400.17388916015625,
        82.99796140193939,
        447.08319091796875
      ],
      "bbox_px_page": [
        375,
        2778,
        576,
        3104
      ]
    },
    "INT": {
      "text": "",
      "image": "chart_rows/page_061/row_009/cells/INT.png",
      "image_tight": "chart_rows/page_061/row_009/cells/INT_tight.png",
      "bbox_pdf": [
        82.99796140193939,
        400.17388916015625,
        211.40581703186035,
        447.08319091796875
      ],
      "bbox_px_page": [
        576,
        2778,
        1468,
        3104
      ]
    },
    "Description": {
      "text": "Wave farm, Renewable energy device",
      "image": "chart_rows/page_061/row_009/cells/Description.png",
      "image_tight": "chart_rows/page_061/row_009/cells/Description_tight.png",
      "bbox_pdf": [
        211.40581703186035,
        400.17388916015625,
        320.6000061035156,
        447.08319091796875
      ],
      "bbox_px_page": [
        1468,
        2778,
        2226,
        3104
      ]
    },
    "NOAA": {
      "text": "",
      "image": "chart_rows/page_061/row_009/cells/NOAA.png",
      "image_tight": "chart_rows/page_061/row_009/cells/NOAA_tight.png",
      "bbox_pdf": [
        320.6000061035156,
        400.17388916015625,
        474.3236999511719,
        447.08319091796875
      ],
      "bbox_px_page": [
        2226,
        2778,
        3293,
        3104
      ]
    },
    "NGA": {
      "text": "",
      "image": "chart_rows/page_061/row_009/cells/NGA.png",
      "image_tight": "chart_rows/page_061/row_009/cells/NGA_tight.png",
      "bbox_pdf": [
        474.3236999511719,
        400.17388916015625,
        585.5497436523438,
        447.08319091796875
      ],
      "bbox_px_page": [
        3293,
        2778,
        4066,
        3104
      ]
    },
    "OtherNGA": {
      "text": "",
      "image": "chart_rows/page_061/row_009/cells/OtherNGA.png",
      "image_tight": "chart_rows/page_061/row_009/cells/OtherNGA_tight.png",
      "bbox_pdf": [
        585.5497436523438,
        400.17388916015625,
        669.9003596305847,
        447.08319091796875
      ],
      "bbox_px_page": [
        4066,
        2778,
        4652,
        3104
      ]
    },
    "ECDIS": {
      "text": "Wave farm",
      "image": "chart_rows/page_061/row_009/cells/ECDIS.png",
      "image_tight": "chart_rows/page_061/row_009/cells/ECDIS_tight.png",
      "bbox_pdf": [
        669.9003596305847,
        400.17388916015625,
        755.734619140625,
        447.08319091796875
      ],
      "bbox_px_page": [
        4652,
        2778,
        5248,
        3104
      ]
    }
  }
}