{
  "id": "p057_r005",
  "page_number": 57,
  "row_index": 5,
  "no": "Obstr",
  "row_text": "ructions and Aquaculture",
  "row_image": "chart_rows/page_057/row_005/row.png",
  "cells": {
    "No": {
      "text": "Obstr",
      "image": "chart_rows/page_057/row_005/cells/No.png",
      "image_tight": "chart_rows/page_057/row_005/cells/No_tight.png",
      "bbox_pdf": [
        54.07160186767578,
        382.5701904296875,
        82.99796140193939,
        400.5701904296875
      ],
      "bbox_px_page": [
        375,
        2656,
        576,
        2781
      ]
    },
    "INT": {
      "text": "ructions and Aquaculture",
      "image": "chart_rows/page_057/row_005/cells/INT.png",
      "image_tight": "chart_rows/page_057/row_005/cells/INT_tight.png",
      "bbox_pdf": [
        82.99796140193939,
        382.5701904296875,
        211.40581703186035,
        400.5701904296875
      ],
      "bbox_px_page": [
        576,
        2656,
        1468,
        2781
      ]
    },
    "Description": {
      "text": "",
      "image": "chart_rows/page_057/row_005/cells/Description.png",
      "image_tight": "chart_rows/page_057/row_005/cells/Description_tight.png",
      "bbox_pdf": [
        211.40581703186035,
        382.5701904296875,
        320.6000061035156,
        400.5701904296875
      ],
      "bbox_px_page": [
        1468,
        2656,
        2226,
        2781
      ]
    },
    "NOAA": {
      "text": "",
      "image": "chart_rows/page_057/row_005/cells/NOAA.png",
      "image_tight": "chart_rows/page_057/row_005/cells/NOAA_tight.png",
      "bbox_pdf": [
        320.6000061035156,
        382.5701904296875,
        474.3236999511719,
        400.5701904296875
      ],
      "bbox_px_page": [
        2226,
        2656,
        3293,
        2781
      ]
    },
    "NGA": {
      "text": "",
      "image": "chart_rows/page_057/row_005/cells/NGA.png",
      "image_tight": "chart_rows/page_057/row_005/cells/NGA_tight.png",
      "bbox_pdf": [
        474.3236999511719,
        382.5701904296875,
        585.5497436523438,
        400.5701904296875
      ],
      "bbox_px_page": [
        3293,
        2656,
        4066,
        2781
      ]
    },
    "OtherNGA": {
      "text": "",
      "image": "chart_rows/page_057/row_005/cells/OtherNGA.png",
      "image_tight": "chart_rows/page_057/row_005/cells/OtherNGA_tight.png",
      "bbox_pdf": [
        585.5497436523438,
        382.5701904296875,
        669.9003596305847,
        400.5701904296875
      ],
      "bbox_px_page": [
        4066,
        2656,
        4652,
        2781
      ]
    },
    "ECDIS": {
      "text": "",
      "image": "chart_rows/page_057/row_005/cells/ECDIS.png",
      "image_tight": "chart_rows/page_057/row_005/cells/ECDIS_tight.png",
      "bbox_pdf": [
        669.9003596305847,
        382.5701904296875,
        755.734619140625,
        400.5701904296875
      ],
      "bbox_px_page": [
        4652,
        2656,
        5248,
        2781
      ]
    }
  }
}