{
  "id": "p029_r003",
  "page_number": 29,
  "row_index": 3,
  "no": "2",
  "row_text": "Examples of conspicuous landmarks (On NOAA charts, a large circle with dot and capitals indicates that position is accurate; a small circle with lowercase indicates that position is approximate.)",
  "row_image": "chart_rows/page_029/row_003/row.png",
  "cells": {
    "No": {
      "text": "2",
      "image": "chart_rows/page_029/row_003/cells/No.png",
      "image_tight": "chart_rows/page_029/row_003/cells/No_tight.png",
      "bbox_pdf": [
        54.07160186767578,
        193.7703857421875,
        82.99796140193939,
        260.9046936035156
      ],
      "bbox_px_page": [
        375,
        1345,
        576,
        1811
      ]
    },
    "INT": {
      "text": "TR",
      "image": "chart_rows/page_029/row_003/cells/INT.png",
      "image_tight": "chart_rows/page_029/row_003/cells/INT_tight.png",
      "bbox_pdf": [
        82.99796140193939,
        193.7703857421875,
        211.40581703186035,
        260.9046936035156
      ],
      "bbox_px_page": [
        576,
        1345,
        1468,
        1811
      ]
    },
    "Description": {
      "text": "Examples of conspicuous landmarks (On NOAA charts, a large circle with dot and capitals indicates that position is accurate; a small circle with lowercase indicates that position is approximate.)",
      "image": "chart_rows/page_029/row_003/cells/Description.png",
      "image_tight": "chart_rows/page_029/row_003/cells/Description_tight.png",
      "bbox_pdf": [
        211.40581703186035,
        193.7703857421875,
        320.6000061035156,
        260.9046936035156
      ],
      "bbox_px_page": [
        1468,
        1345,
        2226,
        1811
      ]
    },
    "NOAA": {
      "text": "SPIRE EMPIRE STATE BUILDING CHIMNEY RADAR MAST",
      "image": "chart_rows/page_029/row_003/cells/NOAA.png",
      "image_tight": "chart_rows/page_029/row_003/cells/NOAA_tight.png",
      "bbox_pdf": [
        320.6000061035156,
        193.7703857421875,
        474.3236999511719,
        260.9046936035156
      ],
      "bbox_px_page": [
        2226,
        1345,
        3293,
        1811
      ]
    },
    "NGA": {
      "text": "",
      "image": "chart_rows/page_029/row_003/cells/NGA.png",
      "image_tight": "chart_rows/page_029/row_003/cells/NGA_tight.png",
      "bbox_pdf": [
        474.3236999511719,
        193.7703857421875,
        585.5497436523438,
        260.9046936035156
      ],
      "bbox_px_page": [
        3293,
        1345,
        4066,
        1811
      ]
    },
    "OtherNGA": {
      "text": "",
      "image": "chart_rows/page_029/row_003/cells/OtherNGA.png",
      "image_tight": "chart_rows/page_029/row_003/cells/OtherNGA_tight.png",
      "bbox_pdf": [
        585.5497436523438,
        193.7703857421875,
        669.9003596305847,
        260.9046936035156
      ],
      "bbox_px_page": [
        4066,
        1345,
        4652,
        1811
      ]
    },
    "ECDIS": {
      "text": "Conspicuous point feature Conspicuous building Conspicuous water tower",
      "image": "chart_rows/page_029/row_003/cells/ECDIS.png",
      "image_tight": "chart_rows/page_029/row_003/cells/ECDIS_tight.png",
      "bbox_pdf": [
        669.9003596305847,
        193.7703857421875,
        755.734619140625,
        260.9046936035156
      ],
      "bbox_px_page": [
        4652,
        1345,
        5248,
        1811
      ]
    }
  }
}