{
  "id": "p043_r010",
  "page_number": 43,
  "row_index": 10,
  "no": "n",
  "row_text": "Velocity, Rate",
  "row_image": "chart_rows/page_043/row_010/row.png",
  "cells": {
    "col_01": {
      "text": "n",
      "image": "chart_rows/page_043/row_010/cells/col_01.png",
      "image_tight": "chart_rows/page_043/row_010/cells/col_01_tight.png",
      "bbox_pdf": [
        53.89714285714286,
        368.73431396484375,
        82.90285714285714,
        387.1807861328125
      ],
      "bbox_px_page": [
        374,
        2560,
        575,
        2688
      ]
    },
    "col_02": {
      "text": "",
      "image": "chart_rows/page_043/row_010/cells/col_02.png",
      "image_tight": "chart_rows/page_043/row_010/cells/col_02_tight.png",
      "bbox_pdf": [
        82.90285714285714,
        368.73431396484375,
        209.62285714285716,
        387.1807861328125
      ],
      "bbox_px_page": [
        575,
        2560,
        1455,
        2688
      ]
    },
    "col_03": {
      "text": "Velocity, Rate",
      "image": "chart_rows/page_043/row_010/cells/col_03.png",
      "image_tight": "chart_rows/page_043/row_010/cells/col_03_tight.png",
      "bbox_pdf": [
        209.62285714285716,
        368.73431396484375,
        320.5028571428572,
        387.1807861328125
      ],
      "bbox_px_page": [
        1455,
        2560,
        2225,
        2688
      ]
    },
    "col_04": {
      "text": "vel",
      "image": "chart_rows/page_043/row_010/cells/col_04.png",
      "image_tight": "chart_rows/page_043/row_010/cells/col_04_tight.png",
      "bbox_pdf": [
        320.5028571428572,
        368.73431396484375,
        474.17142857142863,
        387.1807861328125
      ],
      "bbox_px_page": [
        2225,
        2560,
        3292,
        2688
      ]
    },
    "col_05": {
      "text": "",
      "image": "chart_rows/page_043/row_010/cells/col_05.png",
      "image_tight": "chart_rows/page_043/row_010/cells/col_05_tight.png",
      "bbox_pdf": [
        474.17142857142863,
        368.73431396484375,
        584.0228571428572,
        387.1807861328125
      ],
      "bbox_px_page": [
        3292,
        2560,
        4055,
        2688
      ]
    },
    "col_06": {
      "text": "",
      "image": "chart_rows/page_043/row_010/cells/col_06.png",
      "image_tight": "chart_rows/page_043/row_010/cells/col_06_tight.png",
      "bbox_pdf": [
        584.0228571428572,
        368.73431396484375,
        755.5885714285715,
        387.1807861328125
      ],
      "bbox_px_page": [
        4055,
        2560,
        5247,
        2688
      ]
    }
  }
}