{
  "id": "p027_r005",
  "page_number": 27,
  "row_index": 5,
  "no": "i",
  "row_text": "Approximate vertical clearance",
  "row_image": "chart_rows/page_027/row_005/row.png",
  "cells": {
    "col_01": {
      "text": "i",
      "image": "chart_rows/page_027/row_005/cells/col_01.png",
      "image_tight": "chart_rows/page_027/row_005/cells/col_01_tight.png",
      "bbox_pdf": [
        53.89714285714286,
        206.74285714285716,
        82.90285714285714,
        233.6914285714286
      ],
      "bbox_px_page": [
        374,
        1435,
        575,
        1622
      ]
    },
    "col_02": {
      "text": "",
      "image": "chart_rows/page_027/row_005/cells/col_02.png",
      "image_tight": "chart_rows/page_027/row_005/cells/col_02_tight.png",
      "bbox_pdf": [
        82.90285714285714,
        206.74285714285716,
        209.62285714285716,
        233.6914285714286
      ],
      "bbox_px_page": [
        575,
        1435,
        1455,
        1622
      ]
    },
    "col_03": {
      "text": "Approximate vertical clearance",
      "image": "chart_rows/page_027/row_005/cells/col_03.png",
      "image_tight": "chart_rows/page_027/row_005/cells/col_03_tight.png",
      "bbox_pdf": [
        209.62285714285716,
        206.74285714285716,
        320.5028571428572,
        233.6914285714286
      ],
      "bbox_px_page": [
        1455,
        1435,
        2225,
        1622
      ]
    },
    "col_04": {
      "text": "21 abt",
      "image": "chart_rows/page_027/row_005/cells/col_04.png",
      "image_tight": "chart_rows/page_027/row_005/cells/col_04_tight.png",
      "bbox_pdf": [
        320.5028571428572,
        206.74285714285716,
        474.17142857142863,
        233.6914285714286
      ],
      "bbox_px_page": [
        2225,
        1435,
        3292,
        1622
      ]
    },
    "col_05": {
      "text": "",
      "image": "chart_rows/page_027/row_005/cells/col_05.png",
      "image_tight": "chart_rows/page_027/row_005/cells/col_05_tight.png",
      "bbox_pdf": [
        474.17142857142863,
        206.74285714285716,
        584.0228571428572,
        233.6914285714286
      ],
      "bbox_px_page": [
        3292,
        1435,
        4055,
        1622
      ]
    },
    "col_06": {
      "text": "",
      "image": "chart_rows/page_027/row_005/cells/col_06.png",
      "image_tight": "chart_rows/page_027/row_005/cells/col_06_tight.png",
      "bbox_pdf": [
        584.0228571428572,
        206.74285714285716,
        755.5885714285715,
        233.6914285714286
      ],
      "bbox_px_page": [
        4055,
        1435,
        5247,
        1622
      ]
    }
  }
}