{
  "id": "p035_r001",
  "page_number": 35,
  "row_index": 1,
  "no": "19.1",
  "row_text": "Designation of berth",
  "row_image": "chart_rows/page_035/row_001/row.png",
  "cells": {
    "col_01": {
      "text": "19.1",
      "image": "chart_rows/page_035/row_001/cells/col_01.png",
      "image_tight": "chart_rows/page_035/row_001/cells/col_01_tight.png",
      "bbox_pdf": [
        54.07160186767578,
        121.1173095703125,
        83.0,
        146.33169555664062
      ],
      "bbox_px_page": [
        375,
        841,
        576,
        1016
      ]
    },
    "col_02": {
      "text": "",
      "image": "chart_rows/page_035/row_001/cells/col_02.png",
      "image_tight": "chart_rows/page_035/row_001/cells/col_02_tight.png",
      "bbox_pdf": [
        83.0,
        121.1173095703125,
        148.33418422937393,
        146.33169555664062
      ],
      "bbox_px_page": [
        576,
        841,
        1030,
        1016
      ]
    },
    "col_03": {
      "text": "",
      "image": "chart_rows/page_035/row_001/cells/col_03.png",
      "image_tight": "chart_rows/page_035/row_001/cells/col_03_tight.png",
      "bbox_pdf": [
        148.33418422937393,
        121.1173095703125,
        209.80630493164062,
        146.33169555664062
      ],
      "bbox_px_page": [
        1030,
        841,
        1456,
        1016
      ]
    },
    "col_04": {
      "text": "Designation of berth",
      "image": "chart_rows/page_035/row_001/cells/col_04.png",
      "image_tight": "chart_rows/page_035/row_001/cells/col_04_tight.png",
      "bbox_pdf": [
        209.80630493164062,
        121.1173095703125,
        320.6000061035156,
        146.33169555664062
      ],
      "bbox_px_page": [
        1456,
        841,
        2226,
        1016
      ]
    },
    "col_05": {
      "text": "3 A 3",
      "image": "chart_rows/page_035/row_001/cells/col_05.png",
      "image_tight": "chart_rows/page_035/row_001/cells/col_05_tight.png",
      "bbox_pdf": [
        320.6000061035156,
        121.1173095703125,
        474.3236999511719,
        146.33169555664062
      ],
      "bbox_px_page": [
        2226,
        841,
        3293,
        1016
      ]
    },
    "col_06": {
      "text": "",
      "image": "chart_rows/page_035/row_001/cells/col_06.png",
      "image_tight": "chart_rows/page_035/row_001/cells/col_06_tight.png",
      "bbox_pdf": [
        474.3236999511719,
        121.1173095703125,
        585.386962890625,
        146.33169555664062
      ],
      "bbox_px_page": [
        3293,
        841,
        4065,
        1016
      ]
    },
    "col_07": {
      "text": "Nr 3",
      "image": "chart_rows/page_035/row_001/cells/col_07.png",
      "image_tight": "chart_rows/page_035/row_001/cells/col_07_tight.png",
      "bbox_pdf": [
        585.386962890625,
        121.1173095703125,
        669.9257489442825,
        146.33169555664062
      ],
      "bbox_px_page": [
        4065,
        841,
        4652,
        1016
      ]
    },
    "col_08": {
      "text": "Berth number",
      "image": "chart_rows/page_035/row_001/cells/col_08.png",
      "image_tight": "chart_rows/page_035/row_001/cells/col_08_tight.png",
      "bbox_pdf": [
        669.9257489442825,
        121.1173095703125,
        755.734619140625,
        146.33169555664062
      ],
      "bbox_px_page": [
        4652,
        841,
        5248,
        1016
      ]
    }
  }
}