{
  "id": "p018_r006",
  "page_number": 18,
  "row_index": 6,
  "no": "5",
  "row_text": "Flat coast",
  "row_image": "chart_rows/page_018/row_006/row.png",
  "cells": {
    "No": {
      "text": "5",
      "image": "chart_rows/page_018/row_006/cells/No.png",
      "image_tight": "chart_rows/page_018/row_006/cells/No_tight.png",
      "bbox_pdf": [
        36.07160186767578,
        388.1160583496094,
        64.99938281575669,
        420.24249267578125
      ],
      "bbox_px_page": [
        250,
        2695,
        451,
        2918
      ]
    },
    "INT": {
      "text": "",
      "image": "chart_rows/page_018/row_006/cells/INT.png",
      "image_tight": "chart_rows/page_018/row_006/cells/INT_tight.png",
      "bbox_pdf": [
        64.99938281575669,
        388.1160583496094,
        193.06974206492305,
        420.24249267578125
      ],
      "bbox_px_page": [
        451,
        2695,
        1340,
        2918
      ]
    },
    "Description": {
      "text": "Flat coast",
      "image": "chart_rows/page_018/row_006/cells/Description.png",
      "image_tight": "chart_rows/page_018/row_006/cells/Description_tight.png",
      "bbox_pdf": [
        193.06974206492305,
        388.1160583496094,
        304.3567180633545,
        420.24249267578125
      ],
      "bbox_px_page": [
        1340,
        2695,
        2113,
        2918
      ]
    },
    "NOAA": {
      "text": "",
      "image": "chart_rows/page_018/row_006/cells/NOAA.png",
      "image_tight": "chart_rows/page_018/row_006/cells/NOAA_tight.png",
      "bbox_pdf": [
        304.3567180633545,
        388.1160583496094,
        456.3229369148612,
        420.24249267578125
      ],
      "bbox_px_page": [
        2113,
        2695,
        3168,
        2918
      ]
    },
    "NGA": {
      "text": "",
      "image": "chart_rows/page_018/row_006/cells/NGA.png",
      "image_tight": "chart_rows/page_018/row_006/cells/NGA_tight.png",
      "bbox_pdf": [
        456.3229369148612,
        388.1160583496094,
        567.7757158279419,
        420.24249267578125
      ],
      "bbox_px_page": [
        3168,
        2695,
        3942,
        2918
      ]
    },
    "OtherNGA": {
      "text": "",
      "image": "chart_rows/page_018/row_006/cells/OtherNGA.png",
      "image_tight": "chart_rows/page_018/row_006/cells/OtherNGA_tight.png",
      "bbox_pdf": [
        567.7757158279419,
        388.1160583496094,
        651.92743146047,
        420.24249267578125
      ],
      "bbox_px_page": [
        3942,
        2695,
        4527,
        2918
      ]
    },
    "ECDIS": {
      "text": "",
      "image": "chart_rows/page_018/row_006/cells/ECDIS.png",
      "image_tight": "chart_rows/page_018/row_006/cells/ECDIS_tight.png",
      "bbox_pdf": [
        651.92743146047,
        388.1160583496094,
        737.734619140625,
        420.24249267578125
      ],
      "bbox_px_page": [
        4527,
        2695,
        5123,
        2918
      ]
    }
  }
}