{
  "id": "p053_r004",
  "page_number": 53,
  "row_index": 4,
  "no": "10",
  "row_text": "Land as a point at small scale Land as an area, with an elevation or control point",
  "row_image": "chart_rows/page_053/row_004/row.png",
  "cells": {
    "No": {
      "text": "10",
      "image": "chart_rows/page_053/row_004/cells/No.png",
      "image_tight": "chart_rows/page_053/row_004/cells/No_tight.png",
      "bbox_pdf": [
        54.07160186767578,
        371.77020263671875,
        82.99796140193939,
        427.02728271484375
      ],
      "bbox_px_page": [
        375,
        2581,
        576,
        2965
      ]
    },
    "INT": {
      "text": "",
      "image": "chart_rows/page_053/row_004/cells/INT.png",
      "image_tight": "chart_rows/page_053/row_004/cells/INT_tight.png",
      "bbox_pdf": [
        82.99796140193939,
        371.77020263671875,
        211.40581703186035,
        427.02728271484375
      ],
      "bbox_px_page": [
        576,
        2581,
        1468,
        2965
      ]
    },
    "Description": {
      "text": "Rock (islet) which does not cover, height above height datum",
      "image": "chart_rows/page_053/row_004/cells/Description.png",
      "image_tight": "chart_rows/page_053/row_004/cells/Description_tight.png",
      "bbox_pdf": [
        211.40581703186035,
        371.77020263671875,
        320.6000061035156,
        427.02728271484375
      ],
      "bbox_px_page": [
        1468,
        2581,
        2226,
        2965
      ]
    },
    "NOAA": {
      "text": "25 (21)",
      "image": "chart_rows/page_053/row_004/cells/NOAA.png",
      "image_tight": "chart_rows/page_053/row_004/cells/NOAA_tight.png",
      "bbox_pdf": [
        320.6000061035156,
        371.77020263671875,
        474.3236999511719,
        427.02728271484375
      ],
      "bbox_px_page": [
        2226,
        2581,
        3293,
        2965
      ]
    },
    "NGA": {
      "text": "(4 m)",
      "image": "chart_rows/page_053/row_004/cells/NGA.png",
      "image_tight": "chart_rows/page_053/row_004/cells/NGA_tight.png",
      "bbox_pdf": [
        474.3236999511719,
        371.77020263671875,
        585.5497436523438,
        427.02728271484375
      ],
      "bbox_px_page": [
        3293,
        2581,
        4066,
        2965
      ]
    },
    "OtherNGA": {
      "text": "8 m",
      "image": "chart_rows/page_053/row_004/cells/OtherNGA.png",
      "image_tight": "chart_rows/page_053/row_004/cells/OtherNGA_tight.png",
      "bbox_pdf": [
        585.5497436523438,
        371.77020263671875,
        669.9003596305847,
        427.02728271484375
      ],
      "bbox_px_page": [
        4066,
        2581,
        4652,
        2965
      ]
    },
    "ECDIS": {
      "text": "Land as a point at small scale Land as an area, with an elevation or control point",
      "image": "chart_rows/page_053/row_004/cells/ECDIS.png",
      "image_tight": "chart_rows/page_053/row_004/cells/ECDIS_tight.png",
      "bbox_pdf": [
        669.9003596305847,
        371.77020263671875,
        755.734619140625,
        427.02728271484375
      ],
      "bbox_px_page": [
        4652,
        2581,
        5248,
        2965
      ]
    }
  }
}