{
  "id": "p041_r009",
  "page_number": 41,
  "row_index": 9,
  "no": "30",
  "row_text": "semi-diurnal or diurnal tides Note: The order of the columns of levels will be the same as that used in nation- al tables of tidal predictions. feet feet feet Baltimore, Ft. McHenry (39°16'N/76°35'W) 1.7 1.4 0.2 Annapolis, U.S. Naval Academy (38°59'N/76°29'W) 1.4 1.2 0.2 Washington D.C., Washington Channel (38°52'N/77°01'W) 3.2 2.9 0.1 Dashes (---) located in datum columns indicate unavailable datum values for a tide station. Real-time water levels, tide predictions, and tidal current predictions are available on the Internet from http://tidesandcurrents.noaa.gov. (Nov 2011)",
  "row_image": "chart_rows/page_041/row_009/row.png",
  "cells": {
    "col_01": {
      "text": "30",
      "image": "chart_rows/page_041/row_009/cells/col_01.png",
      "image_tight": "chart_rows/page_041/row_009/cells/col_01_tight.png",
      "bbox_pdf": [
        54.070899963378906,
        476.3409357070923,
        82.08000183105469,
        567.1182861328125
      ],
      "bbox_px_page": [
        375,
        3307,
        570,
        3938
      ]
    },
    "col_02": {
      "text": "semi-diurnal or diurnal tides Note: The order of the columns of levels will be the same as that used in nation- al tables of tidal predictions. feet feet feet Baltimore, Ft. McHenry (39°16'N/76°35'W) 1.7 1.4 0.2 Annapolis, U.S. Naval Academy (38°59'N/76°29'W) 1.4 1.2 0.2 Washington D.C., Washington Channel (38°52'N/77°01'W) 3.2 2.9 0.1 Dashes (---) located in datum columns indicate unavailable datum values for a tide station. Real-time water levels, tide predictions, and tidal current predictions are available on the Internet from http://tidesandcurrents.noaa.gov. (Nov 2011)",
      "image": "chart_rows/page_041/row_009/cells/col_02.png",
      "image_tight": "chart_rows/page_041/row_009/cells/col_02_tight.png",
      "bbox_pdf": [
        82.08000183105469,
        476.3409357070923,
        755.9290771484375,
        567.1182861328125
      ],
      "bbox_px_page": [
        570,
        3307,
        5249,
        3938
      ]
    }
  }
}