{
  "id": "p022_r009",
  "page_number": 22,
  "row_index": 9,
  "no": "n",
  "row_text": "Paddy (rice) fields",
  "row_image": "chart_rows/page_022/row_009/row.png",
  "cells": {
    "col_01": {
      "text": "n",
      "image": "chart_rows/page_022/row_009/cells/col_01.png",
      "image_tight": "chart_rows/page_022/row_009/cells/col_01_tight.png",
      "bbox_pdf": [
        36.07160186767578,
        345.1174011230469,
        65.0,
        370.7637939453125
      ],
      "bbox_px_page": [
        250,
        2396,
        451,
        2574
      ]
    },
    "col_02": {
      "text": "",
      "image": "chart_rows/page_022/row_009/cells/col_02.png",
      "image_tight": "chart_rows/page_022/row_009/cells/col_02_tight.png",
      "bbox_pdf": [
        65.0,
        345.1174011230469,
        191.80630493164062,
        370.7637939453125
      ],
      "bbox_px_page": [
        451,
        2396,
        1331,
        2574
      ]
    },
    "col_03": {
      "text": "Paddy (rice) fields",
      "image": "chart_rows/page_022/row_009/cells/col_03.png",
      "image_tight": "chart_rows/page_022/row_009/cells/col_03_tight.png",
      "bbox_pdf": [
        191.80630493164062,
        345.1174011230469,
        304.19958686828613,
        370.7637939453125
      ],
      "bbox_px_page": [
        1331,
        2396,
        2112,
        2574
      ]
    },
    "col_04": {
      "text": "†",
      "image": "chart_rows/page_022/row_009/cells/col_04.png",
      "image_tight": "chart_rows/page_022/row_009/cells/col_04_tight.png",
      "bbox_pdf": [
        304.19958686828613,
        345.1174011230469,
        456.3236818741643,
        370.7637939453125
      ],
      "bbox_px_page": [
        2112,
        2396,
        3168,
        2574
      ]
    },
    "col_05": {
      "text": "",
      "image": "chart_rows/page_022/row_009/cells/col_05.png",
      "image_tight": "chart_rows/page_022/row_009/cells/col_05_tight.png",
      "bbox_pdf": [
        456.3236818741643,
        345.1174011230469,
        566.1237182617188,
        370.7637939453125
      ],
      "bbox_px_page": [
        3168,
        2396,
        3931,
        2574
      ]
    },
    "col_06": {
      "text": "",
      "image": "chart_rows/page_022/row_009/cells/col_06.png",
      "image_tight": "chart_rows/page_022/row_009/cells/col_06_tight.png",
      "bbox_pdf": [
        566.1237182617188,
        345.1174011230469,
        737.734619140625,
        370.7637939453125
      ],
      "bbox_px_page": [
        3931,
        2396,
        5123,
        2574
      ]
    }
  }
}