{
  "id": "p057_r003",
  "page_number": 57,
  "row_index": 3,
  "no": "30",
  "row_text": "Underwater hazard with safe clearance of 20 meters or less Underwater hazard with safe clearance greater than 20 meters Isolated danger of depth less than the safety contour",
  "row_image": "chart_rows/page_057/row_003/row.png",
  "cells": {
    "No": {
      "text": "30",
      "image": "chart_rows/page_057/row_003/cells/No.png",
      "image_tight": "chart_rows/page_057/row_003/cells/No_tight.png",
      "bbox_pdf": [
        54.07160186767578,
        166.5701904296875,
        82.99796140193939,
        261.0701904296875
      ],
      "bbox_px_page": [
        375,
        1156,
        576,
        1812
      ]
    },
    "INT": {
      "text": "",
      "image": "chart_rows/page_057/row_003/cells/INT.png",
      "image_tight": "chart_rows/page_057/row_003/cells/INT_tight.png",
      "bbox_pdf": [
        82.99796140193939,
        166.5701904296875,
        211.40581703186035,
        261.0701904296875
      ],
      "bbox_px_page": [
        576,
        1156,
        1468,
        1812
      ]
    },
    "Description": {
      "text": "Wreck over which the exact depth is unknown, but which is estimated to have a safe clearance at the depth shown.",
      "image": "chart_rows/page_057/row_003/cells/Description.png",
      "image_tight": "chart_rows/page_057/row_003/cells/Description_tight.png",
      "bbox_pdf": [
        211.40581703186035,
        166.5701904296875,
        320.6000061035156,
        261.0701904296875
      ],
      "bbox_px_page": [
        1468,
        1156,
        2226,
        1812
      ]
    },
    "NOAA": {
      "text": "",
      "image": "chart_rows/page_057/row_003/cells/NOAA.png",
      "image_tight": "chart_rows/page_057/row_003/cells/NOAA_tight.png",
      "bbox_pdf": [
        320.6000061035156,
        166.5701904296875,
        474.3236999511719,
        261.0701904296875
      ],
      "bbox_px_page": [
        2226,
        1156,
        3293,
        1812
      ]
    },
    "NGA": {
      "text": "4",
      "image": "chart_rows/page_057/row_003/cells/NGA.png",
      "image_tight": "chart_rows/page_057/row_003/cells/NGA_tight.png",
      "bbox_pdf": [
        474.3236999511719,
        166.5701904296875,
        585.5497436523438,
        261.0701904296875
      ],
      "bbox_px_page": [
        3293,
        1156,
        4066,
        1812
      ]
    },
    "OtherNGA": {
      "text": "",
      "image": "chart_rows/page_057/row_003/cells/OtherNGA.png",
      "image_tight": "chart_rows/page_057/row_003/cells/OtherNGA_tight.png",
      "bbox_pdf": [
        585.5497436523438,
        166.5701904296875,
        669.9003596305847,
        261.0701904296875
      ],
      "bbox_px_page": [
        4066,
        1156,
        4652,
        1812
      ]
    },
    "ECDIS": {
      "text": "Underwater hazard with safe clearance of 20 meters or less Underwater hazard with safe clearance greater than 20 meters Isolated danger of depth less than the safety contour",
      "image": "chart_rows/page_057/row_003/cells/ECDIS.png",
      "image_tight": "chart_rows/page_057/row_003/cells/ECDIS_tight.png",
      "bbox_pdf": [
        669.9003596305847,
        166.5701904296875,
        755.734619140625,
        261.0701904296875
      ],
      "bbox_px_page": [
        4652,
        1156,
        5248,
        1812
      ]
    }
  }
}