{
  "id": "p048_r006",
  "page_number": 48,
  "row_index": 6,
  "no": "c",
  "row_text": "2ft 5 6",
  "row_image": "chart_rows/page_048/row_006/row.png",
  "cells": {
    "col_01": {
      "text": "c",
      "image": "chart_rows/page_048/row_006/cells/col_01.png",
      "image_tight": "chart_rows/page_048/row_006/cells/col_01_tight.png",
      "bbox_pdf": [
        36.07160186767578,
        541.2546539306641,
        65.0,
        576.5967460125685
      ],
      "bbox_px_page": [
        250,
        3758,
        451,
        4004
      ]
    },
    "col_02": {
      "text": "",
      "image": "chart_rows/page_048/row_006/cells/col_02.png",
      "image_tight": "chart_rows/page_048/row_006/cells/col_02_tight.png",
      "bbox_pdf": [
        65.0,
        541.2546539306641,
        191.80630493164062,
        576.5967460125685
      ],
      "bbox_px_page": [
        451,
        3758,
        1331,
        4004
      ]
    },
    "col_03": {
      "text": "Stream",
      "image": "chart_rows/page_048/row_006/cells/col_03.png",
      "image_tight": "chart_rows/page_048/row_006/cells/col_03_tight.png",
      "bbox_pdf": [
        191.80630493164062,
        541.2546539306641,
        302.6000061035156,
        576.5967460125685
      ],
      "bbox_px_page": [
        1331,
        3758,
        2101,
        4004
      ]
    },
    "col_04": {
      "text": "2ft 5 6",
      "image": "chart_rows/page_048/row_006/cells/col_04.png",
      "image_tight": "chart_rows/page_048/row_006/cells/col_04_tight.png",
      "bbox_pdf": [
        302.6000061035156,
        541.2546539306641,
        566.1237182617188,
        576.5967460125685
      ],
      "bbox_px_page": [
        2101,
        3758,
        3931,
        4004
      ]
    },
    "col_05": {
      "text": "",
      "image": "chart_rows/page_048/row_006/cells/col_05.png",
      "image_tight": "chart_rows/page_048/row_006/cells/col_05_tight.png",
      "bbox_pdf": [
        566.1237182617188,
        541.2546539306641,
        737.734619140625,
        576.5967460125685
      ],
      "bbox_px_page": [
        3931,
        3758,
        5123,
        4004
      ]
    }
  }
}