{
  "id": "p059_r001",
  "page_number": 59,
  "row_index": 1,
  "no": "45",
  "row_text": "Fish trap, fish weir, tunny net as an area",
  "row_image": "chart_rows/page_059/row_001/row.png",
  "cells": {
    "col_01": {
      "text": "45",
      "image": "chart_rows/page_059/row_001/cells/col_01.png",
      "image_tight": "chart_rows/page_059/row_001/cells/col_01_tight.png",
      "bbox_pdf": [
        54.07160186767578,
        90.0709228515625,
        83.0,
        139.5701904296875
      ],
      "bbox_px_page": [
        375,
        625,
        576,
        969
      ]
    },
    "col_02": {
      "text": "",
      "image": "chart_rows/page_059/row_001/cells/col_02.png",
      "image_tight": "chart_rows/page_059/row_001/cells/col_02_tight.png",
      "bbox_pdf": [
        83.0,
        90.0709228515625,
        209.80630493164062,
        139.5701904296875
      ],
      "bbox_px_page": [
        576,
        625,
        1456,
        969
      ]
    },
    "col_03": {
      "text": "Fish trap area, Tunny nets area",
      "image": "chart_rows/page_059/row_001/cells/col_03.png",
      "image_tight": "chart_rows/page_059/row_001/cells/col_03_tight.png",
      "bbox_pdf": [
        209.80630493164062,
        90.0709228515625,
        320.6000061035156,
        139.5701904296875
      ],
      "bbox_px_page": [
        1456,
        625,
        2226,
        969
      ]
    },
    "col_04": {
      "text": "",
      "image": "chart_rows/page_059/row_001/cells/col_04.png",
      "image_tight": "chart_rows/page_059/row_001/cells/col_04_tight.png",
      "bbox_pdf": [
        320.6000061035156,
        90.0709228515625,
        397.2838134765625,
        139.5701904296875
      ],
      "bbox_px_page": [
        2226,
        625,
        2758,
        969
      ]
    },
    "col_05": {
      "text": "",
      "image": "chart_rows/page_059/row_001/cells/col_05.png",
      "image_tight": "chart_rows/page_059/row_001/cells/col_05_tight.png",
      "bbox_pdf": [
        397.2838134765625,
        90.0709228515625,
        474.3236999511719,
        139.5701904296875
      ],
      "bbox_px_page": [
        2758,
        625,
        3293,
        969
      ]
    },
    "col_06": {
      "text": "",
      "image": "chart_rows/page_059/row_001/cells/col_06.png",
      "image_tight": "chart_rows/page_059/row_001/cells/col_06_tight.png",
      "bbox_pdf": [
        474.3236999511719,
        90.0709228515625,
        584.1237182617188,
        139.5701904296875
      ],
      "bbox_px_page": [
        3293,
        625,
        4056,
        969
      ]
    },
    "col_07": {
      "text": "",
      "image": "chart_rows/page_059/row_001/cells/col_07.png",
      "image_tight": "chart_rows/page_059/row_001/cells/col_07_tight.png",
      "bbox_pdf": [
        584.1237182617188,
        90.0709228515625,
        669.9290771484375,
        139.5701904296875
      ],
      "bbox_px_page": [
        4056,
        625,
        4652,
        969
      ]
    },
    "col_08": {
      "text": "Fish trap, fish weir, tunny net as an area",
      "image": "chart_rows/page_059/row_001/cells/col_08.png",
      "image_tight": "chart_rows/page_059/row_001/cells/col_08_tight.png",
      "bbox_pdf": [
        669.9290771484375,
        90.0709228515625,
        755.734619140625,
        139.5701904296875
      ],
      "bbox_px_page": [
        4652,
        625,
        5248,
        969
      ]
    }
  }
}