{
  "id": "p026_r002",
  "page_number": 26,
  "row_index": 2,
  "no": "26.1",
  "row_text": "Overhead power cable with pylons and physical vertical clearance",
  "row_image": "chart_rows/page_026/row_002/row.png",
  "cells": {
    "No": {
      "text": "26.1",
      "image": "chart_rows/page_026/row_002/cells/No.png",
      "image_tight": "chart_rows/page_026/row_002/cells/No_tight.png",
      "bbox_pdf": [
        36.07160186767578,
        180.0701904296875,
        64.99938281575669,
        230.46112447418272
      ],
      "bbox_px_page": [
        250,
        1250,
        451,
        1600
      ]
    },
    "INT": {
      "text": "32 Pyl Pyl",
      "image": "chart_rows/page_026/row_002/cells/INT.png",
      "image_tight": "chart_rows/page_026/row_002/cells/INT_tight.png",
      "bbox_pdf": [
        64.99938281575669,
        180.0701904296875,
        193.06974206492305,
        230.46112447418272
      ],
      "bbox_px_page": [
        451,
        1250,
        1340,
        1600
      ]
    },
    "Description": {
      "text": "Overhead power cable with pylons and physical vertical clearance",
      "image": "chart_rows/page_026/row_002/cells/Description.png",
      "image_tight": "chart_rows/page_026/row_002/cells/Description_tight.png",
      "bbox_pdf": [
        193.06974206492305,
        180.0701904296875,
        304.3567180633545,
        230.46112447418272
      ],
      "bbox_px_page": [
        1340,
        1250,
        2113,
        1600
      ]
    },
    "NOAA": {
      "text": "OVERHEAD POWER CABLE AUTHORIZED CL 140 FT",
      "image": "chart_rows/page_026/row_002/cells/NOAA.png",
      "image_tight": "chart_rows/page_026/row_002/cells/NOAA_tight.png",
      "bbox_pdf": [
        304.3567180633545,
        180.0701904296875,
        456.3229369148612,
        230.46112447418272
      ],
      "bbox_px_page": [
        2113,
        1250,
        3168,
        1600
      ]
    },
    "NGA": {
      "text": "",
      "image": "chart_rows/page_026/row_002/cells/NGA.png",
      "image_tight": "chart_rows/page_026/row_002/cells/NGA_tight.png",
      "bbox_pdf": [
        456.3229369148612,
        180.0701904296875,
        567.7757158279419,
        230.46112447418272
      ],
      "bbox_px_page": [
        3168,
        1250,
        3942,
        1600
      ]
    },
    "OtherNGA": {
      "text": "sf clr 20.0",
      "image": "chart_rows/page_026/row_002/cells/OtherNGA.png",
      "image_tight": "chart_rows/page_026/row_002/cells/OtherNGA_tight.png",
      "bbox_pdf": [
        567.7757158279419,
        180.0701904296875,
        651.92743146047,
        230.46112447418272
      ],
      "bbox_px_page": [
        3942,
        1250,
        4527,
        1600
      ]
    },
    "ECDIS": {
      "text": "Transmission line",
      "image": "chart_rows/page_026/row_002/cells/ECDIS.png",
      "image_tight": "chart_rows/page_026/row_002/cells/ECDIS_tight.png",
      "bbox_pdf": [
        651.92743146047,
        180.0701904296875,
        737.734619140625,
        230.46112447418272
      ],
      "bbox_px_page": [
        4527,
        1250,
        5123,
        1600
      ]
    }
  }
}