{
  "id": "p061_r012",
  "page_number": 61,
  "row_index": 12,
  "no": "10",
  "row_text": "Production platform, Platform, Oil derrick",
  "row_image": "chart_rows/page_061/row_012/row.png",
  "cells": {
    "No": {
      "text": "10",
      "image": "chart_rows/page_061/row_012/cells/No.png",
      "image_tight": "chart_rows/page_061/row_012/cells/No_tight.png",
      "bbox_pdf": [
        54.07160186767578,
        483.08319091796875,
        82.99796140193939,
        514.611083984375
      ],
      "bbox_px_page": [
        375,
        3354,
        576,
        3573
      ]
    },
    "INT": {
      "text": "",
      "image": "chart_rows/page_061/row_012/cells/INT.png",
      "image_tight": "chart_rows/page_061/row_012/cells/INT_tight.png",
      "bbox_pdf": [
        82.99796140193939,
        483.08319091796875,
        211.40581703186035,
        514.611083984375
      ],
      "bbox_px_page": [
        576,
        3354,
        1468,
        3573
      ]
    },
    "Description": {
      "text": "Production platform, Platform, Oil derrick",
      "image": "chart_rows/page_061/row_012/cells/Description.png",
      "image_tight": "chart_rows/page_061/row_012/cells/Description_tight.png",
      "bbox_pdf": [
        211.40581703186035,
        483.08319091796875,
        320.6000061035156,
        514.611083984375
      ],
      "bbox_px_page": [
        1468,
        3354,
        2226,
        3573
      ]
    },
    "NOAA": {
      "text": "",
      "image": "chart_rows/page_061/row_012/cells/NOAA.png",
      "image_tight": "chart_rows/page_061/row_012/cells/NOAA_tight.png",
      "bbox_pdf": [
        320.6000061035156,
        483.08319091796875,
        474.3236999511719,
        514.611083984375
      ],
      "bbox_px_page": [
        2226,
        3354,
        3293,
        3573
      ]
    },
    "NGA": {
      "text": "",
      "image": "chart_rows/page_061/row_012/cells/NGA.png",
      "image_tight": "chart_rows/page_061/row_012/cells/NGA_tight.png",
      "bbox_pdf": [
        474.3236999511719,
        483.08319091796875,
        585.5497436523438,
        514.611083984375
      ],
      "bbox_px_page": [
        3293,
        3354,
        4066,
        3573
      ]
    },
    "OtherNGA": {
      "text": "",
      "image": "chart_rows/page_061/row_012/cells/OtherNGA.png",
      "image_tight": "chart_rows/page_061/row_012/cells/OtherNGA_tight.png",
      "bbox_pdf": [
        585.5497436523438,
        483.08319091796875,
        669.9003596305847,
        514.611083984375
      ],
      "bbox_px_page": [
        4066,
        3354,
        4652,
        3573
      ]
    },
    "ECDIS": {
      "text": "Offshore platform",
      "image": "chart_rows/page_061/row_012/cells/ECDIS.png",
      "image_tight": "chart_rows/page_061/row_012/cells/ECDIS_tight.png",
      "bbox_pdf": [
        669.9003596305847,
        483.08319091796875,
        755.734619140625,
        514.611083984375
      ],
      "bbox_px_page": [
        4652,
        3354,
        5248,
        3573
      ]
    }
  }
}