{
  "id": "p043_r003",
  "page_number": 43,
  "row_index": 3,
  "no": "44",
  "row_text": "Tide rips symbol used only in small areas",
  "row_image": "chart_rows/page_043/row_003/row.png",
  "cells": {
    "col_01": {
      "text": "44",
      "image": "chart_rows/page_043/row_003/cells/col_01.png",
      "image_tight": "chart_rows/page_043/row_003/cells/col_01_tight.png",
      "bbox_pdf": [
        53.89714285714286,
        144.46868896484375,
        82.90285714285714,
        197.47848510742188
      ],
      "bbox_px_page": [
        374,
        1003,
        575,
        1371
      ]
    },
    "col_02": {
      "text": "",
      "image": "chart_rows/page_043/row_003/cells/col_02.png",
      "image_tight": "chart_rows/page_043/row_003/cells/col_02_tight.png",
      "bbox_pdf": [
        82.90285714285714,
        144.46868896484375,
        209.62285714285716,
        197.47848510742188
      ],
      "bbox_px_page": [
        575,
        1003,
        1455,
        1371
      ]
    },
    "col_03": {
      "text": "Overfalls, tide rips, races",
      "image": "chart_rows/page_043/row_003/cells/col_03.png",
      "image_tight": "chart_rows/page_043/row_003/cells/col_03_tight.png",
      "bbox_pdf": [
        209.62285714285716,
        144.46868896484375,
        320.5028571428572,
        197.47848510742188
      ],
      "bbox_px_page": [
        1455,
        1003,
        2225,
        1371
      ]
    },
    "col_04": {
      "text": "Tide rips symbol used only in small areas",
      "image": "chart_rows/page_043/row_003/cells/col_04.png",
      "image_tight": "chart_rows/page_043/row_003/cells/col_04_tight.png",
      "bbox_pdf": [
        320.5028571428572,
        144.46868896484375,
        474.17142857142863,
        197.47848510742188
      ],
      "bbox_px_page": [
        2225,
        1003,
        3292,
        1371
      ]
    },
    "col_05": {
      "text": "",
      "image": "chart_rows/page_043/row_003/cells/col_05.png",
      "image_tight": "chart_rows/page_043/row_003/cells/col_05_tight.png",
      "bbox_pdf": [
        474.17142857142863,
        144.46868896484375,
        584.0228571428572,
        197.47848510742188
      ],
      "bbox_px_page": [
        3292,
        1003,
        4055,
        1371
      ]
    },
    "col_06": {
      "text": "Overfalls, tide rips; ed-",
      "image": "chart_rows/page_043/row_003/cells/col_06.png",
      "image_tight": "chart_rows/page_043/row_003/cells/col_06_tight.png",
      "bbox_pdf": [
        584.0228571428572,
        144.46868896484375,
        755.5885714285715,
        197.47848510742188
      ],
      "bbox_px_page": [
        4055,
        1003,
        5247,
        1371
      ]
    }
  }
}