{
  "id": "p064_r004",
  "page_number": 64,
  "row_index": 4,
  "no": "42.2",
  "row_text": "Pipeline tunnel",
  "row_image": "chart_rows/page_064/row_004/row.png",
  "cells": {
    "No": {
      "text": "42.2",
      "image": "chart_rows/page_064/row_004/cells/No.png",
      "image_tight": "chart_rows/page_064/row_004/cells/No_tight.png",
      "bbox_pdf": [
        36.07160186767578,
        264.8971862792969,
        64.99938281575669,
        291.70989990234375
      ],
      "bbox_px_page": [
        250,
        1839,
        451,
        2025
      ]
    },
    "INT": {
      "text": "",
      "image": "chart_rows/page_064/row_004/cells/INT.png",
      "image_tight": "chart_rows/page_064/row_004/cells/INT_tight.png",
      "bbox_pdf": [
        64.99938281575669,
        264.8971862792969,
        193.06974206492305,
        291.70989990234375
      ],
      "bbox_px_page": [
        451,
        1839,
        1340,
        2025
      ]
    },
    "Description": {
      "text": "Pipeline tunnel",
      "image": "chart_rows/page_064/row_004/cells/Description.png",
      "image_tight": "chart_rows/page_064/row_004/cells/Description_tight.png",
      "bbox_pdf": [
        193.06974206492305,
        264.8971862792969,
        304.3567180633545,
        291.70989990234375
      ],
      "bbox_px_page": [
        1340,
        1839,
        2113,
        2025
      ]
    },
    "NOAA": {
      "text": "",
      "image": "chart_rows/page_064/row_004/cells/NOAA.png",
      "image_tight": "chart_rows/page_064/row_004/cells/NOAA_tight.png",
      "bbox_pdf": [
        304.3567180633545,
        264.8971862792969,
        456.3229369148612,
        291.70989990234375
      ],
      "bbox_px_page": [
        2113,
        1839,
        3168,
        2025
      ]
    },
    "NGA": {
      "text": "",
      "image": "chart_rows/page_064/row_004/cells/NGA.png",
      "image_tight": "chart_rows/page_064/row_004/cells/NGA_tight.png",
      "bbox_pdf": [
        456.3229369148612,
        264.8971862792969,
        567.7757158279419,
        291.70989990234375
      ],
      "bbox_px_page": [
        3168,
        1839,
        3942,
        2025
      ]
    },
    "OtherNGA": {
      "text": "",
      "image": "chart_rows/page_064/row_004/cells/OtherNGA.png",
      "image_tight": "chart_rows/page_064/row_004/cells/OtherNGA_tight.png",
      "bbox_pdf": [
        567.7757158279419,
        264.8971862792969,
        651.92743146047,
        291.70989990234375
      ],
      "bbox_px_page": [
        3942,
        1839,
        4527,
        2025
      ]
    },
    "ECDIS": {
      "text": "Pipeline tunnel",
      "image": "chart_rows/page_064/row_004/cells/ECDIS.png",
      "image_tight": "chart_rows/page_064/row_004/cells/ECDIS_tight.png",
      "bbox_pdf": [
        651.92743146047,
        264.8971862792969,
        737.734619140625,
        291.70989990234375
      ],
      "bbox_px_page": [
        4527,
        1839,
        5123,
        2025
      ]
    }
  }
}