{
  "id": "p058_r005",
  "page_number": 58,
  "row_index": 5,
  "no": "44.1",
  "row_text": "Fish stakes as a point Fish stakes as an area",
  "row_image": "chart_rows/page_058/row_005/row.png",
  "cells": {
    "col_01": {
      "text": "44.1",
      "image": "chart_rows/page_058/row_005/cells/col_01.png",
      "image_tight": "chart_rows/page_058/row_005/cells/col_01_tight.png",
      "bbox_pdf": [
        36.07160186767578,
        468.0701904296875,
        66.97056174278259,
        535.5701904296875
      ],
      "bbox_px_page": [
        250,
        3250,
        465,
        3719
      ]
    },
    "col_02": {
      "text": "",
      "image": "chart_rows/page_058/row_005/cells/col_02.png",
      "image_tight": "chart_rows/page_058/row_005/cells/col_02_tight.png",
      "bbox_pdf": [
        66.97056174278259,
        468.0701904296875,
        191.8062746396463,
        535.5701904296875
      ],
      "bbox_px_page": [
        465,
        3250,
        1331,
        3719
      ]
    },
    "col_03": {
      "text": "Fishing stakes",
      "image": "chart_rows/page_058/row_005/cells/col_03.png",
      "image_tight": "chart_rows/page_058/row_005/cells/col_03_tight.png",
      "bbox_pdf": [
        191.8062746396463,
        468.0701904296875,
        302.6000061035156,
        535.5701904296875
      ],
      "bbox_px_page": [
        1331,
        3250,
        2101,
        3719
      ]
    },
    "col_04": {
      "text": "",
      "image": "chart_rows/page_058/row_005/cells/col_04.png",
      "image_tight": "chart_rows/page_058/row_005/cells/col_04_tight.png",
      "bbox_pdf": [
        302.6000061035156,
        468.0701904296875,
        381.01983642578125,
        535.5701904296875
      ],
      "bbox_px_page": [
        2101,
        3250,
        2645,
        3719
      ]
    },
    "col_05": {
      "text": "Fsh stks",
      "image": "chart_rows/page_058/row_005/cells/col_05.png",
      "image_tight": "chart_rows/page_058/row_005/cells/col_05_tight.png",
      "bbox_pdf": [
        381.01983642578125,
        468.0701904296875,
        456.3236999511719,
        535.5701904296875
      ],
      "bbox_px_page": [
        2645,
        3250,
        3168,
        3719
      ]
    },
    "col_06": {
      "text": "",
      "image": "chart_rows/page_058/row_005/cells/col_06.png",
      "image_tight": "chart_rows/page_058/row_005/cells/col_06_tight.png",
      "bbox_pdf": [
        456.3236999511719,
        468.0701904296875,
        566.1237182617188,
        535.5701904296875
      ],
      "bbox_px_page": [
        3168,
        3250,
        3931,
        3719
      ]
    },
    "col_07": {
      "text": "",
      "image": "chart_rows/page_058/row_005/cells/col_07.png",
      "image_tight": "chart_rows/page_058/row_005/cells/col_07_tight.png",
      "bbox_pdf": [
        566.1237182617188,
        468.0701904296875,
        651.9290771484375,
        535.5701904296875
      ],
      "bbox_px_page": [
        3931,
        3250,
        4527,
        3719
      ]
    },
    "col_08": {
      "text": "Fish stakes as a point Fish stakes as an area",
      "image": "chart_rows/page_058/row_005/cells/col_08.png",
      "image_tight": "chart_rows/page_058/row_005/cells/col_08_tight.png",
      "bbox_pdf": [
        651.9290771484375,
        468.0701904296875,
        737.734619140625,
        535.5701904296875
      ],
      "bbox_px_page": [
        4527,
        3250,
        5123,
        3719
      ]
    }
  }
}