{
  "id": "p031_r003",
  "page_number": 31,
  "row_index": 3,
  "no": "31",
  "row_text": "ANT (RADAR) Ant (Radar)",
  "row_image": "chart_rows/page_031/row_003/row.png",
  "cells": {
    "col_01": {
      "text": "31",
      "image": "chart_rows/page_031/row_003/cells/col_01.png",
      "image_tight": "chart_rows/page_031/row_003/cells/col_01_tight.png",
      "bbox_pdf": [
        54.07160186767578,
        149.0093994140625,
        83.0,
        178.47891235351562
      ],
      "bbox_px_page": [
        375,
        1034,
        576,
        1239
      ]
    },
    "col_02": {
      "text": "",
      "image": "chart_rows/page_031/row_003/cells/col_02.png",
      "image_tight": "chart_rows/page_031/row_003/cells/col_02_tight.png",
      "bbox_pdf": [
        83.0,
        149.0093994140625,
        209.80630493164062,
        178.47891235351562
      ],
      "bbox_px_page": [
        576,
        1034,
        1456,
        1239
      ]
    },
    "col_03": {
      "text": "Dish aerial",
      "image": "chart_rows/page_031/row_003/cells/col_03.png",
      "image_tight": "chart_rows/page_031/row_003/cells/col_03_tight.png",
      "bbox_pdf": [
        209.80630493164062,
        149.0093994140625,
        320.6000061035156,
        178.47891235351562
      ],
      "bbox_px_page": [
        1456,
        1034,
        2226,
        1239
      ]
    },
    "col_04": {
      "text": "ANT (RADAR) Ant (Radar)",
      "image": "chart_rows/page_031/row_003/cells/col_04.png",
      "image_tight": "chart_rows/page_031/row_003/cells/col_04_tight.png",
      "bbox_pdf": [
        320.6000061035156,
        149.0093994140625,
        397.2838134765625,
        178.47891235351562
      ],
      "bbox_px_page": [
        2226,
        1034,
        2758,
        1239
      ]
    },
    "col_05": {
      "text": "",
      "image": "chart_rows/page_031/row_003/cells/col_05.png",
      "image_tight": "chart_rows/page_031/row_003/cells/col_05_tight.png",
      "bbox_pdf": [
        397.2838134765625,
        149.0093994140625,
        474.3236999511719,
        178.47891235351562
      ],
      "bbox_px_page": [
        2758,
        1034,
        3293,
        1239
      ]
    },
    "col_06": {
      "text": "",
      "image": "chart_rows/page_031/row_003/cells/col_06.png",
      "image_tight": "chart_rows/page_031/row_003/cells/col_06_tight.png",
      "bbox_pdf": [
        474.3236999511719,
        149.0093994140625,
        584.1237182617188,
        178.47891235351562
      ],
      "bbox_px_page": [
        3293,
        1034,
        4056,
        1239
      ]
    },
    "col_07": {
      "text": "",
      "image": "chart_rows/page_031/row_003/cells/col_07.png",
      "image_tight": "chart_rows/page_031/row_003/cells/col_07_tight.png",
      "bbox_pdf": [
        584.1237182617188,
        149.0093994140625,
        669.9290771484375,
        178.47891235351562
      ],
      "bbox_px_page": [
        4056,
        1034,
        4652,
        1239
      ]
    },
    "col_08": {
      "text": "Dish aerial",
      "image": "chart_rows/page_031/row_003/cells/col_08.png",
      "image_tight": "chart_rows/page_031/row_003/cells/col_08_tight.png",
      "bbox_pdf": [
        669.9290771484375,
        149.0093994140625,
        755.734619140625,
        178.47891235351562
      ],
      "bbox_px_page": [
        4652,
        1034,
        5248,
        1239
      ]
    }
  }
}