{
  "id": "p031_r017",
  "page_number": 31,
  "row_index": 17,
  "no": "c",
  "row_text": "Watermill",
  "row_image": "chart_rows/page_031/row_017/row.png",
  "cells": {
    "col_01": {
      "text": "c",
      "image": "chart_rows/page_031/row_017/cells/col_01.png",
      "image_tight": "chart_rows/page_031/row_017/cells/col_01_tight.png",
      "bbox_pdf": [
        54.07160186767578,
        545.6406860351562,
        83.0,
        567.6871948242188
      ],
      "bbox_px_page": [
        375,
        3789,
        576,
        3942
      ]
    },
    "col_02": {
      "text": "",
      "image": "chart_rows/page_031/row_017/cells/col_02.png",
      "image_tight": "chart_rows/page_031/row_017/cells/col_02_tight.png",
      "bbox_pdf": [
        83.0,
        545.6406860351562,
        209.80630493164062,
        567.6871948242188
      ],
      "bbox_px_page": [
        576,
        3789,
        1456,
        3942
      ]
    },
    "col_03": {
      "text": "Watermill",
      "image": "chart_rows/page_031/row_017/cells/col_03.png",
      "image_tight": "chart_rows/page_031/row_017/cells/col_03_tight.png",
      "bbox_pdf": [
        209.80630493164062,
        545.6406860351562,
        320.6000061035156,
        567.6871948242188
      ],
      "bbox_px_page": [
        1456,
        3789,
        2226,
        3942
      ]
    },
    "col_04": {
      "text": "†",
      "image": "chart_rows/page_031/row_017/cells/col_04.png",
      "image_tight": "chart_rows/page_031/row_017/cells/col_04_tight.png",
      "bbox_pdf": [
        320.6000061035156,
        545.6406860351562,
        397.2838134765625,
        567.6871948242188
      ],
      "bbox_px_page": [
        2226,
        3789,
        2758,
        3942
      ]
    },
    "col_05": {
      "text": "",
      "image": "chart_rows/page_031/row_017/cells/col_05.png",
      "image_tight": "chart_rows/page_031/row_017/cells/col_05_tight.png",
      "bbox_pdf": [
        397.2838134765625,
        545.6406860351562,
        474.3236999511719,
        567.6871948242188
      ],
      "bbox_px_page": [
        2758,
        3789,
        3293,
        3942
      ]
    },
    "col_06": {
      "text": "",
      "image": "chart_rows/page_031/row_017/cells/col_06.png",
      "image_tight": "chart_rows/page_031/row_017/cells/col_06_tight.png",
      "bbox_pdf": [
        474.3236999511719,
        545.6406860351562,
        584.1237182617188,
        567.6871948242188
      ],
      "bbox_px_page": [
        3293,
        3789,
        4056,
        3942
      ]
    },
    "col_07": {
      "text": "",
      "image": "chart_rows/page_031/row_017/cells/col_07.png",
      "image_tight": "chart_rows/page_031/row_017/cells/col_07_tight.png",
      "bbox_pdf": [
        584.1237182617188,
        545.6406860351562,
        669.9290771484375,
        567.6871948242188
      ],
      "bbox_px_page": [
        4056,
        3789,
        4652,
        3942
      ]
    },
    "col_08": {
      "text": "",
      "image": "chart_rows/page_031/row_017/cells/col_08.png",
      "image_tight": "chart_rows/page_031/row_017/cells/col_08_tight.png",
      "bbox_pdf": [
        669.9290771484375,
        545.6406860351562,
        755.734619140625,
        567.6871948242188
      ],
      "bbox_px_page": [
        4652,
        3789,
        5248,
        3942
      ]
    }
  }
}