{
  "id": "p061_r004",
  "page_number": 61,
  "row_index": 4,
  "no": "3",
  "row_text": "Area where entry is prohibited or restricted or to be avoided, with other cautions",
  "row_image": "chart_rows/page_061/row_004/row.png",
  "cells": {
    "No": {
      "text": "3",
      "image": "chart_rows/page_061/row_004/cells/No.png",
      "image_tight": "chart_rows/page_061/row_004/cells/No_tight.png",
      "bbox_pdf": [
        54.07160186767578,
        213.69070434570312,
        82.99796140193939,
        260.71929931640625
      ],
      "bbox_px_page": [
        375,
        1483,
        576,
        1810
      ]
    },
    "INT": {
      "text": "",
      "image": "chart_rows/page_061/row_004/cells/INT.png",
      "image_tight": "chart_rows/page_061/row_004/cells/INT_tight.png",
      "bbox_pdf": [
        82.99796140193939,
        213.69070434570312,
        211.40581703186035,
        260.71929931640625
      ],
      "bbox_px_page": [
        576,
        1483,
        1468,
        1810
      ]
    },
    "Description": {
      "text": "Limit of safety zone around offshore installation",
      "image": "chart_rows/page_061/row_004/cells/Description.png",
      "image_tight": "chart_rows/page_061/row_004/cells/Description_tight.png",
      "bbox_pdf": [
        211.40581703186035,
        213.69070434570312,
        320.6000061035156,
        260.71929931640625
      ],
      "bbox_px_page": [
        1468,
        1483,
        2226,
        1810
      ]
    },
    "NOAA": {
      "text": "",
      "image": "chart_rows/page_061/row_004/cells/NOAA.png",
      "image_tight": "chart_rows/page_061/row_004/cells/NOAA_tight.png",
      "bbox_pdf": [
        320.6000061035156,
        213.69070434570312,
        474.3236999511719,
        260.71929931640625
      ],
      "bbox_px_page": [
        2226,
        1483,
        3293,
        1810
      ]
    },
    "NGA": {
      "text": "",
      "image": "chart_rows/page_061/row_004/cells/NGA.png",
      "image_tight": "chart_rows/page_061/row_004/cells/NGA_tight.png",
      "bbox_pdf": [
        474.3236999511719,
        213.69070434570312,
        585.5497436523438,
        260.71929931640625
      ],
      "bbox_px_page": [
        3293,
        1483,
        4066,
        1810
      ]
    },
    "OtherNGA": {
      "text": "",
      "image": "chart_rows/page_061/row_004/cells/OtherNGA.png",
      "image_tight": "chart_rows/page_061/row_004/cells/OtherNGA_tight.png",
      "bbox_pdf": [
        585.5497436523438,
        213.69070434570312,
        669.9003596305847,
        260.71929931640625
      ],
      "bbox_px_page": [
        4066,
        1483,
        4652,
        1810
      ]
    },
    "ECDIS": {
      "text": "Area where entry is prohibited or restricted or to be avoided, with other cautions",
      "image": "chart_rows/page_061/row_004/cells/ECDIS.png",
      "image_tight": "chart_rows/page_061/row_004/cells/ECDIS_tight.png",
      "bbox_pdf": [
        669.9003596305847,
        213.69070434570312,
        755.734619140625,
        260.71929931640625
      ],
      "bbox_px_page": [
        4652,
        1483,
        5248,
        1810
      ]
    }
  }
}