{
  "id": "p044_r002",
  "page_number": 44,
  "row_index": 2,
  "no": "2",
  "row_text": "Sounding of low accuracy Underwater hazard with depth greater than 20 meters Isolated danger of depth less than the safety contour",
  "row_image": "chart_rows/page_044/row_002/row.png",
  "cells": {
    "No": {
      "text": "2",
      "image": "chart_rows/page_044/row_002/cells/No.png",
      "image_tight": "chart_rows/page_044/row_002/cells/No_tight.png",
      "bbox_pdf": [
        36.07160186767578,
        141.1787109375,
        64.99938281575669,
        244.78851318359375
      ],
      "bbox_px_page": [
        250,
        980,
        451,
        1699
      ]
    },
    "INT": {
      "text": "SD",
      "image": "chart_rows/page_044/row_002/cells/INT.png",
      "image_tight": "chart_rows/page_044/row_002/cells/INT_tight.png",
      "bbox_pdf": [
        64.99938281575669,
        141.1787109375,
        193.06974206492305,
        244.78851318359375
      ],
      "bbox_px_page": [
        451,
        980,
        1340,
        1699
      ]
    },
    "Description": {
      "text": "Sounding of doubtful depth",
      "image": "chart_rows/page_044/row_002/cells/Description.png",
      "image_tight": "chart_rows/page_044/row_002/cells/Description_tight.png",
      "bbox_pdf": [
        193.06974206492305,
        141.1787109375,
        304.3567180633545,
        244.78851318359375
      ],
      "bbox_px_page": [
        1340,
        980,
        2113,
        1699
      ]
    },
    "NOAA": {
      "text": "",
      "image": "chart_rows/page_044/row_002/cells/NOAA.png",
      "image_tight": "chart_rows/page_044/row_002/cells/NOAA_tight.png",
      "bbox_pdf": [
        304.3567180633545,
        141.1787109375,
        456.3229369148612,
        244.78851318359375
      ],
      "bbox_px_page": [
        2113,
        980,
        3168,
        1699
      ]
    },
    "NGA": {
      "text": "",
      "image": "chart_rows/page_044/row_002/cells/NGA.png",
      "image_tight": "chart_rows/page_044/row_002/cells/NGA_tight.png",
      "bbox_pdf": [
        456.3229369148612,
        141.1787109375,
        567.7757158279419,
        244.78851318359375
      ],
      "bbox_px_page": [
        3168,
        980,
        3942,
        1699
      ]
    },
    "OtherNGA": {
      "text": "",
      "image": "chart_rows/page_044/row_002/cells/OtherNGA.png",
      "image_tight": "chart_rows/page_044/row_002/cells/OtherNGA_tight.png",
      "bbox_pdf": [
        567.7757158279419,
        141.1787109375,
        651.92743146047,
        244.78851318359375
      ],
      "bbox_px_page": [
        3942,
        980,
        4527,
        1699
      ]
    },
    "ECDIS": {
      "text": "Sounding of low accuracy Underwater hazard with depth greater than 20 meters Isolated danger of depth less than the safety contour",
      "image": "chart_rows/page_044/row_002/cells/ECDIS.png",
      "image_tight": "chart_rows/page_044/row_002/cells/ECDIS_tight.png",
      "bbox_pdf": [
        651.92743146047,
        141.1787109375,
        737.734619140625,
        244.78851318359375
      ],
      "bbox_px_page": [
        4527,
        980,
        5123,
        1699
      ]
    }
  }
}