{
  "id": "p026_r011",
  "page_number": 26,
  "row_index": 11,
  "no": "c",
  "row_text": "Abandoned railroad",
  "row_image": "chart_rows/page_026/row_011/row.png",
  "cells": {
    "No": {
      "text": "c",
      "image": "chart_rows/page_026/row_011/cells/No.png",
      "image_tight": "chart_rows/page_026/row_011/cells/No_tight.png",
      "bbox_pdf": [
        36.07160186767578,
        522.0701904296875,
        64.99938281575669,
        549.0701904296875
      ],
      "bbox_px_page": [
        250,
        3625,
        451,
        3812
      ]
    },
    "INT": {
      "text": "",
      "image": "chart_rows/page_026/row_011/cells/INT.png",
      "image_tight": "chart_rows/page_026/row_011/cells/INT_tight.png",
      "bbox_pdf": [
        64.99938281575669,
        522.0701904296875,
        193.06974206492305,
        549.0701904296875
      ],
      "bbox_px_page": [
        451,
        3625,
        1340,
        3812
      ]
    },
    "Description": {
      "text": "Abandoned railroad",
      "image": "chart_rows/page_026/row_011/cells/Description.png",
      "image_tight": "chart_rows/page_026/row_011/cells/Description_tight.png",
      "bbox_pdf": [
        193.06974206492305,
        522.0701904296875,
        304.3567180633545,
        549.0701904296875
      ],
      "bbox_px_page": [
        1340,
        3625,
        2113,
        3812
      ]
    },
    "NOAA": {
      "text": "",
      "image": "chart_rows/page_026/row_011/cells/NOAA.png",
      "image_tight": "chart_rows/page_026/row_011/cells/NOAA_tight.png",
      "bbox_pdf": [
        304.3567180633545,
        522.0701904296875,
        456.3229369148612,
        549.0701904296875
      ],
      "bbox_px_page": [
        2113,
        3625,
        3168,
        3812
      ]
    },
    "NGA": {
      "text": "",
      "image": "chart_rows/page_026/row_011/cells/NGA.png",
      "image_tight": "chart_rows/page_026/row_011/cells/NGA_tight.png",
      "bbox_pdf": [
        456.3229369148612,
        522.0701904296875,
        567.7757158279419,
        549.0701904296875
      ],
      "bbox_px_page": [
        3168,
        3625,
        3942,
        3812
      ]
    },
    "OtherNGA": {
      "text": "",
      "image": "chart_rows/page_026/row_011/cells/OtherNGA.png",
      "image_tight": "chart_rows/page_026/row_011/cells/OtherNGA_tight.png",
      "bbox_pdf": [
        567.7757158279419,
        522.0701904296875,
        651.92743146047,
        549.0701904296875
      ],
      "bbox_px_page": [
        3942,
        3625,
        4527,
        3812
      ]
    },
    "ECDIS": {
      "text": "",
      "image": "chart_rows/page_026/row_011/cells/ECDIS.png",
      "image_tight": "chart_rows/page_026/row_011/cells/ECDIS_tight.png",
      "bbox_pdf": [
        651.92743146047,
        522.0701904296875,
        737.734619140625,
        549.0701904296875
      ],
      "bbox_px_page": [
        4527,
        3625,
        5123,
        3812
      ]
    }
  }
}