{
  "id": "p048_r001",
  "page_number": 48,
  "row_index": 1,
  "no": "30",
  "row_text": "Drying contour Low water line Blue tint, in one or more shades, or tint ribbons are shown to different limits according to the scale and purpose of the chart and the nature of the bathym- etry. On some charts, contours and values are printed in blue.",
  "row_image": "chart_rows/page_048/row_001/row.png",
  "cells": {
    "col_01": {
      "text": "30",
      "image": "chart_rows/page_048/row_001/cells/col_01.png",
      "image_tight": "chart_rows/page_048/row_001/cells/col_01_tight.png",
      "bbox_pdf": [
        36.07160186767578,
        108.0701904296875,
        65.0,
        418.11651611328125
      ],
      "bbox_px_page": [
        250,
        750,
        451,
        2903
      ]
    },
    "col_02": {
      "text": "",
      "image": "chart_rows/page_048/row_001/cells/col_02.png",
      "image_tight": "chart_rows/page_048/row_001/cells/col_02_tight.png",
      "bbox_pdf": [
        65.0,
        108.0701904296875,
        191.80630493164062,
        418.11651611328125
      ],
      "bbox_px_page": [
        451,
        750,
        1331,
        2903
      ]
    },
    "col_03": {
      "text": "Drying contour Low water line Blue tint, in one or more shades, or tint ribbons are shown to different limits according to the scale and purpose of the chart and the nature of the bathym- etry. On some charts, contours and values are printed in blue.",
      "image": "chart_rows/page_048/row_001/cells/col_03.png",
      "image_tight": "chart_rows/page_048/row_001/cells/col_03_tight.png",
      "bbox_pdf": [
        191.80630493164062,
        108.0701904296875,
        302.6000061035156,
        418.11651611328125
      ],
      "bbox_px_page": [
        1331,
        750,
        2101,
        2903
      ]
    },
    "col_04": {
      "text": "",
      "image": "chart_rows/page_048/row_001/cells/col_04.png",
      "image_tight": "chart_rows/page_048/row_001/cells/col_04_tight.png",
      "bbox_pdf": [
        302.6000061035156,
        108.0701904296875,
        566.1237182617188,
        418.11651611328125
      ],
      "bbox_px_page": [
        2101,
        750,
        3931,
        2903
      ]
    },
    "col_05": {
      "text": "Two Shades Four Shades shallow water contour deep water contour all deeper contours safety contour very shallow depth deep depth medium shallow depth medium deep depth foreshore foreshore deep depth shallow depth",
      "image": "chart_rows/page_048/row_001/cells/col_05.png",
      "image_tight": "chart_rows/page_048/row_001/cells/col_05_tight.png",
      "bbox_pdf": [
        566.1237182617188,
        108.0701904296875,
        737.734619140625,
        418.11651611328125
      ],
      "bbox_px_page": [
        3931,
        750,
        5123,
        2903
      ]
    }
  }
}