{
  "id": "p062_r007",
  "page_number": 62,
  "row_index": 7,
  "no": "21.1",
  "row_text": "solated danger of depth ess than the safety contour",
  "row_image": "chart_rows/page_062/row_007/row.png",
  "cells": {
    "col_01": {
      "text": "21.1",
      "image": "chart_rows/page_062/row_007/cells/col_01.png",
      "image_tight": "chart_rows/page_062/row_007/cells/col_01_tight.png",
      "bbox_pdf": [
        36.07160186767578,
        365.1002197265625,
        66.97056174278259,
        393.7178955078125
      ],
      "bbox_px_page": [
        250,
        2535,
        465,
        2734
      ]
    },
    "col_02": {
      "text": "",
      "image": "chart_rows/page_062/row_007/cells/col_02.png",
      "image_tight": "chart_rows/page_062/row_007/cells/col_02_tight.png",
      "bbox_pdf": [
        66.97056174278259,
        365.1002197265625,
        191.8062746396463,
        393.7178955078125
      ],
      "bbox_px_page": [
        465,
        2535,
        1331,
        2734
      ]
    },
    "col_03": {
      "text": "Suspended well, depth over wellhead unknown",
      "image": "chart_rows/page_062/row_007/cells/col_03.png",
      "image_tight": "chart_rows/page_062/row_007/cells/col_03_tight.png",
      "bbox_pdf": [
        191.8062746396463,
        365.1002197265625,
        302.6000061035156,
        393.7178955078125
      ],
      "bbox_px_page": [
        1331,
        2535,
        2101,
        2734
      ]
    },
    "col_04": {
      "text": "Pipe",
      "image": "chart_rows/page_062/row_007/cells/col_04.png",
      "image_tight": "chart_rows/page_062/row_007/cells/col_04_tight.png",
      "bbox_pdf": [
        302.6000061035156,
        365.1002197265625,
        381.01983642578125,
        393.7178955078125
      ],
      "bbox_px_page": [
        2101,
        2535,
        2645,
        2734
      ]
    },
    "col_05": {
      "text": "",
      "image": "chart_rows/page_062/row_007/cells/col_05.png",
      "image_tight": "chart_rows/page_062/row_007/cells/col_05_tight.png",
      "bbox_pdf": [
        381.01983642578125,
        365.1002197265625,
        456.3236999511719,
        393.7178955078125
      ],
      "bbox_px_page": [
        2645,
        2535,
        3168,
        2734
      ]
    },
    "col_06": {
      "text": "",
      "image": "chart_rows/page_062/row_007/cells/col_06.png",
      "image_tight": "chart_rows/page_062/row_007/cells/col_06_tight.png",
      "bbox_pdf": [
        456.3236999511719,
        365.1002197265625,
        566.1237182617188,
        393.7178955078125
      ],
      "bbox_px_page": [
        3168,
        2535,
        3931,
        2734
      ]
    },
    "col_07": {
      "text": "I l",
      "image": "chart_rows/page_062/row_007/cells/col_07.png",
      "image_tight": "chart_rows/page_062/row_007/cells/col_07_tight.png",
      "bbox_pdf": [
        566.1237182617188,
        365.1002197265625,
        651.9290771484375,
        393.7178955078125
      ],
      "bbox_px_page": [
        3931,
        2535,
        4527,
        2734
      ]
    },
    "col_08": {
      "text": "solated danger of depth ess than the safety contour",
      "image": "chart_rows/page_062/row_007/cells/col_08.png",
      "image_tight": "chart_rows/page_062/row_007/cells/col_08_tight.png",
      "bbox_pdf": [
        651.9290771484375,
        365.1002197265625,
        737.734619140625,
        393.7178955078125
      ],
      "bbox_px_page": [
        4527,
        2535,
        5123,
        2734
      ]
    }
  }
}