{
  "id": "p030_r009",
  "page_number": 30,
  "row_index": 9,
  "no": "25.2",
  "row_text": "is obtained by cursor pick",
  "row_image": "chart_rows/page_030/row_009/row.png",
  "cells": {
    "col_01": {
      "text": "25.2",
      "image": "chart_rows/page_030/row_009/cells/col_01.png",
      "image_tight": "chart_rows/page_030/row_009/cells/col_01_tight.png",
      "bbox_pdf": [
        36.07160186767578,
        323.69049072265625,
        66.83821793145034,
        351.6192932128906
      ],
      "bbox_px_page": [
        250,
        2247,
        464,
        2441
      ]
    },
    "col_02": {
      "text": "",
      "image": "chart_rows/page_030/row_009/cells/col_02.png",
      "image_tight": "chart_rows/page_030/row_009/cells/col_02_tight.png",
      "bbox_pdf": [
        66.83821793145034,
        323.69049072265625,
        128.35996961593628,
        351.6192932128906
      ],
      "bbox_px_page": [
        464,
        2247,
        891,
        2441
      ]
    },
    "col_03": {
      "text": "",
      "image": "chart_rows/page_030/row_009/cells/col_03.png",
      "image_tight": "chart_rows/page_030/row_009/cells/col_03_tight.png",
      "bbox_pdf": [
        128.35996961593628,
        323.69049072265625,
        192.74342723796144,
        351.6192932128906
      ],
      "bbox_px_page": [
        891,
        2247,
        1338,
        2441
      ]
    },
    "col_04": {
      "text": "Windmill (without sails)",
      "image": "chart_rows/page_030/row_009/cells/col_04.png",
      "image_tight": "chart_rows/page_030/row_009/cells/col_04_tight.png",
      "bbox_pdf": [
        192.74342723796144,
        323.69049072265625,
        302.6000061035156,
        351.6192932128906
      ],
      "bbox_px_page": [
        1338,
        2247,
        2101,
        2441
      ]
    },
    "col_05": {
      "text": "",
      "image": "chart_rows/page_030/row_009/cells/col_05.png",
      "image_tight": "chart_rows/page_030/row_009/cells/col_05_tight.png",
      "bbox_pdf": [
        302.6000061035156,
        323.69049072265625,
        456.3236999511719,
        351.6192932128906
      ],
      "bbox_px_page": [
        2101,
        2247,
        3168,
        2441
      ]
    },
    "col_06": {
      "text": "",
      "image": "chart_rows/page_030/row_009/cells/col_06.png",
      "image_tight": "chart_rows/page_030/row_009/cells/col_06_tight.png",
      "bbox_pdf": [
        456.3236999511719,
        323.69049072265625,
        567.5356597900391,
        351.6192932128906
      ],
      "bbox_px_page": [
        3168,
        2247,
        3941,
        2441
      ]
    },
    "col_07": {
      "text": "",
      "image": "chart_rows/page_030/row_009/cells/col_07.png",
      "image_tight": "chart_rows/page_030/row_009/cells/col_07_tight.png",
      "bbox_pdf": [
        567.5356597900391,
        323.69049072265625,
        651.9163010418415,
        351.6192932128906
      ],
      "bbox_px_page": [
        3941,
        2247,
        4527,
        2441
      ]
    },
    "col_08": {
      "text": "is obtained by cursor pick",
      "image": "chart_rows/page_030/row_009/cells/col_08.png",
      "image_tight": "chart_rows/page_030/row_009/cells/col_08_tight.png",
      "bbox_pdf": [
        651.9163010418415,
        323.69049072265625,
        737.734619140625,
        351.6192932128906
      ],
      "bbox_px_page": [
        4527,
        2247,
        5123,
        2441
      ]
    }
  }
}