{
  "id": "p041_r008",
  "page_number": 41,
  "row_index": 8,
  "no": "7",
  "row_text": "Tabular statement of TIDAL INFORMATION PLACE Height referred to datum of soundings (MLLW) NAME (LAT/LONG) Mean Higher High Water Mean High Water Mean Low Water",
  "row_image": "chart_rows/page_041/row_008/row.png",
  "cells": {
    "col_01": {
      "text": "",
      "image": "chart_rows/page_041/row_008/cells/col_01.png",
      "image_tight": "chart_rows/page_041/row_008/cells/col_01_tight.png",
      "bbox_pdf": [
        54.070899963378906,
        428.04638671875,
        82.08000183105469,
        476.3409357070923
      ],
      "bbox_px_page": [
        375,
        2972,
        570,
        3307
      ]
    },
    "col_02": {
      "text": "Tabular statement of TIDAL INFORMATION PLACE Height referred to datum of soundings (MLLW) NAME (LAT/LONG) Mean Higher High Water Mean High Water Mean Low Water",
      "image": "chart_rows/page_041/row_008/cells/col_02.png",
      "image_tight": "chart_rows/page_041/row_008/cells/col_02_tight.png",
      "bbox_pdf": [
        82.08000183105469,
        428.04638671875,
        755.9290771484375,
        476.3409357070923
      ],
      "bbox_px_page": [
        570,
        2972,
        5249,
        3307
      ]
    }
  }
}