{
  "id": "p038_r007",
  "page_number": 38,
  "row_index": 7,
  "no": "53.2",
  "row_text": "Crane as an area Crane, visually conspicuous as an area",
  "row_image": "chart_rows/page_038/row_007/row.png",
  "cells": {
    "col_01": {
      "text": "53.2",
      "image": "chart_rows/page_038/row_007/cells/col_01.png",
      "image_tight": "chart_rows/page_038/row_007/cells/col_01_tight.png",
      "bbox_pdf": [
        36.07160186767578,
        321.4320526123047,
        66.97056174278259,
        393.9010009765625
      ],
      "bbox_px_page": [
        250,
        2232,
        465,
        2735
      ]
    },
    "col_02": {
      "text": "",
      "image": "chart_rows/page_038/row_007/cells/col_02.png",
      "image_tight": "chart_rows/page_038/row_007/cells/col_02_tight.png",
      "bbox_pdf": [
        66.97056174278259,
        321.4320526123047,
        191.8062746396463,
        393.9010009765625
      ],
      "bbox_px_page": [
        465,
        2232,
        1331,
        2735
      ]
    },
    "col_03": {
      "text": "Container crane (with lifting capacity)",
      "image": "chart_rows/page_038/row_007/cells/col_03.png",
      "image_tight": "chart_rows/page_038/row_007/cells/col_03_tight.png",
      "bbox_pdf": [
        191.8062746396463,
        321.4320526123047,
        302.6000061035156,
        393.9010009765625
      ],
      "bbox_px_page": [
        1331,
        2232,
        2101,
        2735
      ]
    },
    "col_04": {
      "text": "†",
      "image": "chart_rows/page_038/row_007/cells/col_04.png",
      "image_tight": "chart_rows/page_038/row_007/cells/col_04_tight.png",
      "bbox_pdf": [
        302.6000061035156,
        321.4320526123047,
        381.01983642578125,
        393.9010009765625
      ],
      "bbox_px_page": [
        2101,
        2232,
        2645,
        2735
      ]
    },
    "col_05": {
      "text": "Crane Crane",
      "image": "chart_rows/page_038/row_007/cells/col_05.png",
      "image_tight": "chart_rows/page_038/row_007/cells/col_05_tight.png",
      "bbox_pdf": [
        381.01983642578125,
        321.4320526123047,
        456.3236999511719,
        393.9010009765625
      ],
      "bbox_px_page": [
        2645,
        2232,
        3168,
        2735
      ]
    },
    "col_06": {
      "text": "",
      "image": "chart_rows/page_038/row_007/cells/col_06.png",
      "image_tight": "chart_rows/page_038/row_007/cells/col_06_tight.png",
      "bbox_pdf": [
        456.3236999511719,
        321.4320526123047,
        566.1237182617188,
        393.9010009765625
      ],
      "bbox_px_page": [
        3168,
        2232,
        3931,
        2735
      ]
    },
    "col_07": {
      "text": "",
      "image": "chart_rows/page_038/row_007/cells/col_07.png",
      "image_tight": "chart_rows/page_038/row_007/cells/col_07_tight.png",
      "bbox_pdf": [
        566.1237182617188,
        321.4320526123047,
        651.9290771484375,
        393.9010009765625
      ],
      "bbox_px_page": [
        3931,
        2232,
        4527,
        2735
      ]
    },
    "col_08": {
      "text": "Crane as an area Crane, visually conspicuous as an area",
      "image": "chart_rows/page_038/row_007/cells/col_08.png",
      "image_tight": "chart_rows/page_038/row_007/cells/col_08_tight.png",
      "bbox_pdf": [
        651.9290771484375,
        321.4320526123047,
        737.734619140625,
        393.9010009765625
      ],
      "bbox_px_page": [
        4527,
        2232,
        5123,
        2735
      ]
    }
  }
}