{
  "id": "p039_r007",
  "page_number": 39,
  "row_index": 7,
  "no": "g",
  "row_text": "Conveyor",
  "row_image": "chart_rows/page_039/row_007/row.png",
  "cells": {
    "col_01": {
      "text": "g",
      "image": "chart_rows/page_039/row_007/cells/col_01.png",
      "image_tight": "chart_rows/page_039/row_007/cells/col_01_tight.png",
      "bbox_pdf": [
        53.89714285714286,
        318.85211181640625,
        82.90285714285714,
        345.926513671875
      ],
      "bbox_px_page": [
        374,
        2214,
        575,
        2402
      ]
    },
    "col_02": {
      "text": "",
      "image": "chart_rows/page_039/row_007/cells/col_02.png",
      "image_tight": "chart_rows/page_039/row_007/cells/col_02_tight.png",
      "bbox_pdf": [
        82.90285714285714,
        318.85211181640625,
        209.62285714285716,
        345.926513671875
      ],
      "bbox_px_page": [
        575,
        2214,
        1455,
        2402
      ]
    },
    "col_03": {
      "text": "Conveyor",
      "image": "chart_rows/page_039/row_007/cells/col_03.png",
      "image_tight": "chart_rows/page_039/row_007/cells/col_03_tight.png",
      "bbox_pdf": [
        209.62285714285716,
        318.85211181640625,
        320.5028571428572,
        345.926513671875
      ],
      "bbox_px_page": [
        1455,
        2214,
        2225,
        2402
      ]
    },
    "col_04": {
      "text": "Conveyor",
      "image": "chart_rows/page_039/row_007/cells/col_04.png",
      "image_tight": "chart_rows/page_039/row_007/cells/col_04_tight.png",
      "bbox_pdf": [
        320.5028571428572,
        318.85211181640625,
        474.17142857142863,
        345.926513671875
      ],
      "bbox_px_page": [
        2225,
        2214,
        3292,
        2402
      ]
    },
    "col_05": {
      "text": "",
      "image": "chart_rows/page_039/row_007/cells/col_05.png",
      "image_tight": "chart_rows/page_039/row_007/cells/col_05_tight.png",
      "bbox_pdf": [
        474.17142857142863,
        318.85211181640625,
        584.0228571428572,
        345.926513671875
      ],
      "bbox_px_page": [
        3292,
        2214,
        4055,
        2402
      ]
    },
    "col_06": {
      "text": "",
      "image": "chart_rows/page_039/row_007/cells/col_06.png",
      "image_tight": "chart_rows/page_039/row_007/cells/col_06_tight.png",
      "bbox_pdf": [
        584.0228571428572,
        318.85211181640625,
        755.5885714285715,
        345.926513671875
      ],
      "bbox_px_page": [
        4055,
        2214,
        5247,
        2402
      ]
    }
  }
}