{
  "id": "p050_r002",
  "page_number": 50,
  "row_index": 2,
  "no": "15",
  "row_text": "Spring in seabed",
  "row_image": "chart_rows/page_050/row_002/row.png",
  "cells": {
    "No": {
      "text": "15",
      "image": "chart_rows/page_050/row_002/cells/No.png",
      "image_tight": "chart_rows/page_050/row_002/cells/No_tight.png",
      "bbox_pdf": [
        36.07160186767578,
        206.67080688476562,
        64.99938281575669,
        230.91720581054688
      ],
      "bbox_px_page": [
        250,
        1435,
        451,
        1603
      ]
    },
    "INT": {
      "text": "",
      "image": "chart_rows/page_050/row_002/cells/INT.png",
      "image_tight": "chart_rows/page_050/row_002/cells/INT_tight.png",
      "bbox_pdf": [
        64.99938281575669,
        206.67080688476562,
        193.06974206492305,
        230.91720581054688
      ],
      "bbox_px_page": [
        451,
        1435,
        1340,
        1603
      ]
    },
    "Description": {
      "text": "Spring in seabed",
      "image": "chart_rows/page_050/row_002/cells/Description.png",
      "image_tight": "chart_rows/page_050/row_002/cells/Description_tight.png",
      "bbox_pdf": [
        193.06974206492305,
        206.67080688476562,
        304.3567180633545,
        230.91720581054688
      ],
      "bbox_px_page": [
        1340,
        1435,
        2113,
        1603
      ]
    },
    "NOAA": {
      "text": "Spring",
      "image": "chart_rows/page_050/row_002/cells/NOAA.png",
      "image_tight": "chart_rows/page_050/row_002/cells/NOAA_tight.png",
      "bbox_pdf": [
        304.3567180633545,
        206.67080688476562,
        456.3229369148612,
        230.91720581054688
      ],
      "bbox_px_page": [
        2113,
        1435,
        3168,
        1603
      ]
    },
    "NGA": {
      "text": "",
      "image": "chart_rows/page_050/row_002/cells/NGA.png",
      "image_tight": "chart_rows/page_050/row_002/cells/NGA_tight.png",
      "bbox_pdf": [
        456.3229369148612,
        206.67080688476562,
        567.7757158279419,
        230.91720581054688
      ],
      "bbox_px_page": [
        3168,
        1435,
        3942,
        1603
      ]
    },
    "OtherNGA": {
      "text": "",
      "image": "chart_rows/page_050/row_002/cells/OtherNGA.png",
      "image_tight": "chart_rows/page_050/row_002/cells/OtherNGA_tight.png",
      "bbox_pdf": [
        567.7757158279419,
        206.67080688476562,
        651.92743146047,
        230.91720581054688
      ],
      "bbox_px_page": [
        3942,
        1435,
        4527,
        1603
      ]
    },
    "ECDIS": {
      "text": "Spring",
      "image": "chart_rows/page_050/row_002/cells/ECDIS.png",
      "image_tight": "chart_rows/page_050/row_002/cells/ECDIS_tight.png",
      "bbox_pdf": [
        651.92743146047,
        206.67080688476562,
        737.734619140625,
        230.91720581054688
      ],
      "bbox_px_page": [
        4527,
        1435,
        5123,
        1603
      ]
    }
  }
}