{
  "id": "p026_r009",
  "page_number": 26,
  "row_index": 9,
  "no": "Supp",
  "row_text": "plementary National Symbols",
  "row_image": "chart_rows/page_026/row_009/row.png",
  "cells": {
    "No": {
      "text": "Supp",
      "image": "chart_rows/page_026/row_009/cells/No.png",
      "image_tight": "chart_rows/page_026/row_009/cells/No_tight.png",
      "bbox_pdf": [
        36.07160186767578,
        477.0701904296875,
        64.99938281575669,
        495.0701904296875
      ],
      "bbox_px_page": [
        250,
        3312,
        451,
        3437
      ]
    },
    "INT": {
      "text": "plementary National Symbols",
      "image": "chart_rows/page_026/row_009/cells/INT.png",
      "image_tight": "chart_rows/page_026/row_009/cells/INT_tight.png",
      "bbox_pdf": [
        64.99938281575669,
        477.0701904296875,
        193.06974206492305,
        495.0701904296875
      ],
      "bbox_px_page": [
        451,
        3312,
        1340,
        3437
      ]
    },
    "Description": {
      "text": "",
      "image": "chart_rows/page_026/row_009/cells/Description.png",
      "image_tight": "chart_rows/page_026/row_009/cells/Description_tight.png",
      "bbox_pdf": [
        193.06974206492305,
        477.0701904296875,
        304.3567180633545,
        495.0701904296875
      ],
      "bbox_px_page": [
        1340,
        3312,
        2113,
        3437
      ]
    },
    "NOAA": {
      "text": "",
      "image": "chart_rows/page_026/row_009/cells/NOAA.png",
      "image_tight": "chart_rows/page_026/row_009/cells/NOAA_tight.png",
      "bbox_pdf": [
        304.3567180633545,
        477.0701904296875,
        456.3229369148612,
        495.0701904296875
      ],
      "bbox_px_page": [
        2113,
        3312,
        3168,
        3437
      ]
    },
    "NGA": {
      "text": "",
      "image": "chart_rows/page_026/row_009/cells/NGA.png",
      "image_tight": "chart_rows/page_026/row_009/cells/NGA_tight.png",
      "bbox_pdf": [
        456.3229369148612,
        477.0701904296875,
        567.7757158279419,
        495.0701904296875
      ],
      "bbox_px_page": [
        3168,
        3312,
        3942,
        3437
      ]
    },
    "OtherNGA": {
      "text": "",
      "image": "chart_rows/page_026/row_009/cells/OtherNGA.png",
      "image_tight": "chart_rows/page_026/row_009/cells/OtherNGA_tight.png",
      "bbox_pdf": [
        567.7757158279419,
        477.0701904296875,
        651.92743146047,
        495.0701904296875
      ],
      "bbox_px_page": [
        3942,
        3312,
        4527,
        3437
      ]
    },
    "ECDIS": {
      "text": "",
      "image": "chart_rows/page_026/row_009/cells/ECDIS.png",
      "image_tight": "chart_rows/page_026/row_009/cells/ECDIS_tight.png",
      "bbox_pdf": [
        651.92743146047,
        477.0701904296875,
        737.734619140625,
        495.0701904296875
      ],
      "bbox_px_page": [
        4527,
        3312,
        5123,
        3437
      ]
    }
  }
}