{
  "id": "p023_r008",
  "page_number": 23,
  "row_index": 8,
  "no": "7",
  "row_text": "is obtained by cursor pick",
  "row_image": "chart_rows/page_023/row_008/row.png",
  "cells": {
    "col_01": {
      "text": "7",
      "image": "chart_rows/page_023/row_008/cells/col_01.png",
      "image_tight": "chart_rows/page_023/row_008/cells/col_01_tight.png",
      "bbox_pdf": [
        54.07160186767578,
        365.27362060546875,
        83.0,
        393.0675048828125
      ],
      "bbox_px_page": [
        375,
        2536,
        576,
        2729
      ]
    },
    "col_02": {
      "text": "",
      "image": "chart_rows/page_023/row_008/cells/col_02.png",
      "image_tight": "chart_rows/page_023/row_008/cells/col_02_tight.png",
      "bbox_pdf": [
        83.0,
        365.27362060546875,
        148.33418422937393,
        393.0675048828125
      ],
      "bbox_px_page": [
        576,
        2536,
        1030,
        2729
      ]
    },
    "col_03": {
      "text": "",
      "image": "chart_rows/page_023/row_008/cells/col_03.png",
      "image_tight": "chart_rows/page_023/row_008/cells/col_03_tight.png",
      "bbox_pdf": [
        148.33418422937393,
        365.27362060546875,
        209.80630493164062,
        393.0675048828125
      ],
      "bbox_px_page": [
        1030,
        2536,
        1456,
        2729
      ]
    },
    "col_04": {
      "text": "Street name, Road name",
      "image": "chart_rows/page_023/row_008/cells/col_04.png",
      "image_tight": "chart_rows/page_023/row_008/cells/col_04_tight.png",
      "bbox_pdf": [
        209.80630493164062,
        365.27362060546875,
        320.6000061035156,
        393.0675048828125
      ],
      "bbox_px_page": [
        1456,
        2536,
        2226,
        2729
      ]
    },
    "col_05": {
      "text": "",
      "image": "chart_rows/page_023/row_008/cells/col_05.png",
      "image_tight": "chart_rows/page_023/row_008/cells/col_05_tight.png",
      "bbox_pdf": [
        320.6000061035156,
        365.27362060546875,
        474.3236999511719,
        393.0675048828125
      ],
      "bbox_px_page": [
        2226,
        2536,
        3293,
        2729
      ]
    },
    "col_06": {
      "text": "",
      "image": "chart_rows/page_023/row_008/cells/col_06.png",
      "image_tight": "chart_rows/page_023/row_008/cells/col_06_tight.png",
      "bbox_pdf": [
        474.3236999511719,
        365.27362060546875,
        585.386962890625,
        393.0675048828125
      ],
      "bbox_px_page": [
        3293,
        2536,
        4065,
        2729
      ]
    },
    "col_07": {
      "text": "Street name",
      "image": "chart_rows/page_023/row_008/cells/col_07.png",
      "image_tight": "chart_rows/page_023/row_008/cells/col_07_tight.png",
      "bbox_pdf": [
        585.386962890625,
        365.27362060546875,
        669.9257489442825,
        393.0675048828125
      ],
      "bbox_px_page": [
        4065,
        2536,
        4652,
        2729
      ]
    },
    "col_08": {
      "text": "is obtained by cursor pick",
      "image": "chart_rows/page_023/row_008/cells/col_08.png",
      "image_tight": "chart_rows/page_023/row_008/cells/col_08_tight.png",
      "bbox_pdf": [
        669.9257489442825,
        365.27362060546875,
        755.734619140625,
        393.0675048828125
      ],
      "bbox_px_page": [
        4652,
        2536,
        5248,
        2729
      ]
    }
  }
}