{
  "id": "p034_r009",
  "page_number": 34,
  "row_index": 9,
  "no": "15",
  "row_text": "promenade pier",
  "row_image": "chart_rows/page_034/row_009/row.png",
  "cells": {
    "col_01": {
      "text": "15",
      "image": "chart_rows/page_034/row_009/cells/col_01.png",
      "image_tight": "chart_rows/page_034/row_009/cells/col_01_tight.png",
      "bbox_pdf": [
        36.07160186767578,
        408.4783020019531,
        66.83821793145034,
        441.6239929199219
      ],
      "bbox_px_page": [
        250,
        2836,
        464,
        3066
      ]
    },
    "col_02": {
      "text": "",
      "image": "chart_rows/page_034/row_009/cells/col_02.png",
      "image_tight": "chart_rows/page_034/row_009/cells/col_02_tight.png",
      "bbox_pdf": [
        66.83821793145034,
        408.4783020019531,
        128.35996961593628,
        441.6239929199219
      ],
      "bbox_px_page": [
        464,
        2836,
        891,
        3066
      ]
    },
    "col_03": {
      "text": "",
      "image": "chart_rows/page_034/row_009/cells/col_03.png",
      "image_tight": "chart_rows/page_034/row_009/cells/col_03_tight.png",
      "bbox_pdf": [
        128.35996961593628,
        408.4783020019531,
        192.74342723796144,
        441.6239929199219
      ],
      "bbox_px_page": [
        891,
        2836,
        1338,
        3066
      ]
    },
    "col_04": {
      "text": "Promenade pier",
      "image": "chart_rows/page_034/row_009/cells/col_04.png",
      "image_tight": "chart_rows/page_034/row_009/cells/col_04_tight.png",
      "bbox_pdf": [
        192.74342723796144,
        408.4783020019531,
        302.6000061035156,
        441.6239929199219
      ],
      "bbox_px_page": [
        1338,
        2836,
        2101,
        3066
      ]
    },
    "col_05": {
      "text": "",
      "image": "chart_rows/page_034/row_009/cells/col_05.png",
      "image_tight": "chart_rows/page_034/row_009/cells/col_05_tight.png",
      "bbox_pdf": [
        302.6000061035156,
        408.4783020019531,
        456.3236999511719,
        441.6239929199219
      ],
      "bbox_px_page": [
        2101,
        2836,
        3168,
        3066
      ]
    },
    "col_06": {
      "text": "",
      "image": "chart_rows/page_034/row_009/cells/col_06.png",
      "image_tight": "chart_rows/page_034/row_009/cells/col_06_tight.png",
      "bbox_pdf": [
        456.3236999511719,
        408.4783020019531,
        567.5356597900391,
        441.6239929199219
      ],
      "bbox_px_page": [
        3168,
        2836,
        3941,
        3066
      ]
    },
    "col_07": {
      "text": "",
      "image": "chart_rows/page_034/row_009/cells/col_07.png",
      "image_tight": "chart_rows/page_034/row_009/cells/col_07_tight.png",
      "bbox_pdf": [
        567.5356597900391,
        408.4783020019531,
        651.9163010418415,
        441.6239929199219
      ],
      "bbox_px_page": [
        3941,
        2836,
        4527,
        3066
      ]
    },
    "col_08": {
      "text": "promenade pier",
      "image": "chart_rows/page_034/row_009/cells/col_08.png",
      "image_tight": "chart_rows/page_034/row_009/cells/col_08_tight.png",
      "bbox_pdf": [
        651.9163010418415,
        408.4783020019531,
        737.734619140625,
        441.6239929199219
      ],
      "bbox_px_page": [
        4527,
        2836,
        5123,
        3066
      ]
    }
  }
}