{
  "id": "p049_r014",
  "page_number": 49,
  "row_index": 14,
  "no": "11",
  "row_text": "Shells (skeletal remains)",
  "row_image": "chart_rows/page_049/row_014/row.png",
  "cells": {
    "No": {
      "text": "11",
      "image": "chart_rows/page_049/row_014/cells/No.png",
      "image_tight": "chart_rows/page_049/row_014/cells/No_tight.png",
      "bbox_pdf": [
        54.07160186767578,
        360.93878173828125,
        82.99796140193939,
        380.5111083984375
      ],
      "bbox_px_page": [
        375,
        2506,
        576,
        2642
      ]
    },
    "INT": {
      "text": "Sh",
      "image": "chart_rows/page_049/row_014/cells/INT.png",
      "image_tight": "chart_rows/page_049/row_014/cells/INT_tight.png",
      "bbox_pdf": [
        82.99796140193939,
        360.93878173828125,
        211.40581703186035,
        380.5111083984375
      ],
      "bbox_px_page": [
        576,
        2506,
        1468,
        2642
      ]
    },
    "Description": {
      "text": "Shells (skeletal remains)",
      "image": "chart_rows/page_049/row_014/cells/Description.png",
      "image_tight": "chart_rows/page_049/row_014/cells/Description_tight.png",
      "bbox_pdf": [
        211.40581703186035,
        360.93878173828125,
        320.6000061035156,
        380.5111083984375
      ],
      "bbox_px_page": [
        1468,
        2506,
        2226,
        2642
      ]
    },
    "NOAA": {
      "text": "",
      "image": "chart_rows/page_049/row_014/cells/NOAA.png",
      "image_tight": "chart_rows/page_049/row_014/cells/NOAA_tight.png",
      "bbox_pdf": [
        320.6000061035156,
        360.93878173828125,
        474.3236999511719,
        380.5111083984375
      ],
      "bbox_px_page": [
        2226,
        2506,
        3293,
        2642
      ]
    },
    "NGA": {
      "text": "",
      "image": "chart_rows/page_049/row_014/cells/NGA.png",
      "image_tight": "chart_rows/page_049/row_014/cells/NGA_tight.png",
      "bbox_pdf": [
        474.3236999511719,
        360.93878173828125,
        585.5497436523438,
        380.5111083984375
      ],
      "bbox_px_page": [
        3293,
        2506,
        4066,
        2642
      ]
    },
    "OtherNGA": {
      "text": "Sh",
      "image": "chart_rows/page_049/row_014/cells/OtherNGA.png",
      "image_tight": "chart_rows/page_049/row_014/cells/OtherNGA_tight.png",
      "bbox_pdf": [
        585.5497436523438,
        360.93878173828125,
        669.9003596305847,
        380.5111083984375
      ],
      "bbox_px_page": [
        4066,
        2506,
        4652,
        2642
      ]
    },
    "ECDIS": {
      "text": "Shells",
      "image": "chart_rows/page_049/row_014/cells/ECDIS.png",
      "image_tight": "chart_rows/page_049/row_014/cells/ECDIS_tight.png",
      "bbox_pdf": [
        669.9003596305847,
        360.93878173828125,
        755.734619140625,
        380.5111083984375
      ],
      "bbox_px_page": [
        4652,
        2506,
        5248,
        2642
      ]
    }
  }
}