{
  "id": "p025_r003",
  "page_number": 25,
  "row_index": 3,
  "no": "22",
  "row_text": "(see introduction)",
  "row_image": "chart_rows/page_025/row_003/row.png",
  "cells": {
    "No": {
      "text": "22",
      "image": "chart_rows/page_025/row_003/cells/No.png",
      "image_tight": "chart_rows/page_025/row_003/cells/No_tight.png",
      "bbox_pdf": [
        54.07160186767578,
        164.25997022539377,
        82.99796140193939,
        189.7134895324707
      ],
      "bbox_px_page": [
        375,
        1140,
        576,
        1317
      ]
    },
    "INT": {
      "text": "20 (8·9)",
      "image": "chart_rows/page_025/row_003/cells/INT.png",
      "image_tight": "chart_rows/page_025/row_003/cells/INT_tight.png",
      "bbox_pdf": [
        82.99796140193939,
        164.25997022539377,
        211.40581703186035,
        189.7134895324707
      ],
      "bbox_px_page": [
        576,
        1140,
        1468,
        1317
      ]
    },
    "Description": {
      "text": "(see introduction)",
      "image": "chart_rows/page_025/row_003/cells/Description.png",
      "image_tight": "chart_rows/page_025/row_003/cells/Description_tight.png",
      "bbox_pdf": [
        211.40581703186035,
        164.25997022539377,
        320.6000061035156,
        189.7134895324707
      ],
      "bbox_px_page": [
        1468,
        1140,
        2226,
        1317
      ]
    },
    "NOAA": {
      "text": "6",
      "image": "chart_rows/page_025/row_003/cells/NOAA.png",
      "image_tight": "chart_rows/page_025/row_003/cells/NOAA_tight.png",
      "bbox_pdf": [
        320.6000061035156,
        164.25997022539377,
        474.3236999511719,
        189.7134895324707
      ],
      "bbox_px_page": [
        2226,
        1140,
        3293,
        1317
      ]
    },
    "NGA": {
      "text": "",
      "image": "chart_rows/page_025/row_003/cells/NGA.png",
      "image_tight": "chart_rows/page_025/row_003/cells/NGA_tight.png",
      "bbox_pdf": [
        474.3236999511719,
        164.25997022539377,
        585.5497436523438,
        189.7134895324707
      ],
      "bbox_px_page": [
        3293,
        1140,
        4066,
        1317
      ]
    },
    "OtherNGA": {
      "text": "",
      "image": "chart_rows/page_025/row_003/cells/OtherNGA.png",
      "image_tight": "chart_rows/page_025/row_003/cells/OtherNGA_tight.png",
      "bbox_pdf": [
        585.5497436523438,
        164.25997022539377,
        669.9003596305847,
        189.7134895324707
      ],
      "bbox_px_page": [
        4066,
        1140,
        4652,
        1317
      ]
    },
    "ECDIS": {
      "text": "Bridge",
      "image": "chart_rows/page_025/row_003/cells/ECDIS.png",
      "image_tight": "chart_rows/page_025/row_003/cells/ECDIS_tight.png",
      "bbox_pdf": [
        669.9003596305847,
        164.25997022539377,
        755.734619140625,
        189.7134895324707
      ],
      "bbox_px_page": [
        4652,
        1140,
        5248,
        1317
      ]
    }
  }
}