{
  "id": "p029_r009",
  "page_number": 29,
  "row_index": 9,
  "no": "10.1",
  "row_text": "Church as a point Church as an area",
  "row_image": "chart_rows/page_029/row_009/row.png",
  "cells": {
    "No": {
      "text": "10.1",
      "image": "chart_rows/page_029/row_009/cells/No.png",
      "image_tight": "chart_rows/page_029/row_009/cells/No_tight.png",
      "bbox_pdf": [
        54.07160186767578,
        407.66998291015625,
        82.99796140193939,
        458.96270751953125
      ],
      "bbox_px_page": [
        375,
        2831,
        576,
        3187
      ]
    },
    "INT": {
      "text": "Ch",
      "image": "chart_rows/page_029/row_009/cells/INT.png",
      "image_tight": "chart_rows/page_029/row_009/cells/INT_tight.png",
      "bbox_pdf": [
        82.99796140193939,
        407.66998291015625,
        211.40581703186035,
        458.96270751953125
      ],
      "bbox_px_page": [
        576,
        2831,
        1468,
        3187
      ]
    },
    "Description": {
      "text": "Church",
      "image": "chart_rows/page_029/row_009/cells/Description.png",
      "image_tight": "chart_rows/page_029/row_009/cells/Description_tight.png",
      "bbox_pdf": [
        211.40581703186035,
        407.66998291015625,
        320.6000061035156,
        458.96270751953125
      ],
      "bbox_px_page": [
        1468,
        2831,
        2226,
        3187
      ]
    },
    "NOAA": {
      "text": "",
      "image": "chart_rows/page_029/row_009/cells/NOAA.png",
      "image_tight": "chart_rows/page_029/row_009/cells/NOAA_tight.png",
      "bbox_pdf": [
        320.6000061035156,
        407.66998291015625,
        474.3236999511719,
        458.96270751953125
      ],
      "bbox_px_page": [
        2226,
        2831,
        3293,
        3187
      ]
    },
    "NGA": {
      "text": "",
      "image": "chart_rows/page_029/row_009/cells/NGA.png",
      "image_tight": "chart_rows/page_029/row_009/cells/NGA_tight.png",
      "bbox_pdf": [
        474.3236999511719,
        407.66998291015625,
        585.5497436523438,
        458.96270751953125
      ],
      "bbox_px_page": [
        3293,
        2831,
        4066,
        3187
      ]
    },
    "OtherNGA": {
      "text": "",
      "image": "chart_rows/page_029/row_009/cells/OtherNGA.png",
      "image_tight": "chart_rows/page_029/row_009/cells/OtherNGA_tight.png",
      "bbox_pdf": [
        585.5497436523438,
        407.66998291015625,
        669.9003596305847,
        458.96270751953125
      ],
      "bbox_px_page": [
        4066,
        2831,
        4652,
        3187
      ]
    },
    "ECDIS": {
      "text": "Church as a point Church as an area",
      "image": "chart_rows/page_029/row_009/cells/ECDIS.png",
      "image_tight": "chart_rows/page_029/row_009/cells/ECDIS_tight.png",
      "bbox_pdf": [
        669.9003596305847,
        407.66998291015625,
        755.734619140625,
        458.96270751953125
      ],
      "bbox_px_page": [
        4652,
        2831,
        5248,
        3187
      ]
    }
  }
}