{
  "id": "p021_r009",
  "page_number": 21,
  "row_index": 9,
  "no": "31.8",
  "row_text": "Eucalypt",
  "row_image": "chart_rows/page_021/row_009/row.png",
  "cells": {
    "No": {
      "text": "31.8",
      "image": "chart_rows/page_021/row_009/cells/No.png",
      "image_tight": "chart_rows/page_021/row_009/cells/No_tight.png",
      "bbox_pdf": [
        54.07160186767578,
        255.02261352539062,
        82.99796140193939,
        276.66261291503906
      ],
      "bbox_px_page": [
        375,
        1770,
        576,
        1921
      ]
    },
    "INT": {
      "text": "†",
      "image": "chart_rows/page_021/row_009/cells/INT.png",
      "image_tight": "chart_rows/page_021/row_009/cells/INT_tight.png",
      "bbox_pdf": [
        82.99796140193939,
        255.02261352539062,
        211.40581703186035,
        276.66261291503906
      ],
      "bbox_px_page": [
        576,
        1770,
        1468,
        1921
      ]
    },
    "Description": {
      "text": "Eucalypt",
      "image": "chart_rows/page_021/row_009/cells/Description.png",
      "image_tight": "chart_rows/page_021/row_009/cells/Description_tight.png",
      "bbox_pdf": [
        211.40581703186035,
        255.02261352539062,
        320.6000061035156,
        276.66261291503906
      ],
      "bbox_px_page": [
        1468,
        1770,
        2226,
        1921
      ]
    },
    "NOAA": {
      "text": "",
      "image": "chart_rows/page_021/row_009/cells/NOAA.png",
      "image_tight": "chart_rows/page_021/row_009/cells/NOAA_tight.png",
      "bbox_pdf": [
        320.6000061035156,
        255.02261352539062,
        474.3236999511719,
        276.66261291503906
      ],
      "bbox_px_page": [
        2226,
        1770,
        3293,
        1921
      ]
    },
    "NGA": {
      "text": "",
      "image": "chart_rows/page_021/row_009/cells/NGA.png",
      "image_tight": "chart_rows/page_021/row_009/cells/NGA_tight.png",
      "bbox_pdf": [
        474.3236999511719,
        255.02261352539062,
        585.5497436523438,
        276.66261291503906
      ],
      "bbox_px_page": [
        3293,
        1770,
        4066,
        1921
      ]
    },
    "OtherNGA": {
      "text": "",
      "image": "chart_rows/page_021/row_009/cells/OtherNGA.png",
      "image_tight": "chart_rows/page_021/row_009/cells/OtherNGA_tight.png",
      "bbox_pdf": [
        585.5497436523438,
        255.02261352539062,
        669.9003596305847,
        276.66261291503906
      ],
      "bbox_px_page": [
        4066,
        1770,
        4652,
        1921
      ]
    },
    "ECDIS": {
      "text": "",
      "image": "chart_rows/page_021/row_009/cells/ECDIS.png",
      "image_tight": "chart_rows/page_021/row_009/cells/ECDIS_tight.png",
      "bbox_pdf": [
        669.9003596305847,
        255.02261352539062,
        755.734619140625,
        276.66261291503906
      ],
      "bbox_px_page": [
        4652,
        1770,
        5248,
        1921
      ]
    }
  }
}