{
  "id": "p021_r010",
  "page_number": 21,
  "row_index": 10,
  "no": "32",
  "row_text": "Mangrove with coastline or shoreline construction of low accuracy in position",
  "row_image": "chart_rows/page_021/row_010/row.png",
  "cells": {
    "No": {
      "text": "32",
      "image": "chart_rows/page_021/row_010/cells/No.png",
      "image_tight": "chart_rows/page_021/row_010/cells/No_tight.png",
      "bbox_pdf": [
        54.07160186767578,
        276.66261291503906,
        82.99796140193939,
        330.765166929923
      ],
      "bbox_px_page": [
        375,
        1921,
        576,
        2296
      ]
    },
    "INT": {
      "text": "0 0",
      "image": "chart_rows/page_021/row_010/cells/INT.png",
      "image_tight": "chart_rows/page_021/row_010/cells/INT_tight.png",
      "bbox_pdf": [
        82.99796140193939,
        276.66261291503906,
        211.40581703186035,
        330.765166929923
      ],
      "bbox_px_page": [
        576,
        1921,
        1468,
        2296
      ]
    },
    "Description": {
      "text": "Mangrove, Nipa palm",
      "image": "chart_rows/page_021/row_010/cells/Description.png",
      "image_tight": "chart_rows/page_021/row_010/cells/Description_tight.png",
      "bbox_pdf": [
        211.40581703186035,
        276.66261291503906,
        320.6000061035156,
        330.765166929923
      ],
      "bbox_px_page": [
        1468,
        1921,
        2226,
        2296
      ]
    },
    "NOAA": {
      "text": "",
      "image": "chart_rows/page_021/row_010/cells/NOAA.png",
      "image_tight": "chart_rows/page_021/row_010/cells/NOAA_tight.png",
      "bbox_pdf": [
        320.6000061035156,
        276.66261291503906,
        474.3236999511719,
        330.765166929923
      ],
      "bbox_px_page": [
        2226,
        1921,
        3293,
        2296
      ]
    },
    "NGA": {
      "text": "",
      "image": "chart_rows/page_021/row_010/cells/NGA.png",
      "image_tight": "chart_rows/page_021/row_010/cells/NGA_tight.png",
      "bbox_pdf": [
        474.3236999511719,
        276.66261291503906,
        585.5497436523438,
        330.765166929923
      ],
      "bbox_px_page": [
        3293,
        1921,
        4066,
        2296
      ]
    },
    "OtherNGA": {
      "text": "",
      "image": "chart_rows/page_021/row_010/cells/OtherNGA.png",
      "image_tight": "chart_rows/page_021/row_010/cells/OtherNGA_tight.png",
      "bbox_pdf": [
        585.5497436523438,
        276.66261291503906,
        669.9003596305847,
        330.765166929923
      ],
      "bbox_px_page": [
        4066,
        1921,
        4652,
        2296
      ]
    },
    "ECDIS": {
      "text": "Mangrove with coastline or shoreline construction of low accuracy in position",
      "image": "chart_rows/page_021/row_010/cells/ECDIS.png",
      "image_tight": "chart_rows/page_021/row_010/cells/ECDIS_tight.png",
      "bbox_pdf": [
        669.9003596305847,
        276.66261291503906,
        755.734619140625,
        330.765166929923
      ],
      "bbox_px_page": [
        4652,
        1921,
        5248,
        2296
      ]
    }
  }
}