{
  "id": "p026_r007",
  "page_number": 26,
  "row_index": 7,
  "no": "28",
  "row_text": "Overhead pipeline, radar conspicuous",
  "row_image": "chart_rows/page_026/row_007/row.png",
  "cells": {
    "No": {
      "text": "28",
      "image": "chart_rows/page_026/row_007/cells/No.png",
      "image_tight": "chart_rows/page_026/row_007/cells/No_tight.png",
      "bbox_pdf": [
        36.07160186767578,
        409.8855438232422,
        64.99938281575669,
        445.56862795352936
      ],
      "bbox_px_page": [
        250,
        2846,
        451,
        3094
      ]
    },
    "INT": {
      "text": "",
      "image": "chart_rows/page_026/row_007/cells/INT.png",
      "image_tight": "chart_rows/page_026/row_007/cells/INT_tight.png",
      "bbox_pdf": [
        64.99938281575669,
        409.8855438232422,
        193.06974206492305,
        445.56862795352936
      ],
      "bbox_px_page": [
        451,
        2846,
        1340,
        3094
      ]
    },
    "Description": {
      "text": "clearance",
      "image": "chart_rows/page_026/row_007/cells/Description.png",
      "image_tight": "chart_rows/page_026/row_007/cells/Description_tight.png",
      "bbox_pdf": [
        193.06974206492305,
        409.8855438232422,
        304.3567180633545,
        445.56862795352936
      ],
      "bbox_px_page": [
        1340,
        2846,
        2113,
        3094
      ]
    },
    "NOAA": {
      "text": "VERT CL 6FT",
      "image": "chart_rows/page_026/row_007/cells/NOAA.png",
      "image_tight": "chart_rows/page_026/row_007/cells/NOAA_tight.png",
      "bbox_pdf": [
        304.3567180633545,
        409.8855438232422,
        456.3229369148612,
        445.56862795352936
      ],
      "bbox_px_page": [
        2113,
        2846,
        3168,
        3094
      ]
    },
    "NGA": {
      "text": "",
      "image": "chart_rows/page_026/row_007/cells/NGA.png",
      "image_tight": "chart_rows/page_026/row_007/cells/NGA_tight.png",
      "bbox_pdf": [
        456.3229369148612,
        409.8855438232422,
        567.7757158279419,
        445.56862795352936
      ],
      "bbox_px_page": [
        3168,
        2846,
        3942,
        3094
      ]
    },
    "OtherNGA": {
      "text": "clr 20.0",
      "image": "chart_rows/page_026/row_007/cells/OtherNGA.png",
      "image_tight": "chart_rows/page_026/row_007/cells/OtherNGA_tight.png",
      "bbox_pdf": [
        567.7757158279419,
        409.8855438232422,
        651.92743146047,
        445.56862795352936
      ],
      "bbox_px_page": [
        3942,
        2846,
        4527,
        3094
      ]
    },
    "ECDIS": {
      "text": "Overhead pipeline, radar conspicuous",
      "image": "chart_rows/page_026/row_007/cells/ECDIS.png",
      "image_tight": "chart_rows/page_026/row_007/cells/ECDIS_tight.png",
      "bbox_pdf": [
        651.92743146047,
        409.8855438232422,
        737.734619140625,
        445.56862795352936
      ],
      "bbox_px_page": [
        4527,
        2846,
        5123,
        3094
      ]
    }
  }
}