{
  "id": "p038_r005",
  "page_number": 38,
  "row_index": 5,
  "no": "53 1",
  "row_text": "Lifting capacity is ob- tained by cursor pick",
  "row_image": "chart_rows/page_038/row_005/row.png",
  "cells": {
    "col_01": {
      "text": "53 1",
      "image": "chart_rows/page_038/row_005/cells/col_01.png",
      "image_tight": "chart_rows/page_038/row_005/cells/col_01_tight.png",
      "bbox_pdf": [
        36.07160186767578,
        239.934730052948,
        66.97056174278259,
        280.9418865442276
      ],
      "bbox_px_page": [
        250,
        1666,
        465,
        1950
      ]
    },
    "col_02": {
      "text": "",
      "image": "chart_rows/page_038/row_005/cells/col_02.png",
      "image_tight": "chart_rows/page_038/row_005/cells/col_02_tight.png",
      "bbox_pdf": [
        66.97056174278259,
        239.934730052948,
        191.8062746396463,
        280.9418865442276
      ],
      "bbox_px_page": [
        465,
        1666,
        1331,
        1950
      ]
    },
    "col_03": {
      "text": "Crane with lifting capacity,",
      "image": "chart_rows/page_038/row_005/cells/col_03.png",
      "image_tight": "chart_rows/page_038/row_005/cells/col_03_tight.png",
      "bbox_pdf": [
        191.8062746396463,
        239.934730052948,
        302.6000061035156,
        280.9418865442276
      ],
      "bbox_px_page": [
        1331,
        1666,
        2101,
        1950
      ]
    },
    "col_04": {
      "text": "",
      "image": "chart_rows/page_038/row_005/cells/col_04.png",
      "image_tight": "chart_rows/page_038/row_005/cells/col_04_tight.png",
      "bbox_pdf": [
        302.6000061035156,
        239.934730052948,
        381.01983642578125,
        280.9418865442276
      ],
      "bbox_px_page": [
        2101,
        1666,
        2645,
        1950
      ]
    },
    "col_05": {
      "text": "",
      "image": "chart_rows/page_038/row_005/cells/col_05.png",
      "image_tight": "chart_rows/page_038/row_005/cells/col_05_tight.png",
      "bbox_pdf": [
        381.01983642578125,
        239.934730052948,
        456.3236999511719,
        280.9418865442276
      ],
      "bbox_px_page": [
        2645,
        1666,
        3168,
        1950
      ]
    },
    "col_06": {
      "text": "",
      "image": "chart_rows/page_038/row_005/cells/col_06.png",
      "image_tight": "chart_rows/page_038/row_005/cells/col_06_tight.png",
      "bbox_pdf": [
        456.3236999511719,
        239.934730052948,
        566.1237182617188,
        280.9418865442276
      ],
      "bbox_px_page": [
        3168,
        1666,
        3931,
        1950
      ]
    },
    "col_07": {
      "text": "",
      "image": "chart_rows/page_038/row_005/cells/col_07.png",
      "image_tight": "chart_rows/page_038/row_005/cells/col_07_tight.png",
      "bbox_pdf": [
        566.1237182617188,
        239.934730052948,
        651.9290771484375,
        280.9418865442276
      ],
      "bbox_px_page": [
        3931,
        1666,
        4527,
        1950
      ]
    },
    "col_08": {
      "text": "Lifting capacity is ob- tained by cursor pick",
      "image": "chart_rows/page_038/row_005/cells/col_08.png",
      "image_tight": "chart_rows/page_038/row_005/cells/col_08_tight.png",
      "bbox_pdf": [
        651.9290771484375,
        239.934730052948,
        737.734619140625,
        280.9418865442276
      ],
      "bbox_px_page": [
        4527,
        1666,
        5123,
        1950
      ]
    }
  }
}