{
  "id": "p057_r006",
  "page_number": 57,
  "row_index": 6,
  "no": "Plane",
  "row_text": "Underwater Installations → L",
  "row_image": "chart_rows/page_057/row_006/row.png",
  "cells": {
    "No": {
      "text": "Plane",
      "image": "chart_rows/page_057/row_006/cells/No.png",
      "image_tight": "chart_rows/page_057/row_006/cells/No_tight.png",
      "bbox_pdf": [
        54.07160186767578,
        400.5701904296875,
        82.99796140193939,
        418.5701904296875
      ],
      "bbox_px_page": [
        375,
        2781,
        576,
        2906
      ]
    },
    "INT": {
      "text": "of Reference for Depths → H",
      "image": "chart_rows/page_057/row_006/cells/INT.png",
      "image_tight": "chart_rows/page_057/row_006/cells/INT_tight.png",
      "bbox_pdf": [
        82.99796140193939,
        400.5701904296875,
        211.40581703186035,
        418.5701904296875
      ],
      "bbox_px_page": [
        576,
        2781,
        1468,
        2906
      ]
    },
    "Description": {
      "text": "Kelp, Seaweed → J",
      "image": "chart_rows/page_057/row_006/cells/Description.png",
      "image_tight": "chart_rows/page_057/row_006/cells/Description_tight.png",
      "bbox_pdf": [
        211.40581703186035,
        400.5701904296875,
        320.6000061035156,
        418.5701904296875
      ],
      "bbox_px_page": [
        1468,
        2781,
        2226,
        2906
      ]
    },
    "NOAA": {
      "text": "Underwater Installations → L",
      "image": "chart_rows/page_057/row_006/cells/NOAA.png",
      "image_tight": "chart_rows/page_057/row_006/cells/NOAA_tight.png",
      "bbox_pdf": [
        320.6000061035156,
        400.5701904296875,
        474.3236999511719,
        418.5701904296875
      ],
      "bbox_px_page": [
        2226,
        2781,
        3293,
        2906
      ]
    },
    "NGA": {
      "text": "",
      "image": "chart_rows/page_057/row_006/cells/NGA.png",
      "image_tight": "chart_rows/page_057/row_006/cells/NGA_tight.png",
      "bbox_pdf": [
        474.3236999511719,
        400.5701904296875,
        585.5497436523438,
        418.5701904296875
      ],
      "bbox_px_page": [
        3293,
        2781,
        4066,
        2906
      ]
    },
    "OtherNGA": {
      "text": "",
      "image": "chart_rows/page_057/row_006/cells/OtherNGA.png",
      "image_tight": "chart_rows/page_057/row_006/cells/OtherNGA_tight.png",
      "bbox_pdf": [
        585.5497436523438,
        400.5701904296875,
        669.9003596305847,
        418.5701904296875
      ],
      "bbox_px_page": [
        4066,
        2781,
        4652,
        2906
      ]
    },
    "ECDIS": {
      "text": "",
      "image": "chart_rows/page_057/row_006/cells/ECDIS.png",
      "image_tight": "chart_rows/page_057/row_006/cells/ECDIS_tight.png",
      "bbox_pdf": [
        669.9003596305847,
        400.5701904296875,
        755.734619140625,
        418.5701904296875
      ],
      "bbox_px_page": [
        4652,
        2781,
        5248,
        2906
      ]
    }
  }
}