{
  "id": "p030_r006",
  "page_number": 30,
  "row_index": 6,
  "no": "23",
  "row_text": "Flare stack (on land)",
  "row_image": "chart_rows/page_030/row_006/row.png",
  "cells": {
    "col_01": {
      "text": "23",
      "image": "chart_rows/page_030/row_006/cells/col_01.png",
      "image_tight": "chart_rows/page_030/row_006/cells/col_01_tight.png",
      "bbox_pdf": [
        36.07160186767578,
        237.26699829101562,
        66.83821793145034,
        265.0733947753906
      ],
      "bbox_px_page": [
        250,
        1647,
        464,
        1840
      ]
    },
    "col_02": {
      "text": "",
      "image": "chart_rows/page_030/row_006/cells/col_02.png",
      "image_tight": "chart_rows/page_030/row_006/cells/col_02_tight.png",
      "bbox_pdf": [
        66.83821793145034,
        237.26699829101562,
        128.35996961593628,
        265.0733947753906
      ],
      "bbox_px_page": [
        464,
        1647,
        891,
        1840
      ]
    },
    "col_03": {
      "text": "",
      "image": "chart_rows/page_030/row_006/cells/col_03.png",
      "image_tight": "chart_rows/page_030/row_006/cells/col_03_tight.png",
      "bbox_pdf": [
        128.35996961593628,
        237.26699829101562,
        192.74342723796144,
        265.0733947753906
      ],
      "bbox_px_page": [
        891,
        1647,
        1338,
        1840
      ]
    },
    "col_04": {
      "text": "Flare stack (on land)",
      "image": "chart_rows/page_030/row_006/cells/col_04.png",
      "image_tight": "chart_rows/page_030/row_006/cells/col_04_tight.png",
      "bbox_pdf": [
        192.74342723796144,
        237.26699829101562,
        302.6000061035156,
        265.0733947753906
      ],
      "bbox_px_page": [
        1338,
        1647,
        2101,
        1840
      ]
    },
    "col_05": {
      "text": "FLARE Flare",
      "image": "chart_rows/page_030/row_006/cells/col_05.png",
      "image_tight": "chart_rows/page_030/row_006/cells/col_05_tight.png",
      "bbox_pdf": [
        302.6000061035156,
        237.26699829101562,
        456.3236999511719,
        265.0733947753906
      ],
      "bbox_px_page": [
        2101,
        1647,
        3168,
        1840
      ]
    },
    "col_06": {
      "text": "",
      "image": "chart_rows/page_030/row_006/cells/col_06.png",
      "image_tight": "chart_rows/page_030/row_006/cells/col_06_tight.png",
      "bbox_pdf": [
        456.3236999511719,
        237.26699829101562,
        567.5356597900391,
        265.0733947753906
      ],
      "bbox_px_page": [
        3168,
        1647,
        3941,
        1840
      ]
    },
    "col_07": {
      "text": "",
      "image": "chart_rows/page_030/row_006/cells/col_07.png",
      "image_tight": "chart_rows/page_030/row_006/cells/col_07_tight.png",
      "bbox_pdf": [
        567.5356597900391,
        237.26699829101562,
        651.9163010418415,
        265.0733947753906
      ],
      "bbox_px_page": [
        3941,
        1647,
        4527,
        1840
      ]
    },
    "col_08": {
      "text": "Flare stack",
      "image": "chart_rows/page_030/row_006/cells/col_08.png",
      "image_tight": "chart_rows/page_030/row_006/cells/col_08_tight.png",
      "bbox_pdf": [
        651.9163010418415,
        237.26699829101562,
        737.734619140625,
        265.0733947753906
      ],
      "bbox_px_page": [
        4527,
        1647,
        5123,
        1840
      ]
    }
  }
}