{
  "id": "p058_r001",
  "page_number": 58,
  "row_index": 1,
  "no": "41",
  "row_text": "Underwater hazard with depth of 20 meters or less Underwater hazard with depth greater than 20 meters Isolated danger of depth less than the safety contour",
  "row_image": "chart_rows/page_058/row_001/row.png",
  "cells": {
    "col_01": {
      "text": "41",
      "image": "chart_rows/page_058/row_001/cells/col_01.png",
      "image_tight": "chart_rows/page_058/row_001/cells/col_01_tight.png",
      "bbox_pdf": [
        36.07160186767578,
        90.0709228515625,
        66.97056174278259,
        184.5701904296875
      ],
      "bbox_px_page": [
        250,
        625,
        465,
        1281
      ]
    },
    "col_02": {
      "text": "",
      "image": "chart_rows/page_058/row_001/cells/col_02.png",
      "image_tight": "chart_rows/page_058/row_001/cells/col_02_tight.png",
      "bbox_pdf": [
        66.97056174278259,
        90.0709228515625,
        191.8062746396463,
        184.5701904296875
      ],
      "bbox_px_page": [
        465,
        625,
        1331,
        1281
      ]
    },
    "col_03": {
      "text": "Obstruction, least depth known by sounding only",
      "image": "chart_rows/page_058/row_001/cells/col_03.png",
      "image_tight": "chart_rows/page_058/row_001/cells/col_03_tight.png",
      "bbox_pdf": [
        191.8062746396463,
        90.0709228515625,
        302.6000061035156,
        184.5701904296875
      ],
      "bbox_px_page": [
        1331,
        625,
        2101,
        1281
      ]
    },
    "col_04": {
      "text": "",
      "image": "chart_rows/page_058/row_001/cells/col_04.png",
      "image_tight": "chart_rows/page_058/row_001/cells/col_04_tight.png",
      "bbox_pdf": [
        302.6000061035156,
        90.0709228515625,
        381.01983642578125,
        184.5701904296875
      ],
      "bbox_px_page": [
        2101,
        625,
        2645,
        1281
      ]
    },
    "col_05": {
      "text": "",
      "image": "chart_rows/page_058/row_001/cells/col_05.png",
      "image_tight": "chart_rows/page_058/row_001/cells/col_05_tight.png",
      "bbox_pdf": [
        381.01983642578125,
        90.0709228515625,
        456.3236999511719,
        184.5701904296875
      ],
      "bbox_px_page": [
        2645,
        625,
        3168,
        1281
      ]
    },
    "col_06": {
      "text": "",
      "image": "chart_rows/page_058/row_001/cells/col_06.png",
      "image_tight": "chart_rows/page_058/row_001/cells/col_06_tight.png",
      "bbox_pdf": [
        456.3236999511719,
        90.0709228515625,
        566.1237182617188,
        184.5701904296875
      ],
      "bbox_px_page": [
        3168,
        625,
        3931,
        1281
      ]
    },
    "col_07": {
      "text": "",
      "image": "chart_rows/page_058/row_001/cells/col_07.png",
      "image_tight": "chart_rows/page_058/row_001/cells/col_07_tight.png",
      "bbox_pdf": [
        566.1237182617188,
        90.0709228515625,
        651.9290771484375,
        184.5701904296875
      ],
      "bbox_px_page": [
        3931,
        625,
        4527,
        1281
      ]
    },
    "col_08": {
      "text": "Underwater hazard with depth of 20 meters or less Underwater hazard with depth greater than 20 meters Isolated danger of depth less than the safety contour",
      "image": "chart_rows/page_058/row_001/cells/col_08.png",
      "image_tight": "chart_rows/page_058/row_001/cells/col_08_tight.png",
      "bbox_pdf": [
        651.9290771484375,
        90.0709228515625,
        737.734619140625,
        184.5701904296875
      ],
      "bbox_px_page": [
        4527,
        625,
        5123,
        1281
      ]
    }
  }
}