{
  "id": "p057_r004",
  "page_number": 57,
  "row_index": 4,
  "no": "31.1 31.2",
  "row_text": "Foul ground, not dangerous to surface navigation, but to be avoided by vessels anchoring, trawling, etc. (e.g. remains of wreck, cleared platform)",
  "row_image": "chart_rows/page_057/row_004/row.png",
  "cells": {
    "No": {
      "text": "31.1 31.2",
      "image": "chart_rows/page_057/row_004/cells/No.png",
      "image_tight": "chart_rows/page_057/row_004/cells/No_tight.png",
      "bbox_pdf": [
        54.07160186767578,
        261.0701904296875,
        82.99796140193939,
        382.5701904296875
      ],
      "bbox_px_page": [
        375,
        1812,
        576,
        2656
      ]
    },
    "INT": {
      "text": "",
      "image": "chart_rows/page_057/row_004/cells/INT.png",
      "image_tight": "chart_rows/page_057/row_004/cells/INT_tight.png",
      "bbox_pdf": [
        82.99796140193939,
        261.0701904296875,
        211.40581703186035,
        382.5701904296875
      ],
      "bbox_px_page": [
        576,
        1812,
        1468,
        2656
      ]
    },
    "Description": {
      "text": "Foul ground, not dangerous to surface navigation, but to be avoided by vessels anchoring, trawling, etc. (e.g. remains of wreck, cleared platform)",
      "image": "chart_rows/page_057/row_004/cells/Description.png",
      "image_tight": "chart_rows/page_057/row_004/cells/Description_tight.png",
      "bbox_pdf": [
        211.40581703186035,
        261.0701904296875,
        320.6000061035156,
        382.5701904296875
      ],
      "bbox_px_page": [
        1468,
        1812,
        2226,
        2656
      ]
    },
    "NOAA": {
      "text": "",
      "image": "chart_rows/page_057/row_004/cells/NOAA.png",
      "image_tight": "chart_rows/page_057/row_004/cells/NOAA_tight.png",
      "bbox_pdf": [
        320.6000061035156,
        261.0701904296875,
        474.3236999511719,
        382.5701904296875
      ],
      "bbox_px_page": [
        2226,
        1812,
        3293,
        2656
      ]
    },
    "NGA": {
      "text": "",
      "image": "chart_rows/page_057/row_004/cells/NGA.png",
      "image_tight": "chart_rows/page_057/row_004/cells/NGA_tight.png",
      "bbox_pdf": [
        474.3236999511719,
        261.0701904296875,
        585.5497436523438,
        382.5701904296875
      ],
      "bbox_px_page": [
        3293,
        1812,
        4066,
        2656
      ]
    },
    "OtherNGA": {
      "text": "",
      "image": "chart_rows/page_057/row_004/cells/OtherNGA.png",
      "image_tight": "chart_rows/page_057/row_004/cells/OtherNGA_tight.png",
      "bbox_pdf": [
        585.5497436523438,
        261.0701904296875,
        669.9003596305847,
        382.5701904296875
      ],
      "bbox_px_page": [
        4066,
        1812,
        4652,
        2656
      ]
    },
    "ECDIS": {
      "text": "Foul area of seabed safe for navigation but not for anchoring Foul ground Distributed remains of wreck",
      "image": "chart_rows/page_057/row_004/cells/ECDIS.png",
      "image_tight": "chart_rows/page_057/row_004/cells/ECDIS_tight.png",
      "bbox_pdf": [
        669.9003596305847,
        261.0701904296875,
        755.734619140625,
        382.5701904296875
      ],
      "bbox_px_page": [
        4652,
        1812,
        5248,
        2656
      ]
    }
  }
}