{
  "id": "p036_r003",
  "page_number": 36,
  "row_index": 3,
  "no": "29.2",
  "row_text": "Floating oil barrier, oil retention (high pressure pipe)",
  "row_image": "chart_rows/page_036/row_003/row.png",
  "cells": {
    "col_01": {
      "text": "29.2",
      "image": "chart_rows/page_036/row_003/cells/col_01.png",
      "image_tight": "chart_rows/page_036/row_003/cells/col_01_tight.png",
      "bbox_pdf": [
        36.07160186767578,
        272.4447937011719,
        66.83821793145034,
        303.24885082244873
      ],
      "bbox_px_page": [
        250,
        1891,
        464,
        2105
      ]
    },
    "col_02": {
      "text": "Bubble C",
      "image": "chart_rows/page_036/row_003/cells/col_02.png",
      "image_tight": "chart_rows/page_036/row_003/cells/col_02_tight.png",
      "bbox_pdf": [
        66.83821793145034,
        272.4447937011719,
        128.35996961593628,
        303.24885082244873
      ],
      "bbox_px_page": [
        464,
        1891,
        891,
        2105
      ]
    },
    "col_03": {
      "text": "Curtain",
      "image": "chart_rows/page_036/row_003/cells/col_03.png",
      "image_tight": "chart_rows/page_036/row_003/cells/col_03_tight.png",
      "bbox_pdf": [
        128.35996961593628,
        272.4447937011719,
        192.74342723796144,
        303.24885082244873
      ],
      "bbox_px_page": [
        891,
        1891,
        1338,
        2105
      ]
    },
    "col_04": {
      "text": "Bubble curtain (bubbler, pneumatic pipe)",
      "image": "chart_rows/page_036/row_003/cells/col_04.png",
      "image_tight": "chart_rows/page_036/row_003/cells/col_04_tight.png",
      "bbox_pdf": [
        192.74342723796144,
        272.4447937011719,
        302.6000061035156,
        303.24885082244873
      ],
      "bbox_px_page": [
        1338,
        1891,
        2101,
        2105
      ]
    },
    "col_05": {
      "text": "",
      "image": "chart_rows/page_036/row_003/cells/col_05.png",
      "image_tight": "chart_rows/page_036/row_003/cells/col_05_tight.png",
      "bbox_pdf": [
        302.6000061035156,
        272.4447937011719,
        456.3236999511719,
        303.24885082244873
      ],
      "bbox_px_page": [
        2101,
        1891,
        3168,
        2105
      ]
    },
    "col_06": {
      "text": "",
      "image": "chart_rows/page_036/row_003/cells/col_06.png",
      "image_tight": "chart_rows/page_036/row_003/cells/col_06_tight.png",
      "bbox_pdf": [
        456.3236999511719,
        272.4447937011719,
        567.5356597900391,
        303.24885082244873
      ],
      "bbox_px_page": [
        3168,
        1891,
        3941,
        2105
      ]
    },
    "col_07": {
      "text": "",
      "image": "chart_rows/page_036/row_003/cells/col_07.png",
      "image_tight": "chart_rows/page_036/row_003/cells/col_07_tight.png",
      "bbox_pdf": [
        567.5356597900391,
        272.4447937011719,
        651.9163010418415,
        303.24885082244873
      ],
      "bbox_px_page": [
        3941,
        1891,
        4527,
        2105
      ]
    },
    "col_08": {
      "text": "Floating oil barrier, oil retention (high pressure pipe)",
      "image": "chart_rows/page_036/row_003/cells/col_08.png",
      "image_tight": "chart_rows/page_036/row_003/cells/col_08_tight.png",
      "bbox_pdf": [
        651.9163010418415,
        272.4447937011719,
        737.734619140625,
        303.24885082244873
      ],
      "bbox_px_page": [
        4527,
        1891,
        5123,
        2105
      ]
    }
  }
}