{
  "id": "p066_r001",
  "page_number": 66,
  "row_index": 1,
  "no": "10",
  "row_text": "Traffic direction in a one-way lane of a traffic separation scheme",
  "row_image": "chart_rows/page_066/row_001/row.png",
  "cells": {
    "No": {
      "text": "10",
      "image": "chart_rows/page_066/row_001/cells/No.png",
      "image_tight": "chart_rows/page_066/row_001/cells/No_tight.png",
      "bbox_pdf": [
        36.07160186767578,
        121.75021362304688,
        64.99938281575669,
        153.25021362304688
      ],
      "bbox_px_page": [
        250,
        845,
        451,
        1064
      ]
    },
    "INT": {
      "text": "",
      "image": "chart_rows/page_066/row_001/cells/INT.png",
      "image_tight": "chart_rows/page_066/row_001/cells/INT_tight.png",
      "bbox_pdf": [
        64.99938281575669,
        121.75021362304688,
        193.06974206492305,
        153.25021362304688
      ],
      "bbox_px_page": [
        451,
        845,
        1340,
        1064
      ]
    },
    "Description": {
      "text": "Established (mandatory) direction of traffic flow",
      "image": "chart_rows/page_066/row_001/cells/Description.png",
      "image_tight": "chart_rows/page_066/row_001/cells/Description_tight.png",
      "bbox_pdf": [
        193.06974206492305,
        121.75021362304688,
        304.3567180633545,
        153.25021362304688
      ],
      "bbox_px_page": [
        1340,
        845,
        2113,
        1064
      ]
    },
    "NOAA": {
      "text": "",
      "image": "chart_rows/page_066/row_001/cells/NOAA.png",
      "image_tight": "chart_rows/page_066/row_001/cells/NOAA_tight.png",
      "bbox_pdf": [
        304.3567180633545,
        121.75021362304688,
        456.3229369148612,
        153.25021362304688
      ],
      "bbox_px_page": [
        2113,
        845,
        3168,
        1064
      ]
    },
    "NGA": {
      "text": "",
      "image": "chart_rows/page_066/row_001/cells/NGA.png",
      "image_tight": "chart_rows/page_066/row_001/cells/NGA_tight.png",
      "bbox_pdf": [
        456.3229369148612,
        121.75021362304688,
        567.7757158279419,
        153.25021362304688
      ],
      "bbox_px_page": [
        3168,
        845,
        3942,
        1064
      ]
    },
    "OtherNGA": {
      "text": "",
      "image": "chart_rows/page_066/row_001/cells/OtherNGA.png",
      "image_tight": "chart_rows/page_066/row_001/cells/OtherNGA_tight.png",
      "bbox_pdf": [
        567.7757158279419,
        121.75021362304688,
        651.92743146047,
        153.25021362304688
      ],
      "bbox_px_page": [
        3942,
        845,
        4527,
        1064
      ]
    },
    "ECDIS": {
      "text": "Traffic direction in a one-way lane of a traffic separation scheme",
      "image": "chart_rows/page_066/row_001/cells/ECDIS.png",
      "image_tight": "chart_rows/page_066/row_001/cells/ECDIS_tight.png",
      "bbox_pdf": [
        651.92743146047,
        121.75021362304688,
        737.734619140625,
        153.25021362304688
      ],
      "bbox_px_page": [
        4527,
        845,
        5123,
        1064
      ]
    }
  }
}