{
  "id": "p032_r009",
  "page_number": 32,
  "row_index": 9,
  "no": "m",
  "row_text": "Government house",
  "row_image": "chart_rows/page_032/row_009/row.png",
  "cells": {
    "No": {
      "text": "m",
      "image": "chart_rows/page_032/row_009/cells/No.png",
      "image_tight": "chart_rows/page_032/row_009/cells/No_tight.png",
      "bbox_pdf": [
        36.07160186767578,
        263.2056884765625,
        64.99938281575669,
        281.652099609375
      ],
      "bbox_px_page": [
        250,
        1827,
        451,
        1955
      ]
    },
    "INT": {
      "text": "",
      "image": "chart_rows/page_032/row_009/cells/INT.png",
      "image_tight": "chart_rows/page_032/row_009/cells/INT_tight.png",
      "bbox_pdf": [
        64.99938281575669,
        263.2056884765625,
        193.06974206492305,
        281.652099609375
      ],
      "bbox_px_page": [
        451,
        1827,
        1340,
        1955
      ]
    },
    "Description": {
      "text": "Government house",
      "image": "chart_rows/page_032/row_009/cells/Description.png",
      "image_tight": "chart_rows/page_032/row_009/cells/Description_tight.png",
      "bbox_pdf": [
        193.06974206492305,
        263.2056884765625,
        304.3567180633545,
        281.652099609375
      ],
      "bbox_px_page": [
        1340,
        1827,
        2113,
        1955
      ]
    },
    "NOAA": {
      "text": "Govt Ho",
      "image": "chart_rows/page_032/row_009/cells/NOAA.png",
      "image_tight": "chart_rows/page_032/row_009/cells/NOAA_tight.png",
      "bbox_pdf": [
        304.3567180633545,
        263.2056884765625,
        456.3229369148612,
        281.652099609375
      ],
      "bbox_px_page": [
        2113,
        1827,
        3168,
        1955
      ]
    },
    "NGA": {
      "text": "",
      "image": "chart_rows/page_032/row_009/cells/NGA.png",
      "image_tight": "chart_rows/page_032/row_009/cells/NGA_tight.png",
      "bbox_pdf": [
        456.3229369148612,
        263.2056884765625,
        567.7757158279419,
        281.652099609375
      ],
      "bbox_px_page": [
        3168,
        1827,
        3942,
        1955
      ]
    },
    "OtherNGA": {
      "text": "",
      "image": "chart_rows/page_032/row_009/cells/OtherNGA.png",
      "image_tight": "chart_rows/page_032/row_009/cells/OtherNGA_tight.png",
      "bbox_pdf": [
        567.7757158279419,
        263.2056884765625,
        651.92743146047,
        281.652099609375
      ],
      "bbox_px_page": [
        3942,
        1827,
        4527,
        1955
      ]
    },
    "ECDIS": {
      "text": "",
      "image": "chart_rows/page_032/row_009/cells/ECDIS.png",
      "image_tight": "chart_rows/page_032/row_009/cells/ECDIS_tight.png",
      "bbox_pdf": [
        651.92743146047,
        263.2056884765625,
        737.734619140625,
        281.652099609375
      ],
      "bbox_px_page": [
        4527,
        1827,
        5123,
        1955
      ]
    }
  }
}