{
  "id": "p054_r003",
  "page_number": 54,
  "row_index": 3,
  "no": "14",
  "row_text": "Underwater rock of known depth",
  "row_image": "chart_rows/page_054/row_003/row.png",
  "cells": {
    "No": {
      "text": "14",
      "image": "chart_rows/page_054/row_003/cells/No.png",
      "image_tight": "chart_rows/page_054/row_003/cells/No_tight.png",
      "bbox_pdf": [
        36.07160186767578,
        242.74508666992188,
        64.99938281575669,
        274.2450866699219
      ],
      "bbox_px_page": [
        250,
        1685,
        451,
        1904
      ]
    },
    "INT": {
      "text": "",
      "image": "chart_rows/page_054/row_003/cells/INT.png",
      "image_tight": "chart_rows/page_054/row_003/cells/INT_tight.png",
      "bbox_pdf": [
        64.99938281575669,
        242.74508666992188,
        193.06974206492305,
        274.2450866699219
      ],
      "bbox_px_page": [
        451,
        1685,
        1340,
        1904
      ]
    },
    "Description": {
      "text": "Underwater rock of known depth",
      "image": "chart_rows/page_054/row_003/cells/Description.png",
      "image_tight": "chart_rows/page_054/row_003/cells/Description_tight.png",
      "bbox_pdf": [
        193.06974206492305,
        242.74508666992188,
        304.3567180633545,
        274.2450866699219
      ],
      "bbox_px_page": [
        1340,
        1685,
        2113,
        1904
      ]
    },
    "NOAA": {
      "text": "",
      "image": "chart_rows/page_054/row_003/cells/NOAA.png",
      "image_tight": "chart_rows/page_054/row_003/cells/NOAA_tight.png",
      "bbox_pdf": [
        304.3567180633545,
        242.74508666992188,
        456.3229369148612,
        274.2450866699219
      ],
      "bbox_px_page": [
        2113,
        1685,
        3168,
        1904
      ]
    },
    "NGA": {
      "text": "",
      "image": "chart_rows/page_054/row_003/cells/NGA.png",
      "image_tight": "chart_rows/page_054/row_003/cells/NGA_tight.png",
      "bbox_pdf": [
        456.3229369148612,
        242.74508666992188,
        567.7757158279419,
        274.2450866699219
      ],
      "bbox_px_page": [
        3168,
        1685,
        3942,
        1904
      ]
    },
    "OtherNGA": {
      "text": "",
      "image": "chart_rows/page_054/row_003/cells/OtherNGA.png",
      "image_tight": "chart_rows/page_054/row_003/cells/OtherNGA_tight.png",
      "bbox_pdf": [
        567.7757158279419,
        242.74508666992188,
        651.92743146047,
        274.2450866699219
      ],
      "bbox_px_page": [
        3942,
        1685,
        4527,
        1904
      ]
    },
    "ECDIS": {
      "text": "",
      "image": "chart_rows/page_054/row_003/cells/ECDIS.png",
      "image_tight": "chart_rows/page_054/row_003/cells/ECDIS_tight.png",
      "bbox_pdf": [
        651.92743146047,
        242.74508666992188,
        737.734619140625,
        274.2450866699219
      ],
      "bbox_px_page": [
        4527,
        1685,
        5123,
        1904
      ]
    }
  }
}