{
  "id": "p021_r006",
  "page_number": 21,
  "row_index": 6,
  "no": "31.5",
  "row_text": "Nipa Palm",
  "row_image": "chart_rows/page_021/row_006/row.png",
  "cells": {
    "No": {
      "text": "31.5",
      "image": "chart_rows/page_021/row_006/cells/No.png",
      "image_tight": "chart_rows/page_021/row_006/cells/No_tight.png",
      "bbox_pdf": [
        54.07160186767578,
        192.91769409179688,
        82.99796140193939,
        213.61929321289062
      ],
      "bbox_px_page": [
        375,
        1339,
        576,
        1483
      ]
    },
    "INT": {
      "text": "†",
      "image": "chart_rows/page_021/row_006/cells/INT.png",
      "image_tight": "chart_rows/page_021/row_006/cells/INT_tight.png",
      "bbox_pdf": [
        82.99796140193939,
        192.91769409179688,
        211.40581703186035,
        213.61929321289062
      ],
      "bbox_px_page": [
        576,
        1339,
        1468,
        1483
      ]
    },
    "Description": {
      "text": "Nipa Palm",
      "image": "chart_rows/page_021/row_006/cells/Description.png",
      "image_tight": "chart_rows/page_021/row_006/cells/Description_tight.png",
      "bbox_pdf": [
        211.40581703186035,
        192.91769409179688,
        320.6000061035156,
        213.61929321289062
      ],
      "bbox_px_page": [
        1468,
        1339,
        2226,
        1483
      ]
    },
    "NOAA": {
      "text": "",
      "image": "chart_rows/page_021/row_006/cells/NOAA.png",
      "image_tight": "chart_rows/page_021/row_006/cells/NOAA_tight.png",
      "bbox_pdf": [
        320.6000061035156,
        192.91769409179688,
        474.3236999511719,
        213.61929321289062
      ],
      "bbox_px_page": [
        2226,
        1339,
        3293,
        1483
      ]
    },
    "NGA": {
      "text": "",
      "image": "chart_rows/page_021/row_006/cells/NGA.png",
      "image_tight": "chart_rows/page_021/row_006/cells/NGA_tight.png",
      "bbox_pdf": [
        474.3236999511719,
        192.91769409179688,
        585.5497436523438,
        213.61929321289062
      ],
      "bbox_px_page": [
        3293,
        1339,
        4066,
        1483
      ]
    },
    "OtherNGA": {
      "text": "",
      "image": "chart_rows/page_021/row_006/cells/OtherNGA.png",
      "image_tight": "chart_rows/page_021/row_006/cells/OtherNGA_tight.png",
      "bbox_pdf": [
        585.5497436523438,
        192.91769409179688,
        669.9003596305847,
        213.61929321289062
      ],
      "bbox_px_page": [
        4066,
        1339,
        4652,
        1483
      ]
    },
    "ECDIS": {
      "text": "",
      "image": "chart_rows/page_021/row_006/cells/ECDIS.png",
      "image_tight": "chart_rows/page_021/row_006/cells/ECDIS_tight.png",
      "bbox_pdf": [
        669.9003596305847,
        192.91769409179688,
        755.734619140625,
        213.61929321289062
      ],
      "bbox_px_page": [
        4652,
        1339,
        5248,
        1483
      ]
    }
  }
}