{
  "id": "p062_r004",
  "page_number": 62,
  "row_index": 4,
  "no": "17",
  "row_text": "Moored storage tanker, Accommodation vessel",
  "row_image": "chart_rows/page_062/row_004/row.png",
  "cells": {
    "col_01": {
      "text": "17",
      "image": "chart_rows/page_062/row_004/cells/col_01.png",
      "image_tight": "chart_rows/page_062/row_004/cells/col_01_tight.png",
      "bbox_pdf": [
        36.07160186767578,
        200.74310302734375,
        66.97056174278259,
        228.5994873046875
      ],
      "bbox_px_page": [
        250,
        1394,
        465,
        1587
      ]
    },
    "col_02": {
      "text": "",
      "image": "chart_rows/page_062/row_004/cells/col_02.png",
      "image_tight": "chart_rows/page_062/row_004/cells/col_02_tight.png",
      "bbox_pdf": [
        66.97056174278259,
        200.74310302734375,
        191.8062746396463,
        228.5994873046875
      ],
      "bbox_px_page": [
        465,
        1394,
        1331,
        1587
      ]
    },
    "col_03": {
      "text": "Moored storage tanker, Accommodation vessel",
      "image": "chart_rows/page_062/row_004/cells/col_03.png",
      "image_tight": "chart_rows/page_062/row_004/cells/col_03_tight.png",
      "bbox_pdf": [
        191.8062746396463,
        200.74310302734375,
        302.6000061035156,
        228.5994873046875
      ],
      "bbox_px_page": [
        1331,
        1394,
        2101,
        1587
      ]
    },
    "col_04": {
      "text": "",
      "image": "chart_rows/page_062/row_004/cells/col_04.png",
      "image_tight": "chart_rows/page_062/row_004/cells/col_04_tight.png",
      "bbox_pdf": [
        302.6000061035156,
        200.74310302734375,
        381.01983642578125,
        228.5994873046875
      ],
      "bbox_px_page": [
        2101,
        1394,
        2645,
        1587
      ]
    },
    "col_05": {
      "text": "Tanker",
      "image": "chart_rows/page_062/row_004/cells/col_05.png",
      "image_tight": "chart_rows/page_062/row_004/cells/col_05_tight.png",
      "bbox_pdf": [
        381.01983642578125,
        200.74310302734375,
        456.3236999511719,
        228.5994873046875
      ],
      "bbox_px_page": [
        2645,
        1394,
        3168,
        1587
      ]
    },
    "col_06": {
      "text": "",
      "image": "chart_rows/page_062/row_004/cells/col_06.png",
      "image_tight": "chart_rows/page_062/row_004/cells/col_06_tight.png",
      "bbox_pdf": [
        456.3236999511719,
        200.74310302734375,
        566.1237182617188,
        228.5994873046875
      ],
      "bbox_px_page": [
        3168,
        1394,
        3931,
        1587
      ]
    },
    "col_07": {
      "text": "O",
      "image": "chart_rows/page_062/row_004/cells/col_07.png",
      "image_tight": "chart_rows/page_062/row_004/cells/col_07_tight.png",
      "bbox_pdf": [
        566.1237182617188,
        200.74310302734375,
        651.9290771484375,
        228.5994873046875
      ],
      "bbox_px_page": [
        3931,
        1394,
        4527,
        1587
      ]
    },
    "col_08": {
      "text": "Offshore platform",
      "image": "chart_rows/page_062/row_004/cells/col_08.png",
      "image_tight": "chart_rows/page_062/row_004/cells/col_08_tight.png",
      "bbox_pdf": [
        651.9290771484375,
        200.74310302734375,
        737.734619140625,
        228.5994873046875
      ],
      "bbox_px_page": [
        4527,
        1394,
        5123,
        1587
      ]
    }
  }
}