{
  "id": "p030_r010",
  "page_number": 30,
  "row_index": 10,
  "no": "26.1",
  "row_text": "Wind turbine, Windmotor",
  "row_image": "chart_rows/page_030/row_010/row.png",
  "cells": {
    "col_01": {
      "text": "26.1",
      "image": "chart_rows/page_030/row_010/cells/col_01.png",
      "image_tight": "chart_rows/page_030/row_010/cells/col_01_tight.png",
      "bbox_pdf": [
        36.07160186767578,
        351.6192932128906,
        66.83821793145034,
        379.42572021484375
      ],
      "bbox_px_page": [
        250,
        2441,
        464,
        2634
      ]
    },
    "col_02": {
      "text": "",
      "image": "chart_rows/page_030/row_010/cells/col_02.png",
      "image_tight": "chart_rows/page_030/row_010/cells/col_02_tight.png",
      "bbox_pdf": [
        66.83821793145034,
        351.6192932128906,
        128.35996961593628,
        379.42572021484375
      ],
      "bbox_px_page": [
        464,
        2441,
        891,
        2634
      ]
    },
    "col_03": {
      "text": "†",
      "image": "chart_rows/page_030/row_010/cells/col_03.png",
      "image_tight": "chart_rows/page_030/row_010/cells/col_03_tight.png",
      "bbox_pdf": [
        128.35996961593628,
        351.6192932128906,
        192.74342723796144,
        379.42572021484375
      ],
      "bbox_px_page": [
        891,
        2441,
        1338,
        2634
      ]
    },
    "col_04": {
      "text": "Wind turbine, Windmotor",
      "image": "chart_rows/page_030/row_010/cells/col_04.png",
      "image_tight": "chart_rows/page_030/row_010/cells/col_04_tight.png",
      "bbox_pdf": [
        192.74342723796144,
        351.6192932128906,
        302.6000061035156,
        379.42572021484375
      ],
      "bbox_px_page": [
        1338,
        2441,
        2101,
        2634
      ]
    },
    "col_05": {
      "text": "Windmotor WINDMOTOR",
      "image": "chart_rows/page_030/row_010/cells/col_05.png",
      "image_tight": "chart_rows/page_030/row_010/cells/col_05_tight.png",
      "bbox_pdf": [
        302.6000061035156,
        351.6192932128906,
        456.3236999511719,
        379.42572021484375
      ],
      "bbox_px_page": [
        2101,
        2441,
        3168,
        2634
      ]
    },
    "col_06": {
      "text": "",
      "image": "chart_rows/page_030/row_010/cells/col_06.png",
      "image_tight": "chart_rows/page_030/row_010/cells/col_06_tight.png",
      "bbox_pdf": [
        456.3236999511719,
        351.6192932128906,
        567.5356597900391,
        379.42572021484375
      ],
      "bbox_px_page": [
        3168,
        2441,
        3941,
        2634
      ]
    },
    "col_07": {
      "text": "",
      "image": "chart_rows/page_030/row_010/cells/col_07.png",
      "image_tight": "chart_rows/page_030/row_010/cells/col_07_tight.png",
      "bbox_pdf": [
        567.5356597900391,
        351.6192932128906,
        651.9163010418415,
        379.42572021484375
      ],
      "bbox_px_page": [
        3941,
        2441,
        4527,
        2634
      ]
    },
    "col_08": {
      "text": "Wind motor",
      "image": "chart_rows/page_030/row_010/cells/col_08.png",
      "image_tight": "chart_rows/page_030/row_010/cells/col_08_tight.png",
      "bbox_pdf": [
        651.9163010418415,
        351.6192932128906,
        737.734619140625,
        379.42572021484375
      ],
      "bbox_px_page": [
        4527,
        2441,
        5123,
        2634
      ]
    }
  }
}