{
  "id": "p053_r005",
  "page_number": 53,
  "row_index": 5,
  "no": "11",
  "row_text": "Rock which covers and uncovers or is awash at low water Underwater hazard which covers and uncovers with drying height Isolated danger of depth less than the safety contour",
  "row_image": "chart_rows/page_053/row_005/row.png",
  "cells": {
    "No": {
      "text": "11",
      "image": "chart_rows/page_053/row_005/cells/No.png",
      "image_tight": "chart_rows/page_053/row_005/cells/No_tight.png",
      "bbox_pdf": [
        54.07160186767578,
        427.02728271484375,
        82.99796140193939,
        521.5272827148438
      ],
      "bbox_px_page": [
        375,
        2965,
        576,
        3621
      ]
    },
    "INT": {
      "text": "",
      "image": "chart_rows/page_053/row_005/cells/INT.png",
      "image_tight": "chart_rows/page_053/row_005/cells/INT_tight.png",
      "bbox_pdf": [
        82.99796140193939,
        427.02728271484375,
        211.40581703186035,
        521.5272827148438
      ],
      "bbox_px_page": [
        576,
        2965,
        1468,
        3621
      ]
    },
    "Description": {
      "text": "Rock which covers and uncovers, height above chart datum",
      "image": "chart_rows/page_053/row_005/cells/Description.png",
      "image_tight": "chart_rows/page_053/row_005/cells/Description_tight.png",
      "bbox_pdf": [
        211.40581703186035,
        427.02728271484375,
        320.6000061035156,
        521.5272827148438
      ],
      "bbox_px_page": [
        1468,
        2965,
        2226,
        3621
      ]
    },
    "NOAA": {
      "text": "( ) 2 4 ( ) 2 Uncov 1m ( ) 06 Uncov 1m ( ) 06",
      "image": "chart_rows/page_053/row_005/cells/NOAA.png",
      "image_tight": "chart_rows/page_053/row_005/cells/NOAA_tight.png",
      "bbox_pdf": [
        320.6000061035156,
        427.02728271484375,
        474.3236999511719,
        521.5272827148438
      ],
      "bbox_px_page": [
        2226,
        2965,
        3293,
        3621
      ]
    },
    "NGA": {
      "text": "",
      "image": "chart_rows/page_053/row_005/cells/NGA.png",
      "image_tight": "chart_rows/page_053/row_005/cells/NGA_tight.png",
      "bbox_pdf": [
        474.3236999511719,
        427.02728271484375,
        585.5497436523438,
        521.5272827148438
      ],
      "bbox_px_page": [
        3293,
        2965,
        4066,
        3621
      ]
    },
    "OtherNGA": {
      "text": "",
      "image": "chart_rows/page_053/row_005/cells/OtherNGA.png",
      "image_tight": "chart_rows/page_053/row_005/cells/OtherNGA_tight.png",
      "bbox_pdf": [
        585.5497436523438,
        427.02728271484375,
        669.9003596305847,
        521.5272827148438
      ],
      "bbox_px_page": [
        4066,
        2965,
        4652,
        3621
      ]
    },
    "ECDIS": {
      "text": "Rock which covers and uncovers or is awash at low water Underwater hazard which covers and uncovers with drying height Isolated danger of depth less than the safety contour",
      "image": "chart_rows/page_053/row_005/cells/ECDIS.png",
      "image_tight": "chart_rows/page_053/row_005/cells/ECDIS_tight.png",
      "bbox_pdf": [
        669.9003596305847,
        427.02728271484375,
        755.734619140625,
        521.5272827148438
      ],
      "bbox_px_page": [
        4652,
        2965,
        5248,
        3621
      ]
    }
  }
}