{
  "id": "p045_r007",
  "page_number": 45,
  "row_index": 7,
  "no": "15",
  "row_text": "Drying height, less than or equal to safety depth",
  "row_image": "chart_rows/page_045/row_007/row.png",
  "cells": {
    "col_01": {
      "text": "15",
      "image": "chart_rows/page_045/row_007/cells/col_01.png",
      "image_tight": "chart_rows/page_045/row_007/cells/col_01_tight.png",
      "bbox_pdf": [
        54.07160186767578,
        336.162145614624,
        83.0,
        411.17153170285746
      ],
      "bbox_px_page": [
        375,
        2334,
        576,
        2855
      ]
    },
    "col_02": {
      "text": "0 4 2",
      "image": "chart_rows/page_045/row_007/cells/col_02.png",
      "image_tight": "chart_rows/page_045/row_007/cells/col_02_tight.png",
      "bbox_pdf": [
        83.0,
        336.162145614624,
        148.33418422937393,
        411.17153170285746
      ],
      "bbox_px_page": [
        576,
        2334,
        1030,
        2855
      ]
    },
    "col_03": {
      "text": "0 4 2",
      "image": "chart_rows/page_045/row_007/cells/col_03.png",
      "image_tight": "chart_rows/page_045/row_007/cells/col_03_tight.png",
      "bbox_pdf": [
        148.33418422937393,
        336.162145614624,
        209.80630493164062,
        411.17153170285746
      ],
      "bbox_px_page": [
        1030,
        2334,
        1456,
        2855
      ]
    },
    "col_04": {
      "text": "Drying heights and contours above chart datum",
      "image": "chart_rows/page_045/row_007/cells/col_04.png",
      "image_tight": "chart_rows/page_045/row_007/cells/col_04_tight.png",
      "bbox_pdf": [
        209.80630493164062,
        336.162145614624,
        320.6000061035156,
        411.17153170285746
      ],
      "bbox_px_page": [
        1456,
        2334,
        2226,
        2855
      ]
    },
    "col_05": {
      "text": "6",
      "image": "chart_rows/page_045/row_007/cells/col_05.png",
      "image_tight": "chart_rows/page_045/row_007/cells/col_05_tight.png",
      "bbox_pdf": [
        320.6000061035156,
        336.162145614624,
        474.3236999511719,
        411.17153170285746
      ],
      "bbox_px_page": [
        2226,
        2334,
        3293,
        2855
      ]
    },
    "col_06": {
      "text": "",
      "image": "chart_rows/page_045/row_007/cells/col_06.png",
      "image_tight": "chart_rows/page_045/row_007/cells/col_06_tight.png",
      "bbox_pdf": [
        474.3236999511719,
        336.162145614624,
        585.386962890625,
        411.17153170285746
      ],
      "bbox_px_page": [
        3293,
        2334,
        4065,
        2855
      ]
    },
    "col_07": {
      "text": "",
      "image": "chart_rows/page_045/row_007/cells/col_07.png",
      "image_tight": "chart_rows/page_045/row_007/cells/col_07_tight.png",
      "bbox_pdf": [
        585.386962890625,
        336.162145614624,
        669.9257489442825,
        411.17153170285746
      ],
      "bbox_px_page": [
        4065,
        2334,
        4652,
        2855
      ]
    },
    "col_08": {
      "text": "Drying height, less than or equal to safety depth",
      "image": "chart_rows/page_045/row_007/cells/col_08.png",
      "image_tight": "chart_rows/page_045/row_007/cells/col_08_tight.png",
      "bbox_pdf": [
        669.9257489442825,
        336.162145614624,
        755.734619140625,
        411.17153170285746
      ],
      "bbox_px_page": [
        4652,
        2334,
        5248,
        2855
      ]
    }
  }
}