{
  "id": "p021_r008",
  "page_number": 21,
  "row_index": 8,
  "no": "31.7",
  "row_text": "Wooded area",
  "row_image": "chart_rows/page_021/row_008/row.png",
  "cells": {
    "No": {
      "text": "31.7",
      "image": "chart_rows/page_021/row_008/cells/No.png",
      "image_tight": "chart_rows/page_021/row_008/cells/No_tight.png",
      "bbox_pdf": [
        54.07160186767578,
        234.32101440429688,
        82.99796140193939,
        255.02261352539062
      ],
      "bbox_px_page": [
        375,
        1627,
        576,
        1770
      ]
    },
    "INT": {
      "text": "†",
      "image": "chart_rows/page_021/row_008/cells/INT.png",
      "image_tight": "chart_rows/page_021/row_008/cells/INT_tight.png",
      "bbox_pdf": [
        82.99796140193939,
        234.32101440429688,
        211.40581703186035,
        255.02261352539062
      ],
      "bbox_px_page": [
        576,
        1627,
        1468,
        1770
      ]
    },
    "Description": {
      "text": "Filao",
      "image": "chart_rows/page_021/row_008/cells/Description.png",
      "image_tight": "chart_rows/page_021/row_008/cells/Description_tight.png",
      "bbox_pdf": [
        211.40581703186035,
        234.32101440429688,
        320.6000061035156,
        255.02261352539062
      ],
      "bbox_px_page": [
        1468,
        1627,
        2226,
        1770
      ]
    },
    "NOAA": {
      "text": "",
      "image": "chart_rows/page_021/row_008/cells/NOAA.png",
      "image_tight": "chart_rows/page_021/row_008/cells/NOAA_tight.png",
      "bbox_pdf": [
        320.6000061035156,
        234.32101440429688,
        474.3236999511719,
        255.02261352539062
      ],
      "bbox_px_page": [
        2226,
        1627,
        3293,
        1770
      ]
    },
    "NGA": {
      "text": "",
      "image": "chart_rows/page_021/row_008/cells/NGA.png",
      "image_tight": "chart_rows/page_021/row_008/cells/NGA_tight.png",
      "bbox_pdf": [
        474.3236999511719,
        234.32101440429688,
        585.5497436523438,
        255.02261352539062
      ],
      "bbox_px_page": [
        3293,
        1627,
        4066,
        1770
      ]
    },
    "OtherNGA": {
      "text": "",
      "image": "chart_rows/page_021/row_008/cells/OtherNGA.png",
      "image_tight": "chart_rows/page_021/row_008/cells/OtherNGA_tight.png",
      "bbox_pdf": [
        585.5497436523438,
        234.32101440429688,
        669.9003596305847,
        255.02261352539062
      ],
      "bbox_px_page": [
        4066,
        1627,
        4652,
        1770
      ]
    },
    "ECDIS": {
      "text": "Wooded area",
      "image": "chart_rows/page_021/row_008/cells/ECDIS.png",
      "image_tight": "chart_rows/page_021/row_008/cells/ECDIS_tight.png",
      "bbox_pdf": [
        669.9003596305847,
        234.32101440429688,
        755.734619140625,
        255.02261352539062
      ],
      "bbox_px_page": [
        4652,
        1627,
        5248,
        1770
      ]
    }
  }
}