{
  "id": "p029_r011",
  "page_number": 29,
  "row_index": 11,
  "no": "10.3",
  "row_text": "Church tower, spire, or dome",
  "row_image": "chart_rows/page_029/row_011/row.png",
  "cells": {
    "No": {
      "text": "10.3",
      "image": "chart_rows/page_029/row_011/cells/No.png",
      "image_tight": "chart_rows/page_029/row_011/cells/No_tight.png",
      "bbox_pdf": [
        54.07160186767578,
        488.2091979980469,
        82.99796140193939,
        517.45556640625
      ],
      "bbox_px_page": [
        375,
        3390,
        576,
        3593
      ]
    },
    "INT": {
      "text": "",
      "image": "chart_rows/page_029/row_011/cells/INT.png",
      "image_tight": "chart_rows/page_029/row_011/cells/INT_tight.png",
      "bbox_pdf": [
        82.99796140193939,
        488.2091979980469,
        211.40581703186035,
        517.45556640625
      ],
      "bbox_px_page": [
        576,
        3390,
        1468,
        3593
      ]
    },
    "Description": {
      "text": "Church spire",
      "image": "chart_rows/page_029/row_011/cells/Description.png",
      "image_tight": "chart_rows/page_029/row_011/cells/Description_tight.png",
      "bbox_pdf": [
        211.40581703186035,
        488.2091979980469,
        320.6000061035156,
        517.45556640625
      ],
      "bbox_px_page": [
        1468,
        3390,
        2226,
        3593
      ]
    },
    "NOAA": {
      "text": "Spire SPIRE",
      "image": "chart_rows/page_029/row_011/cells/NOAA.png",
      "image_tight": "chart_rows/page_029/row_011/cells/NOAA_tight.png",
      "bbox_pdf": [
        320.6000061035156,
        488.2091979980469,
        474.3236999511719,
        517.45556640625
      ],
      "bbox_px_page": [
        2226,
        3390,
        3293,
        3593
      ]
    },
    "NGA": {
      "text": "",
      "image": "chart_rows/page_029/row_011/cells/NGA.png",
      "image_tight": "chart_rows/page_029/row_011/cells/NGA_tight.png",
      "bbox_pdf": [
        474.3236999511719,
        488.2091979980469,
        585.5497436523438,
        517.45556640625
      ],
      "bbox_px_page": [
        3293,
        3390,
        4066,
        3593
      ]
    },
    "OtherNGA": {
      "text": "",
      "image": "chart_rows/page_029/row_011/cells/OtherNGA.png",
      "image_tight": "chart_rows/page_029/row_011/cells/OtherNGA_tight.png",
      "bbox_pdf": [
        585.5497436523438,
        488.2091979980469,
        669.9003596305847,
        517.45556640625
      ],
      "bbox_px_page": [
        4066,
        3390,
        4652,
        3593
      ]
    },
    "ECDIS": {
      "text": "Church tower, spire, or dome",
      "image": "chart_rows/page_029/row_011/cells/ECDIS.png",
      "image_tight": "chart_rows/page_029/row_011/cells/ECDIS_tight.png",
      "bbox_pdf": [
        669.9003596305847,
        488.2091979980469,
        755.734619140625,
        517.45556640625
      ],
      "bbox_px_page": [
        4652,
        3390,
        5248,
        3593
      ]
    }
  }
}