{
  "id": "p030_r003",
  "page_number": 30,
  "row_index": 3,
  "no": "20",
  "row_text": "TOWER Tr Tr",
  "row_image": "chart_rows/page_030/row_003/row.png",
  "cells": {
    "col_01": {
      "text": "20",
      "image": "chart_rows/page_030/row_003/cells/col_01.png",
      "image_tight": "chart_rows/page_030/row_003/cells/col_01_tight.png",
      "bbox_pdf": [
        36.07160186767578,
        153.84768676757812,
        66.83821793145034,
        181.65420532226562
      ],
      "bbox_px_page": [
        250,
        1068,
        464,
        1261
      ]
    },
    "col_02": {
      "text": "",
      "image": "chart_rows/page_030/row_003/cells/col_02.png",
      "image_tight": "chart_rows/page_030/row_003/cells/col_02_tight.png",
      "bbox_pdf": [
        66.83821793145034,
        153.84768676757812,
        128.35996961593628,
        181.65420532226562
      ],
      "bbox_px_page": [
        464,
        1068,
        891,
        1261
      ]
    },
    "col_03": {
      "text": "",
      "image": "chart_rows/page_030/row_003/cells/col_03.png",
      "image_tight": "chart_rows/page_030/row_003/cells/col_03_tight.png",
      "bbox_pdf": [
        128.35996961593628,
        153.84768676757812,
        192.74342723796144,
        181.65420532226562
      ],
      "bbox_px_page": [
        891,
        1068,
        1338,
        1261
      ]
    },
    "col_04": {
      "text": "Tower",
      "image": "chart_rows/page_030/row_003/cells/col_04.png",
      "image_tight": "chart_rows/page_030/row_003/cells/col_04_tight.png",
      "bbox_pdf": [
        192.74342723796144,
        153.84768676757812,
        302.6000061035156,
        181.65420532226562
      ],
      "bbox_px_page": [
        1338,
        1068,
        2101,
        1261
      ]
    },
    "col_05": {
      "text": "TOWER Tr Tr",
      "image": "chart_rows/page_030/row_003/cells/col_05.png",
      "image_tight": "chart_rows/page_030/row_003/cells/col_05_tight.png",
      "bbox_pdf": [
        302.6000061035156,
        153.84768676757812,
        456.3236999511719,
        181.65420532226562
      ],
      "bbox_px_page": [
        2101,
        1068,
        3168,
        1261
      ]
    },
    "col_06": {
      "text": "",
      "image": "chart_rows/page_030/row_003/cells/col_06.png",
      "image_tight": "chart_rows/page_030/row_003/cells/col_06_tight.png",
      "bbox_pdf": [
        456.3236999511719,
        153.84768676757812,
        567.5356597900391,
        181.65420532226562
      ],
      "bbox_px_page": [
        3168,
        1068,
        3941,
        1261
      ]
    },
    "col_07": {
      "text": "",
      "image": "chart_rows/page_030/row_003/cells/col_07.png",
      "image_tight": "chart_rows/page_030/row_003/cells/col_07_tight.png",
      "bbox_pdf": [
        567.5356597900391,
        153.84768676757812,
        651.9163010418415,
        181.65420532226562
      ],
      "bbox_px_page": [
        3941,
        1068,
        4527,
        1261
      ]
    },
    "col_08": {
      "text": "Tower",
      "image": "chart_rows/page_030/row_003/cells/col_08.png",
      "image_tight": "chart_rows/page_030/row_003/cells/col_08_tight.png",
      "bbox_pdf": [
        651.9163010418415,
        153.84768676757812,
        737.734619140625,
        181.65420532226562
      ],
      "bbox_px_page": [
        4527,
        1068,
        5123,
        1261
      ]
    }
  }
}