{
  "id": "p065_r006",
  "page_number": 65,
  "row_index": 6,
  "no": "6",
  "row_text": "If encoded, the shoalest depth range value along the track is obtained by cursor pick",
  "row_image": "chart_rows/page_065/row_006/row.png",
  "cells": {
    "No": {
      "text": "6",
      "image": "chart_rows/page_065/row_006/cells/No.png",
      "image_tight": "chart_rows/page_065/row_006/cells/No_tight.png",
      "bbox_pdf": [
        54.07160186767578,
        539.23388671875,
        83.0,
        570.0446166992188
      ],
      "bbox_px_page": [
        375,
        3744,
        576,
        3958
      ]
    },
    "INT": {
      "text": "",
      "image": "chart_rows/page_065/row_006/cells/INT.png",
      "image_tight": "chart_rows/page_065/row_006/cells/INT_tight.png",
      "bbox_pdf": [
        83.0,
        539.23388671875,
        209.80630493164062,
        570.0446166992188
      ],
      "bbox_px_page": [
        576,
        3744,
        1456,
        3958
      ]
    },
    "Description": {
      "text": "Recommended track with maximum authorized (or recommended) draft stated",
      "image": "chart_rows/page_065/row_006/cells/Description.png",
      "image_tight": "chart_rows/page_065/row_006/cells/Description_tight.png",
      "bbox_pdf": [
        209.80630493164062,
        539.23388671875,
        320.6000061035156,
        570.0446166992188
      ],
      "bbox_px_page": [
        1456,
        3744,
        2226,
        3958
      ]
    },
    "NOAA": {
      "text": "",
      "image": "chart_rows/page_065/row_006/cells/NOAA.png",
      "image_tight": "chart_rows/page_065/row_006/cells/NOAA_tight.png",
      "bbox_pdf": [
        320.6000061035156,
        539.23388671875,
        397.2838134765625,
        570.0446166992188
      ],
      "bbox_px_page": [
        2226,
        3744,
        2758,
        3958
      ]
    },
    "NGA": {
      "text": "73 m 7 m",
      "image": "chart_rows/page_065/row_006/cells/NGA.png",
      "image_tight": "chart_rows/page_065/row_006/cells/NGA_tight.png",
      "bbox_pdf": [
        397.2838134765625,
        539.23388671875,
        474.3236999511719,
        570.0446166992188
      ],
      "bbox_px_page": [
        2758,
        3744,
        3293,
        3958
      ]
    },
    "OtherNGA": {
      "text": "",
      "image": "chart_rows/page_065/row_006/cells/OtherNGA.png",
      "image_tight": "chart_rows/page_065/row_006/cells/OtherNGA_tight.png",
      "bbox_pdf": [
        474.3236999511719,
        539.23388671875,
        584.1237182617188,
        570.0446166992188
      ],
      "bbox_px_page": [
        3293,
        3744,
        4056,
        3958
      ]
    },
    "ECDIS": {
      "text": "If encoded, the shoalest depth range value along the track is obtained by cursor pick",
      "image": "chart_rows/page_065/row_006/cells/ECDIS.png",
      "image_tight": "chart_rows/page_065/row_006/cells/ECDIS_tight.png",
      "bbox_pdf": [
        584.1237182617188,
        539.23388671875,
        755.734619140625,
        570.0446166992188
      ],
      "bbox_px_page": [
        4056,
        3744,
        5248,
        3958
      ]
    }
  }
}