{
  "id": "p020_r005",
  "page_number": 20,
  "row_index": 5,
  "no": "26",
  "row_text": "Lava flow",
  "row_image": "chart_rows/page_020/row_005/row.png",
  "cells": {
    "col_01": {
      "text": "26",
      "image": "chart_rows/page_020/row_005/cells/col_01.png",
      "image_tight": "chart_rows/page_020/row_005/cells/col_01_tight.png",
      "bbox_pdf": [
        36.07160186767578,
        341.26231384277344,
        66.83821793145034,
        403.43157958984375
      ],
      "bbox_px_page": [
        250,
        2369,
        464,
        2801
      ]
    },
    "col_02": {
      "text": "",
      "image": "chart_rows/page_020/row_005/cells/col_02.png",
      "image_tight": "chart_rows/page_020/row_005/cells/col_02_tight.png",
      "bbox_pdf": [
        66.83821793145034,
        341.26231384277344,
        128.35996961593628,
        403.43157958984375
      ],
      "bbox_px_page": [
        464,
        2369,
        891,
        2801
      ]
    },
    "col_03": {
      "text": "",
      "image": "chart_rows/page_020/row_005/cells/col_03.png",
      "image_tight": "chart_rows/page_020/row_005/cells/col_03_tight.png",
      "bbox_pdf": [
        128.35996961593628,
        341.26231384277344,
        192.74342723796144,
        403.43157958984375
      ],
      "bbox_px_page": [
        891,
        2369,
        1338,
        2801
      ]
    },
    "col_04": {
      "text": "Lava flow",
      "image": "chart_rows/page_020/row_005/cells/col_04.png",
      "image_tight": "chart_rows/page_020/row_005/cells/col_04_tight.png",
      "bbox_pdf": [
        192.74342723796144,
        341.26231384277344,
        302.6000061035156,
        403.43157958984375
      ],
      "bbox_px_page": [
        1338,
        2369,
        2101,
        2801
      ]
    },
    "col_05": {
      "text": "Lava",
      "image": "chart_rows/page_020/row_005/cells/col_05.png",
      "image_tight": "chart_rows/page_020/row_005/cells/col_05_tight.png",
      "bbox_pdf": [
        302.6000061035156,
        341.26231384277344,
        456.3236999511719,
        403.43157958984375
      ],
      "bbox_px_page": [
        2101,
        2369,
        3168,
        2801
      ]
    },
    "col_06": {
      "text": "",
      "image": "chart_rows/page_020/row_005/cells/col_06.png",
      "image_tight": "chart_rows/page_020/row_005/cells/col_06_tight.png",
      "bbox_pdf": [
        456.3236999511719,
        341.26231384277344,
        567.5356597900391,
        403.43157958984375
      ],
      "bbox_px_page": [
        3168,
        2369,
        3941,
        2801
      ]
    },
    "col_07": {
      "text": "",
      "image": "chart_rows/page_020/row_005/cells/col_07.png",
      "image_tight": "chart_rows/page_020/row_005/cells/col_07_tight.png",
      "bbox_pdf": [
        567.5356597900391,
        341.26231384277344,
        651.9163010418415,
        403.43157958984375
      ],
      "bbox_px_page": [
        3941,
        2369,
        4527,
        2801
      ]
    },
    "col_08": {
      "text": "",
      "image": "chart_rows/page_020/row_005/cells/col_08.png",
      "image_tight": "chart_rows/page_020/row_005/cells/col_08_tight.png",
      "bbox_pdf": [
        651.9163010418415,
        341.26231384277344,
        737.734619140625,
        403.43157958984375
      ],
      "bbox_px_page": [
        4527,
        2369,
        5123,
        2801
      ]
    }
  }
}