{
  "id": "p046_r003",
  "page_number": 46,
  "row_index": 3,
  "no": "21",
  "row_text": "Dredged channel or area with minimum depth regularly maintained",
  "row_image": "chart_rows/page_046/row_003/row.png",
  "cells": {
    "col_01": {
      "text": "21",
      "image": "chart_rows/page_046/row_003/cells/col_01.png",
      "image_tight": "chart_rows/page_046/row_003/cells/col_01_tight.png",
      "bbox_pdf": [
        36.07160186767578,
        166.5701904296875,
        66.97056174278259,
        216.0701904296875
      ],
      "bbox_px_page": [
        250,
        1156,
        465,
        1500
      ]
    },
    "col_02": {
      "text": "7.0 m 3.5 m",
      "image": "chart_rows/page_046/row_003/cells/col_02.png",
      "image_tight": "chart_rows/page_046/row_003/cells/col_02_tight.png",
      "bbox_pdf": [
        66.97056174278259,
        166.5701904296875,
        191.8062746396463,
        216.0701904296875
      ],
      "bbox_px_page": [
        465,
        1156,
        1331,
        1500
      ]
    },
    "col_03": {
      "text": "Dredged channel or area with minimum depth regularly maintained",
      "image": "chart_rows/page_046/row_003/cells/col_03.png",
      "image_tight": "chart_rows/page_046/row_003/cells/col_03_tight.png",
      "bbox_pdf": [
        191.8062746396463,
        166.5701904296875,
        302.6000061035156,
        216.0701904296875
      ],
      "bbox_px_page": [
        1331,
        1156,
        2101,
        1500
      ]
    },
    "col_04": {
      "text": "",
      "image": "chart_rows/page_046/row_003/cells/col_04.png",
      "image_tight": "chart_rows/page_046/row_003/cells/col_04_tight.png",
      "bbox_pdf": [
        302.6000061035156,
        166.5701904296875,
        381.01983642578125,
        216.0701904296875
      ],
      "bbox_px_page": [
        2101,
        1156,
        2645,
        1500
      ]
    },
    "col_05": {
      "text": "",
      "image": "chart_rows/page_046/row_003/cells/col_05.png",
      "image_tight": "chart_rows/page_046/row_003/cells/col_05_tight.png",
      "bbox_pdf": [
        381.01983642578125,
        166.5701904296875,
        456.3236999511719,
        216.0701904296875
      ],
      "bbox_px_page": [
        2645,
        1156,
        3168,
        1500
      ]
    },
    "col_06": {
      "text": "",
      "image": "chart_rows/page_046/row_003/cells/col_06.png",
      "image_tight": "chart_rows/page_046/row_003/cells/col_06_tight.png",
      "bbox_pdf": [
        456.3236999511719,
        166.5701904296875,
        566.1237182617188,
        216.0701904296875
      ],
      "bbox_px_page": [
        3168,
        1156,
        3931,
        1500
      ]
    },
    "col_07": {
      "text": "",
      "image": "chart_rows/page_046/row_003/cells/col_07.png",
      "image_tight": "chart_rows/page_046/row_003/cells/col_07_tight.png",
      "bbox_pdf": [
        566.1237182617188,
        166.5701904296875,
        651.9290771484375,
        216.0701904296875
      ],
      "bbox_px_page": [
        3931,
        1156,
        4527,
        1500
      ]
    },
    "col_08": {
      "text": "Dredged area Depth, date of latest d th",
      "image": "chart_rows/page_046/row_003/cells/col_08.png",
      "image_tight": "chart_rows/page_046/row_003/cells/col_08_tight.png",
      "bbox_pdf": [
        651.9290771484375,
        166.5701904296875,
        737.734619140625,
        216.0701904296875
      ],
      "bbox_px_page": [
        4527,
        1156,
        5123,
        1500
      ]
    }
  }
}