{
  "id": "p039_r006",
  "page_number": 39,
  "row_index": 6,
  "no": "e",
  "row_text": "Quarantine office",
  "row_image": "chart_rows/page_039/row_006/row.png",
  "cells": {
    "col_01": {
      "text": "e",
      "image": "chart_rows/page_039/row_006/cells/col_01.png",
      "image_tight": "chart_rows/page_039/row_006/cells/col_01_tight.png",
      "bbox_pdf": [
        53.89714285714286,
        296.8056945800781,
        82.90285714285714,
        318.85211181640625
      ],
      "bbox_px_page": [
        374,
        2061,
        575,
        2214
      ]
    },
    "col_02": {
      "text": "",
      "image": "chart_rows/page_039/row_006/cells/col_02.png",
      "image_tight": "chart_rows/page_039/row_006/cells/col_02_tight.png",
      "bbox_pdf": [
        82.90285714285714,
        296.8056945800781,
        209.62285714285716,
        318.85211181640625
      ],
      "bbox_px_page": [
        575,
        2061,
        1455,
        2214
      ]
    },
    "col_03": {
      "text": "Quarantine office",
      "image": "chart_rows/page_039/row_006/cells/col_03.png",
      "image_tight": "chart_rows/page_039/row_006/cells/col_03_tight.png",
      "bbox_pdf": [
        209.62285714285716,
        296.8056945800781,
        320.5028571428572,
        318.85211181640625
      ],
      "bbox_px_page": [
        1455,
        2061,
        2225,
        2214
      ]
    },
    "col_04": {
      "text": "Quar †",
      "image": "chart_rows/page_039/row_006/cells/col_04.png",
      "image_tight": "chart_rows/page_039/row_006/cells/col_04_tight.png",
      "bbox_pdf": [
        320.5028571428572,
        296.8056945800781,
        474.17142857142863,
        318.85211181640625
      ],
      "bbox_px_page": [
        2225,
        2061,
        3292,
        2214
      ]
    },
    "col_05": {
      "text": "",
      "image": "chart_rows/page_039/row_006/cells/col_05.png",
      "image_tight": "chart_rows/page_039/row_006/cells/col_05_tight.png",
      "bbox_pdf": [
        474.17142857142863,
        296.8056945800781,
        584.0228571428572,
        318.85211181640625
      ],
      "bbox_px_page": [
        3292,
        2061,
        4055,
        2214
      ]
    },
    "col_06": {
      "text": "",
      "image": "chart_rows/page_039/row_006/cells/col_06.png",
      "image_tight": "chart_rows/page_039/row_006/cells/col_06_tight.png",
      "bbox_pdf": [
        584.0228571428572,
        296.8056945800781,
        755.5885714285715,
        318.85211181640625
      ],
      "bbox_px_page": [
        4055,
        2061,
        5247,
        2214
      ]
    }
  }
}