{
  "id": "p034_r010",
  "page_number": 34,
  "row_index": 10,
  "no": "16",
  "row_text": "Pontoon as a line Pontoon as an area",
  "row_image": "chart_rows/page_034/row_010/row.png",
  "cells": {
    "col_01": {
      "text": "16",
      "image": "chart_rows/page_034/row_010/cells/col_01.png",
      "image_tight": "chart_rows/page_034/row_010/cells/col_01_tight.png",
      "bbox_pdf": [
        36.07160186767578,
        441.6239929199219,
        66.83821793145034,
        521.716796875
      ],
      "bbox_px_page": [
        250,
        3066,
        464,
        3623
      ]
    },
    "col_02": {
      "text": "",
      "image": "chart_rows/page_034/row_010/cells/col_02.png",
      "image_tight": "chart_rows/page_034/row_010/cells/col_02_tight.png",
      "bbox_pdf": [
        66.83821793145034,
        441.6239929199219,
        128.35996961593628,
        521.716796875
      ],
      "bbox_px_page": [
        464,
        3066,
        891,
        3623
      ]
    },
    "col_03": {
      "text": "",
      "image": "chart_rows/page_034/row_010/cells/col_03.png",
      "image_tight": "chart_rows/page_034/row_010/cells/col_03_tight.png",
      "bbox_pdf": [
        128.35996961593628,
        441.6239929199219,
        192.74342723796144,
        521.716796875
      ],
      "bbox_px_page": [
        891,
        3066,
        1338,
        3623
      ]
    },
    "col_04": {
      "text": "Pontoon",
      "image": "chart_rows/page_034/row_010/cells/col_04.png",
      "image_tight": "chart_rows/page_034/row_010/cells/col_04_tight.png",
      "bbox_pdf": [
        192.74342723796144,
        441.6239929199219,
        302.6000061035156,
        521.716796875
      ],
      "bbox_px_page": [
        1338,
        3066,
        2101,
        3623
      ]
    },
    "col_05": {
      "text": "",
      "image": "chart_rows/page_034/row_010/cells/col_05.png",
      "image_tight": "chart_rows/page_034/row_010/cells/col_05_tight.png",
      "bbox_pdf": [
        302.6000061035156,
        441.6239929199219,
        456.3236999511719,
        521.716796875
      ],
      "bbox_px_page": [
        2101,
        3066,
        3168,
        3623
      ]
    },
    "col_06": {
      "text": "",
      "image": "chart_rows/page_034/row_010/cells/col_06.png",
      "image_tight": "chart_rows/page_034/row_010/cells/col_06_tight.png",
      "bbox_pdf": [
        456.3236999511719,
        441.6239929199219,
        567.5356597900391,
        521.716796875
      ],
      "bbox_px_page": [
        3168,
        3066,
        3941,
        3623
      ]
    },
    "col_07": {
      "text": "",
      "image": "chart_rows/page_034/row_010/cells/col_07.png",
      "image_tight": "chart_rows/page_034/row_010/cells/col_07_tight.png",
      "bbox_pdf": [
        567.5356597900391,
        441.6239929199219,
        651.9163010418415,
        521.716796875
      ],
      "bbox_px_page": [
        3941,
        3066,
        4527,
        3623
      ]
    },
    "col_08": {
      "text": "Pontoon as a line Pontoon as an area",
      "image": "chart_rows/page_034/row_010/cells/col_08.png",
      "image_tight": "chart_rows/page_034/row_010/cells/col_08_tight.png",
      "bbox_pdf": [
        651.9163010418415,
        441.6239929199219,
        737.734619140625,
        521.716796875
      ],
      "bbox_px_page": [
        4527,
        3066,
        5123,
        3623
      ]
    }
  }
}