{
  "id": "p036_r008",
  "page_number": 36,
  "row_index": 8,
  "no": "33.2",
  "row_text": "Ruined pier, partly submerged at high water",
  "row_image": "chart_rows/page_036/row_008/row.png",
  "cells": {
    "col_01": {
      "text": "33.2",
      "image": "chart_rows/page_036/row_008/cells/col_01.png",
      "image_tight": "chart_rows/page_036/row_008/cells/col_01_tight.png",
      "bbox_pdf": [
        36.07160186767578,
        437.5211181640625,
        66.83821793145034,
        469.92388916015625
      ],
      "bbox_px_page": [
        250,
        3038,
        464,
        3263
      ]
    },
    "col_02": {
      "text": "",
      "image": "chart_rows/page_036/row_008/cells/col_02.png",
      "image_tight": "chart_rows/page_036/row_008/cells/col_02_tight.png",
      "bbox_pdf": [
        66.83821793145034,
        437.5211181640625,
        128.35996961593628,
        469.92388916015625
      ],
      "bbox_px_page": [
        464,
        3038,
        891,
        3263
      ]
    },
    "col_03": {
      "text": "",
      "image": "chart_rows/page_036/row_008/cells/col_03.png",
      "image_tight": "chart_rows/page_036/row_008/cells/col_03_tight.png",
      "bbox_pdf": [
        128.35996961593628,
        437.5211181640625,
        192.74342723796144,
        469.92388916015625
      ],
      "bbox_px_page": [
        891,
        3038,
        1338,
        3263
      ]
    },
    "col_04": {
      "text": "Ruined pier, partly submerged at high water",
      "image": "chart_rows/page_036/row_008/cells/col_04.png",
      "image_tight": "chart_rows/page_036/row_008/cells/col_04_tight.png",
      "bbox_pdf": [
        192.74342723796144,
        437.5211181640625,
        302.6000061035156,
        469.92388916015625
      ],
      "bbox_px_page": [
        1338,
        3038,
        2101,
        3263
      ]
    },
    "col_05": {
      "text": "Pier 0",
      "image": "chart_rows/page_036/row_008/cells/col_05.png",
      "image_tight": "chart_rows/page_036/row_008/cells/col_05_tight.png",
      "bbox_pdf": [
        302.6000061035156,
        437.5211181640625,
        456.3236999511719,
        469.92388916015625
      ],
      "bbox_px_page": [
        2101,
        3038,
        3168,
        3263
      ]
    },
    "col_06": {
      "text": "",
      "image": "chart_rows/page_036/row_008/cells/col_06.png",
      "image_tight": "chart_rows/page_036/row_008/cells/col_06_tight.png",
      "bbox_pdf": [
        456.3236999511719,
        437.5211181640625,
        567.5356597900391,
        469.92388916015625
      ],
      "bbox_px_page": [
        3168,
        3038,
        3941,
        3263
      ]
    },
    "col_07": {
      "text": "",
      "image": "chart_rows/page_036/row_008/cells/col_07.png",
      "image_tight": "chart_rows/page_036/row_008/cells/col_07_tight.png",
      "bbox_pdf": [
        567.5356597900391,
        437.5211181640625,
        651.9163010418415,
        469.92388916015625
      ],
      "bbox_px_page": [
        3941,
        3038,
        4527,
        3263
      ]
    },
    "col_08": {
      "text": "Pier, ruined and partly submerged",
      "image": "chart_rows/page_036/row_008/cells/col_08.png",
      "image_tight": "chart_rows/page_036/row_008/cells/col_08_tight.png",
      "bbox_pdf": [
        651.9163010418415,
        437.5211181640625,
        737.734619140625,
        469.92388916015625
      ],
      "bbox_px_page": [
        4527,
        3038,
        5123,
        3263
      ]
    }
  }
}