{
  "id": "p061_r007",
  "page_number": 61,
  "row_index": 7,
  "no": "5 2",
  "row_text": "Wind farm (offshore)",
  "row_image": "chart_rows/page_061/row_007/row.png",
  "cells": {
    "No": {
      "text": "5 2",
      "image": "chart_rows/page_061/row_007/cells/No.png",
      "image_tight": "chart_rows/page_061/row_007/cells/No_tight.png",
      "bbox_pdf": [
        54.07160186767578,
        338.55859375,
        82.99796140193939,
        369.3662109375
      ],
      "bbox_px_page": [
        375,
        2351,
        576,
        2565
      ]
    },
    "INT": {
      "text": "",
      "image": "chart_rows/page_061/row_007/cells/INT.png",
      "image_tight": "chart_rows/page_061/row_007/cells/INT_tight.png",
      "bbox_pdf": [
        82.99796140193939,
        338.55859375,
        211.40581703186035,
        369.3662109375
      ],
      "bbox_px_page": [
        576,
        2351,
        1468,
        2565
      ]
    },
    "Description": {
      "text": "Offshore wind farm",
      "image": "chart_rows/page_061/row_007/cells/Description.png",
      "image_tight": "chart_rows/page_061/row_007/cells/Description_tight.png",
      "bbox_pdf": [
        211.40581703186035,
        338.55859375,
        320.6000061035156,
        369.3662109375
      ],
      "bbox_px_page": [
        1468,
        2351,
        2226,
        2565
      ]
    },
    "NOAA": {
      "text": "",
      "image": "chart_rows/page_061/row_007/cells/NOAA.png",
      "image_tight": "chart_rows/page_061/row_007/cells/NOAA_tight.png",
      "bbox_pdf": [
        320.6000061035156,
        338.55859375,
        474.3236999511719,
        369.3662109375
      ],
      "bbox_px_page": [
        2226,
        2351,
        3293,
        2565
      ]
    },
    "NGA": {
      "text": "",
      "image": "chart_rows/page_061/row_007/cells/NGA.png",
      "image_tight": "chart_rows/page_061/row_007/cells/NGA_tight.png",
      "bbox_pdf": [
        474.3236999511719,
        338.55859375,
        585.5497436523438,
        369.3662109375
      ],
      "bbox_px_page": [
        3293,
        2351,
        4066,
        2565
      ]
    },
    "OtherNGA": {
      "text": "",
      "image": "chart_rows/page_061/row_007/cells/OtherNGA.png",
      "image_tight": "chart_rows/page_061/row_007/cells/OtherNGA_tight.png",
      "bbox_pdf": [
        585.5497436523438,
        338.55859375,
        669.9003596305847,
        369.3662109375
      ],
      "bbox_px_page": [
        4066,
        2351,
        4652,
        2565
      ]
    },
    "ECDIS": {
      "text": "Wind farm (offshore)",
      "image": "chart_rows/page_061/row_007/cells/ECDIS.png",
      "image_tight": "chart_rows/page_061/row_007/cells/ECDIS_tight.png",
      "bbox_pdf": [
        669.9003596305847,
        338.55859375,
        755.734619140625,
        369.3662109375
      ],
      "bbox_px_page": [
        4652,
        2351,
        5248,
        2565
      ]
    }
  }
}