{
  "id": "p023_r014",
  "page_number": 23,
  "row_index": 14,
  "no": "12",
  "row_text": "Track, Path (loose or unsurfaced)",
  "row_image": "chart_rows/page_023/row_014/row.png",
  "cells": {
    "col_01": {
      "text": "12",
      "image": "chart_rows/page_023/row_014/cells/col_01.png",
      "image_tight": "chart_rows/page_023/row_014/cells/col_01_tight.png",
      "bbox_pdf": [
        54.07160186767578,
        515.8262939453125,
        83.0,
        552.99267578125
      ],
      "bbox_px_page": [
        375,
        3582,
        576,
        3840
      ]
    },
    "col_02": {
      "text": "",
      "image": "chart_rows/page_023/row_014/cells/col_02.png",
      "image_tight": "chart_rows/page_023/row_014/cells/col_02_tight.png",
      "bbox_pdf": [
        83.0,
        515.8262939453125,
        148.33418422937393,
        552.99267578125
      ],
      "bbox_px_page": [
        576,
        3582,
        1030,
        3840
      ]
    },
    "col_03": {
      "text": "",
      "image": "chart_rows/page_023/row_014/cells/col_03.png",
      "image_tight": "chart_rows/page_023/row_014/cells/col_03_tight.png",
      "bbox_pdf": [
        148.33418422937393,
        515.8262939453125,
        209.80630493164062,
        552.99267578125
      ],
      "bbox_px_page": [
        1030,
        3582,
        1456,
        3840
      ]
    },
    "col_04": {
      "text": "Track, Path (loose or unsurfaced)",
      "image": "chart_rows/page_023/row_014/cells/col_04.png",
      "image_tight": "chart_rows/page_023/row_014/cells/col_04_tight.png",
      "bbox_pdf": [
        209.80630493164062,
        515.8262939453125,
        320.6000061035156,
        552.99267578125
      ],
      "bbox_px_page": [
        1456,
        3582,
        2226,
        3840
      ]
    },
    "col_05": {
      "text": "",
      "image": "chart_rows/page_023/row_014/cells/col_05.png",
      "image_tight": "chart_rows/page_023/row_014/cells/col_05_tight.png",
      "bbox_pdf": [
        320.6000061035156,
        515.8262939453125,
        474.3236999511719,
        552.99267578125
      ],
      "bbox_px_page": [
        2226,
        3582,
        3293,
        3840
      ]
    },
    "col_06": {
      "text": "",
      "image": "chart_rows/page_023/row_014/cells/col_06.png",
      "image_tight": "chart_rows/page_023/row_014/cells/col_06_tight.png",
      "bbox_pdf": [
        474.3236999511719,
        515.8262939453125,
        585.386962890625,
        552.99267578125
      ],
      "bbox_px_page": [
        3293,
        3582,
        4065,
        3840
      ]
    },
    "col_07": {
      "text": "",
      "image": "chart_rows/page_023/row_014/cells/col_07.png",
      "image_tight": "chart_rows/page_023/row_014/cells/col_07_tight.png",
      "bbox_pdf": [
        585.386962890625,
        515.8262939453125,
        669.9257489442825,
        552.99267578125
      ],
      "bbox_px_page": [
        4065,
        3582,
        4652,
        3840
      ]
    },
    "col_08": {
      "text": "Road as an area",
      "image": "chart_rows/page_023/row_014/cells/col_08.png",
      "image_tight": "chart_rows/page_023/row_014/cells/col_08_tight.png",
      "bbox_pdf": [
        669.9257489442825,
        515.8262939453125,
        755.734619140625,
        552.99267578125
      ],
      "bbox_px_page": [
        4652,
        3582,
        5248,
        3840
      ]
    }
  }
}