{
  "id": "p030_r012",
  "page_number": 30,
  "row_index": 12,
  "no": "27",
  "row_text": "Flagstaff, flagpole",
  "row_image": "chart_rows/page_030/row_012/row.png",
  "cells": {
    "col_01": {
      "text": "27",
      "image": "chart_rows/page_030/row_012/cells/col_01.png",
      "image_tight": "chart_rows/page_030/row_012/cells/col_01_tight.png",
      "bbox_pdf": [
        36.07160186767578,
        415.8721008300781,
        66.83821793145034,
        445.1184997558594
      ],
      "bbox_px_page": [
        250,
        2888,
        464,
        3091
      ]
    },
    "col_02": {
      "text": "",
      "image": "chart_rows/page_030/row_012/cells/col_02.png",
      "image_tight": "chart_rows/page_030/row_012/cells/col_02_tight.png",
      "bbox_pdf": [
        66.83821793145034,
        415.8721008300781,
        128.35996961593628,
        445.1184997558594
      ],
      "bbox_px_page": [
        464,
        2888,
        891,
        3091
      ]
    },
    "col_03": {
      "text": "",
      "image": "chart_rows/page_030/row_012/cells/col_03.png",
      "image_tight": "chart_rows/page_030/row_012/cells/col_03_tight.png",
      "bbox_pdf": [
        128.35996961593628,
        415.8721008300781,
        192.74342723796144,
        445.1184997558594
      ],
      "bbox_px_page": [
        891,
        2888,
        1338,
        3091
      ]
    },
    "col_04": {
      "text": "Flagstaff, Flagpole",
      "image": "chart_rows/page_030/row_012/cells/col_04.png",
      "image_tight": "chart_rows/page_030/row_012/cells/col_04_tight.png",
      "bbox_pdf": [
        192.74342723796144,
        415.8721008300781,
        302.6000061035156,
        445.1184997558594
      ],
      "bbox_px_page": [
        1338,
        2888,
        2101,
        3091
      ]
    },
    "col_05": {
      "text": "FS FP FS FP",
      "image": "chart_rows/page_030/row_012/cells/col_05.png",
      "image_tight": "chart_rows/page_030/row_012/cells/col_05_tight.png",
      "bbox_pdf": [
        302.6000061035156,
        415.8721008300781,
        456.3236999511719,
        445.1184997558594
      ],
      "bbox_px_page": [
        2101,
        2888,
        3168,
        3091
      ]
    },
    "col_06": {
      "text": "",
      "image": "chart_rows/page_030/row_012/cells/col_06.png",
      "image_tight": "chart_rows/page_030/row_012/cells/col_06_tight.png",
      "bbox_pdf": [
        456.3236999511719,
        415.8721008300781,
        567.5356597900391,
        445.1184997558594
      ],
      "bbox_px_page": [
        3168,
        2888,
        3941,
        3091
      ]
    },
    "col_07": {
      "text": "",
      "image": "chart_rows/page_030/row_012/cells/col_07.png",
      "image_tight": "chart_rows/page_030/row_012/cells/col_07_tight.png",
      "bbox_pdf": [
        567.5356597900391,
        415.8721008300781,
        651.9163010418415,
        445.1184997558594
      ],
      "bbox_px_page": [
        3941,
        2888,
        4527,
        3091
      ]
    },
    "col_08": {
      "text": "Flagstaff, flagpole",
      "image": "chart_rows/page_030/row_012/cells/col_08.png",
      "image_tight": "chart_rows/page_030/row_012/cells/col_08_tight.png",
      "bbox_pdf": [
        651.9163010418415,
        415.8721008300781,
        737.734619140625,
        445.1184997558594
      ],
      "bbox_px_page": [
        4527,
        2888,
        5123,
        3091
      ]
    }
  }
}