{
  "id": "p066_r007",
  "page_number": 66,
  "row_index": 7,
  "no": "16",
  "row_text": "Traffic precautionary area as a point Traffic precautionary area as an area",
  "row_image": "chart_rows/page_066/row_007/row.png",
  "cells": {
    "No": {
      "text": "16",
      "image": "chart_rows/page_066/row_007/cells/No.png",
      "image_tight": "chart_rows/page_066/row_007/cells/No_tight.png",
      "bbox_pdf": [
        36.07160186767578,
        311.9920959472656,
        64.99938281575669,
        440.08380126953125
      ],
      "bbox_px_page": [
        250,
        2166,
        451,
        3056
      ]
    },
    "INT": {
      "text": "",
      "image": "chart_rows/page_066/row_007/cells/INT.png",
      "image_tight": "chart_rows/page_066/row_007/cells/INT_tight.png",
      "bbox_pdf": [
        64.99938281575669,
        311.9920959472656,
        193.06974206492305,
        440.08380126953125
      ],
      "bbox_px_page": [
        451,
        2166,
        1340,
        3056
      ]
    },
    "Description": {
      "text": "Precautionary area",
      "image": "chart_rows/page_066/row_007/cells/Description.png",
      "image_tight": "chart_rows/page_066/row_007/cells/Description_tight.png",
      "bbox_pdf": [
        193.06974206492305,
        311.9920959472656,
        304.3567180633545,
        440.08380126953125
      ],
      "bbox_px_page": [
        1340,
        2166,
        2113,
        3056
      ]
    },
    "NOAA": {
      "text": "",
      "image": "chart_rows/page_066/row_007/cells/NOAA.png",
      "image_tight": "chart_rows/page_066/row_007/cells/NOAA_tight.png",
      "bbox_pdf": [
        304.3567180633545,
        311.9920959472656,
        456.3229369148612,
        440.08380126953125
      ],
      "bbox_px_page": [
        2113,
        2166,
        3168,
        3056
      ]
    },
    "NGA": {
      "text": "",
      "image": "chart_rows/page_066/row_007/cells/NGA.png",
      "image_tight": "chart_rows/page_066/row_007/cells/NGA_tight.png",
      "bbox_pdf": [
        456.3229369148612,
        311.9920959472656,
        567.7757158279419,
        440.08380126953125
      ],
      "bbox_px_page": [
        3168,
        2166,
        3942,
        3056
      ]
    },
    "OtherNGA": {
      "text": "",
      "image": "chart_rows/page_066/row_007/cells/OtherNGA.png",
      "image_tight": "chart_rows/page_066/row_007/cells/OtherNGA_tight.png",
      "bbox_pdf": [
        567.7757158279419,
        311.9920959472656,
        651.92743146047,
        440.08380126953125
      ],
      "bbox_px_page": [
        3942,
        2166,
        4527,
        3056
      ]
    },
    "ECDIS": {
      "text": "Traffic precautionary area as a point Traffic precautionary area as an area",
      "image": "chart_rows/page_066/row_007/cells/ECDIS.png",
      "image_tight": "chart_rows/page_066/row_007/cells/ECDIS_tight.png",
      "bbox_pdf": [
        651.92743146047,
        311.9920959472656,
        737.734619140625,
        440.08380126953125
      ],
      "bbox_px_page": [
        4527,
        2166,
        5123,
        3056
      ]
    }
  }
}