{
  "id": "p022_r001",
  "page_number": 22,
  "row_index": 1,
  "no": "e",
  "row_text": "Rubble",
  "row_image": "chart_rows/page_022/row_001/row.png",
  "cells": {
    "col_01": {
      "text": "e",
      "image": "chart_rows/page_022/row_001/cells/col_01.png",
      "image_tight": "chart_rows/page_022/row_001/cells/col_01_tight.png",
      "bbox_pdf": [
        36.07160186767578,
        90.0709228515625,
        65.0,
        122.91659545898438
      ],
      "bbox_px_page": [
        250,
        625,
        451,
        853
      ]
    },
    "col_02": {
      "text": "",
      "image": "chart_rows/page_022/row_001/cells/col_02.png",
      "image_tight": "chart_rows/page_022/row_001/cells/col_02_tight.png",
      "bbox_pdf": [
        65.0,
        90.0709228515625,
        191.80630493164062,
        122.91659545898438
      ],
      "bbox_px_page": [
        451,
        625,
        1331,
        853
      ]
    },
    "col_03": {
      "text": "Rubble",
      "image": "chart_rows/page_022/row_001/cells/col_03.png",
      "image_tight": "chart_rows/page_022/row_001/cells/col_03_tight.png",
      "bbox_pdf": [
        191.80630493164062,
        90.0709228515625,
        304.19958686828613,
        122.91659545898438
      ],
      "bbox_px_page": [
        1331,
        625,
        2112,
        853
      ]
    },
    "col_04": {
      "text": "†",
      "image": "chart_rows/page_022/row_001/cells/col_04.png",
      "image_tight": "chart_rows/page_022/row_001/cells/col_04_tight.png",
      "bbox_pdf": [
        304.19958686828613,
        90.0709228515625,
        456.3236818741643,
        122.91659545898438
      ],
      "bbox_px_page": [
        2112,
        625,
        3168,
        853
      ]
    },
    "col_05": {
      "text": "",
      "image": "chart_rows/page_022/row_001/cells/col_05.png",
      "image_tight": "chart_rows/page_022/row_001/cells/col_05_tight.png",
      "bbox_pdf": [
        456.3236818741643,
        90.0709228515625,
        566.1237182617188,
        122.91659545898438
      ],
      "bbox_px_page": [
        3168,
        625,
        3931,
        853
      ]
    },
    "col_06": {
      "text": "",
      "image": "chart_rows/page_022/row_001/cells/col_06.png",
      "image_tight": "chart_rows/page_022/row_001/cells/col_06_tight.png",
      "bbox_pdf": [
        566.1237182617188,
        90.0709228515625,
        737.734619140625,
        122.91659545898438
      ],
      "bbox_px_page": [
        3931,
        625,
        5123,
        853
      ]
    }
  }
}