{
  "id": "p061_r008",
  "page_number": 61,
  "row_index": 8,
  "no": "5.2",
  "row_text": "Offshore wind farm (floating)",
  "row_image": "chart_rows/page_061/row_008/row.png",
  "cells": {
    "No": {
      "text": "5.2",
      "image": "chart_rows/page_061/row_008/cells/No.png",
      "image_tight": "chart_rows/page_061/row_008/cells/No_tight.png",
      "bbox_pdf": [
        54.07160186767578,
        369.3662109375,
        82.99796140193939,
        400.17388916015625
      ],
      "bbox_px_page": [
        375,
        2565,
        576,
        2778
      ]
    },
    "INT": {
      "text": "",
      "image": "chart_rows/page_061/row_008/cells/INT.png",
      "image_tight": "chart_rows/page_061/row_008/cells/INT_tight.png",
      "bbox_pdf": [
        82.99796140193939,
        369.3662109375,
        211.40581703186035,
        400.17388916015625
      ],
      "bbox_px_page": [
        576,
        2565,
        1468,
        2778
      ]
    },
    "Description": {
      "text": "Offshore wind farm (floating)",
      "image": "chart_rows/page_061/row_008/cells/Description.png",
      "image_tight": "chart_rows/page_061/row_008/cells/Description_tight.png",
      "bbox_pdf": [
        211.40581703186035,
        369.3662109375,
        320.6000061035156,
        400.17388916015625
      ],
      "bbox_px_page": [
        1468,
        2565,
        2226,
        2778
      ]
    },
    "NOAA": {
      "text": "",
      "image": "chart_rows/page_061/row_008/cells/NOAA.png",
      "image_tight": "chart_rows/page_061/row_008/cells/NOAA_tight.png",
      "bbox_pdf": [
        320.6000061035156,
        369.3662109375,
        474.3236999511719,
        400.17388916015625
      ],
      "bbox_px_page": [
        2226,
        2565,
        3293,
        2778
      ]
    },
    "NGA": {
      "text": "",
      "image": "chart_rows/page_061/row_008/cells/NGA.png",
      "image_tight": "chart_rows/page_061/row_008/cells/NGA_tight.png",
      "bbox_pdf": [
        474.3236999511719,
        369.3662109375,
        585.5497436523438,
        400.17388916015625
      ],
      "bbox_px_page": [
        3293,
        2565,
        4066,
        2778
      ]
    },
    "OtherNGA": {
      "text": "",
      "image": "chart_rows/page_061/row_008/cells/OtherNGA.png",
      "image_tight": "chart_rows/page_061/row_008/cells/OtherNGA_tight.png",
      "bbox_pdf": [
        585.5497436523438,
        369.3662109375,
        669.9003596305847,
        400.17388916015625
      ],
      "bbox_px_page": [
        4066,
        2565,
        4652,
        2778
      ]
    },
    "ECDIS": {
      "text": "Wind farm (offshore)",
      "image": "chart_rows/page_061/row_008/cells/ECDIS.png",
      "image_tight": "chart_rows/page_061/row_008/cells/ECDIS_tight.png",
      "bbox_pdf": [
        669.9003596305847,
        369.3662109375,
        755.734619140625,
        400.17388916015625
      ],
      "bbox_px_page": [
        4652,
        2565,
        5248,
        2778
      ]
    }
  }
}