{
  "id": "p045_r008",
  "page_number": 45,
  "row_index": 8,
  "no": "16",
  "row_text": "Natural watercourse (in intertidal area)",
  "row_image": "chart_rows/page_045/row_008/row.png",
  "cells": {
    "col_01": {
      "text": "16",
      "image": "chart_rows/page_045/row_008/cells/col_01.png",
      "image_tight": "chart_rows/page_045/row_008/cells/col_01_tight.png",
      "bbox_pdf": [
        54.07160186767578,
        411.17153170285746,
        83.0,
        455.74968628399074
      ],
      "bbox_px_page": [
        375,
        2855,
        576,
        3164
      ]
    },
    "col_02": {
      "text": "0",
      "image": "chart_rows/page_045/row_008/cells/col_02.png",
      "image_tight": "chart_rows/page_045/row_008/cells/col_02_tight.png",
      "bbox_pdf": [
        83.0,
        411.17153170285746,
        148.33418422937393,
        455.74968628399074
      ],
      "bbox_px_page": [
        576,
        2855,
        1030,
        3164
      ]
    },
    "col_03": {
      "text": "0",
      "image": "chart_rows/page_045/row_008/cells/col_03.png",
      "image_tight": "chart_rows/page_045/row_008/cells/col_03_tight.png",
      "bbox_pdf": [
        148.33418422937393,
        411.17153170285746,
        209.80630493164062,
        455.74968628399074
      ],
      "bbox_px_page": [
        1030,
        2855,
        1456,
        3164
      ]
    },
    "col_04": {
      "text": "Natural watercourse (in intertidal area)",
      "image": "chart_rows/page_045/row_008/cells/col_04.png",
      "image_tight": "chart_rows/page_045/row_008/cells/col_04_tight.png",
      "bbox_pdf": [
        209.80630493164062,
        411.17153170285746,
        320.6000061035156,
        455.74968628399074
      ],
      "bbox_px_page": [
        1456,
        2855,
        2226,
        3164
      ]
    },
    "col_05": {
      "text": "",
      "image": "chart_rows/page_045/row_008/cells/col_05.png",
      "image_tight": "chart_rows/page_045/row_008/cells/col_05_tight.png",
      "bbox_pdf": [
        320.6000061035156,
        411.17153170285746,
        474.3236999511719,
        455.74968628399074
      ],
      "bbox_px_page": [
        2226,
        2855,
        3293,
        3164
      ]
    },
    "col_06": {
      "text": "",
      "image": "chart_rows/page_045/row_008/cells/col_06.png",
      "image_tight": "chart_rows/page_045/row_008/cells/col_06_tight.png",
      "bbox_pdf": [
        474.3236999511719,
        411.17153170285746,
        585.386962890625,
        455.74968628399074
      ],
      "bbox_px_page": [
        3293,
        2855,
        4065,
        3164
      ]
    },
    "col_07": {
      "text": "",
      "image": "chart_rows/page_045/row_008/cells/col_07.png",
      "image_tight": "chart_rows/page_045/row_008/cells/col_07_tight.png",
      "bbox_pdf": [
        585.386962890625,
        411.17153170285746,
        669.9257489442825,
        455.74968628399074
      ],
      "bbox_px_page": [
        4065,
        2855,
        4652,
        3164
      ]
    },
    "col_08": {
      "text": "Tideway",
      "image": "chart_rows/page_045/row_008/cells/col_08.png",
      "image_tight": "chart_rows/page_045/row_008/cells/col_08_tight.png",
      "bbox_pdf": [
        669.9257489442825,
        411.17153170285746,
        755.734619140625,
        455.74968628399074
      ],
      "bbox_px_page": [
        4652,
        2855,
        5248,
        3164
      ]
    }
  }
}