{
  "id": "p036_r004",
  "page_number": 36,
  "row_index": 4,
  "no": "30",
  "row_text": "Works on land, with year date",
  "row_image": "chart_rows/page_036/row_004/row.png",
  "cells": {
    "col_01": {
      "text": "30",
      "image": "chart_rows/page_036/row_004/cells/col_01.png",
      "image_tight": "chart_rows/page_036/row_004/cells/col_01_tight.png",
      "bbox_pdf": [
        36.07160186767578,
        303.24885082244873,
        66.83821793145034,
        334.6618957519531
      ],
      "bbox_px_page": [
        250,
        2105,
        464,
        2324
      ]
    },
    "col_02": {
      "text": "",
      "image": "chart_rows/page_036/row_004/cells/col_02.png",
      "image_tight": "chart_rows/page_036/row_004/cells/col_02_tight.png",
      "bbox_pdf": [
        66.83821793145034,
        303.24885082244873,
        128.35996961593628,
        334.6618957519531
      ],
      "bbox_px_page": [
        464,
        2105,
        891,
        2324
      ]
    },
    "col_03": {
      "text": "2011",
      "image": "chart_rows/page_036/row_004/cells/col_03.png",
      "image_tight": "chart_rows/page_036/row_004/cells/col_03_tight.png",
      "bbox_pdf": [
        128.35996961593628,
        303.24885082244873,
        192.74342723796144,
        334.6618957519531
      ],
      "bbox_px_page": [
        891,
        2105,
        1338,
        2324
      ]
    },
    "col_04": {
      "text": "Works on land, with year date",
      "image": "chart_rows/page_036/row_004/cells/col_04.png",
      "image_tight": "chart_rows/page_036/row_004/cells/col_04_tight.png",
      "bbox_pdf": [
        192.74342723796144,
        303.24885082244873,
        302.6000061035156,
        334.6618957519531
      ],
      "bbox_px_page": [
        1338,
        2105,
        2101,
        2324
      ]
    },
    "col_05": {
      "text": "",
      "image": "chart_rows/page_036/row_004/cells/col_05.png",
      "image_tight": "chart_rows/page_036/row_004/cells/col_05_tight.png",
      "bbox_pdf": [
        302.6000061035156,
        303.24885082244873,
        456.3236999511719,
        334.6618957519531
      ],
      "bbox_px_page": [
        2101,
        2105,
        3168,
        2324
      ]
    },
    "col_06": {
      "text": "",
      "image": "chart_rows/page_036/row_004/cells/col_06.png",
      "image_tight": "chart_rows/page_036/row_004/cells/col_06_tight.png",
      "bbox_pdf": [
        456.3236999511719,
        303.24885082244873,
        567.5356597900391,
        334.6618957519531
      ],
      "bbox_px_page": [
        3168,
        2105,
        3941,
        2324
      ]
    },
    "col_07": {
      "text": "",
      "image": "chart_rows/page_036/row_004/cells/col_07.png",
      "image_tight": "chart_rows/page_036/row_004/cells/col_07_tight.png",
      "bbox_pdf": [
        567.5356597900391,
        303.24885082244873,
        651.9163010418415,
        334.6618957519531
      ],
      "bbox_px_page": [
        3941,
        2105,
        4527,
        2324
      ]
    },
    "col_08": {
      "text": "",
      "image": "chart_rows/page_036/row_004/cells/col_08.png",
      "image_tight": "chart_rows/page_036/row_004/cells/col_08_tight.png",
      "bbox_pdf": [
        651.9163010418415,
        303.24885082244873,
        737.734619140625,
        334.6618957519531
      ],
      "bbox_px_page": [
        4527,
        2105,
        5123,
        2324
      ]
    }
  }
}