{
  "id": "p050_r007",
  "page_number": 50,
  "row_index": 7,
  "no": "Qualif",
  "row_text": "Supplementary national",
  "row_image": "chart_rows/page_050/row_007/row.png",
  "cells": {
    "No": {
      "text": "Qualif",
      "image": "chart_rows/page_050/row_007/cells/No.png",
      "image_tight": "chart_rows/page_050/row_007/cells/No_tight.png",
      "bbox_pdf": [
        36.07160186767578,
        379.8563737347722,
        64.99938281575669,
        397.85638427734375
      ],
      "bbox_px_page": [
        250,
        2637,
        451,
        2762
      ]
    },
    "INT": {
      "text": "fying Terms",
      "image": "chart_rows/page_050/row_007/cells/INT.png",
      "image_tight": "chart_rows/page_050/row_007/cells/INT_tight.png",
      "bbox_pdf": [
        64.99938281575669,
        379.8563737347722,
        193.06974206492305,
        397.85638427734375
      ],
      "bbox_px_page": [
        451,
        2637,
        1340,
        2762
      ]
    },
    "Description": {
      "text": "",
      "image": "chart_rows/page_050/row_007/cells/Description.png",
      "image_tight": "chart_rows/page_050/row_007/cells/Description_tight.png",
      "bbox_pdf": [
        193.06974206492305,
        379.8563737347722,
        304.3567180633545,
        397.85638427734375
      ],
      "bbox_px_page": [
        1340,
        2637,
        2113,
        2762
      ]
    },
    "NOAA": {
      "text": "",
      "image": "chart_rows/page_050/row_007/cells/NOAA.png",
      "image_tight": "chart_rows/page_050/row_007/cells/NOAA_tight.png",
      "bbox_pdf": [
        304.3567180633545,
        379.8563737347722,
        456.3229369148612,
        397.85638427734375
      ],
      "bbox_px_page": [
        2113,
        2637,
        3168,
        2762
      ]
    },
    "NGA": {
      "text": "",
      "image": "chart_rows/page_050/row_007/cells/NGA.png",
      "image_tight": "chart_rows/page_050/row_007/cells/NGA_tight.png",
      "bbox_pdf": [
        456.3229369148612,
        379.8563737347722,
        567.7757158279419,
        397.85638427734375
      ],
      "bbox_px_page": [
        3168,
        2637,
        3942,
        2762
      ]
    },
    "OtherNGA": {
      "text": "Supplementary national",
      "image": "chart_rows/page_050/row_007/cells/OtherNGA.png",
      "image_tight": "chart_rows/page_050/row_007/cells/OtherNGA_tight.png",
      "bbox_pdf": [
        567.7757158279419,
        379.8563737347722,
        651.92743146047,
        397.85638427734375
      ],
      "bbox_px_page": [
        3942,
        2637,
        4527,
        2762
      ]
    },
    "ECDIS": {
      "text": "symbols: ah–bf",
      "image": "chart_rows/page_050/row_007/cells/ECDIS.png",
      "image_tight": "chart_rows/page_050/row_007/cells/ECDIS_tight.png",
      "bbox_pdf": [
        651.92743146047,
        379.8563737347722,
        737.734619140625,
        397.85638427734375
      ],
      "bbox_px_page": [
        4527,
        2637,
        5123,
        2762
      ]
    }
  }
}