{
  "id": "p032_r017",
  "page_number": 32,
  "row_index": 17,
  "no": "u",
  "row_text": "Company",
  "row_image": "chart_rows/page_032/row_017/row.png",
  "cells": {
    "No": {
      "text": "u",
      "image": "chart_rows/page_032/row_017/cells/No.png",
      "image_tight": "chart_rows/page_032/row_017/cells/No_tight.png",
      "bbox_pdf": [
        36.07160186767578,
        410.77691650390625,
        64.99938281575669,
        429.2232971191406
      ],
      "bbox_px_page": [
        250,
        2852,
        451,
        2980
      ]
    },
    "INT": {
      "text": "",
      "image": "chart_rows/page_032/row_017/cells/INT.png",
      "image_tight": "chart_rows/page_032/row_017/cells/INT_tight.png",
      "bbox_pdf": [
        64.99938281575669,
        410.77691650390625,
        193.06974206492305,
        429.2232971191406
      ],
      "bbox_px_page": [
        451,
        2852,
        1340,
        2980
      ]
    },
    "Description": {
      "text": "Company",
      "image": "chart_rows/page_032/row_017/cells/Description.png",
      "image_tight": "chart_rows/page_032/row_017/cells/Description_tight.png",
      "bbox_pdf": [
        193.06974206492305,
        410.77691650390625,
        304.3567180633545,
        429.2232971191406
      ],
      "bbox_px_page": [
        1340,
        2852,
        2113,
        2980
      ]
    },
    "NOAA": {
      "text": "Co",
      "image": "chart_rows/page_032/row_017/cells/NOAA.png",
      "image_tight": "chart_rows/page_032/row_017/cells/NOAA_tight.png",
      "bbox_pdf": [
        304.3567180633545,
        410.77691650390625,
        456.3229369148612,
        429.2232971191406
      ],
      "bbox_px_page": [
        2113,
        2852,
        3168,
        2980
      ]
    },
    "NGA": {
      "text": "",
      "image": "chart_rows/page_032/row_017/cells/NGA.png",
      "image_tight": "chart_rows/page_032/row_017/cells/NGA_tight.png",
      "bbox_pdf": [
        456.3229369148612,
        410.77691650390625,
        567.7757158279419,
        429.2232971191406
      ],
      "bbox_px_page": [
        3168,
        2852,
        3942,
        2980
      ]
    },
    "OtherNGA": {
      "text": "",
      "image": "chart_rows/page_032/row_017/cells/OtherNGA.png",
      "image_tight": "chart_rows/page_032/row_017/cells/OtherNGA_tight.png",
      "bbox_pdf": [
        567.7757158279419,
        410.77691650390625,
        651.92743146047,
        429.2232971191406
      ],
      "bbox_px_page": [
        3942,
        2852,
        4527,
        2980
      ]
    },
    "ECDIS": {
      "text": "",
      "image": "chart_rows/page_032/row_017/cells/ECDIS.png",
      "image_tight": "chart_rows/page_032/row_017/cells/ECDIS_tight.png",
      "bbox_pdf": [
        651.92743146047,
        410.77691650390625,
        737.734619140625,
        429.2232971191406
      ],
      "bbox_px_page": [
        4527,
        2852,
        5123,
        2980
      ]
    }
  }
}