{
  "id": "p022_r008",
  "page_number": 22,
  "row_index": 8,
  "no": "m",
  "row_text": "Grassfields",
  "row_image": "chart_rows/page_022/row_008/row.png",
  "cells": {
    "col_01": {
      "text": "m",
      "image": "chart_rows/page_022/row_008/cells/col_01.png",
      "image_tight": "chart_rows/page_022/row_008/cells/col_01_tight.png",
      "bbox_pdf": [
        36.07160186767578,
        319.47088623046875,
        65.0,
        345.1174011230469
      ],
      "bbox_px_page": [
        250,
        2218,
        451,
        2396
      ]
    },
    "col_02": {
      "text": "",
      "image": "chart_rows/page_022/row_008/cells/col_02.png",
      "image_tight": "chart_rows/page_022/row_008/cells/col_02_tight.png",
      "bbox_pdf": [
        65.0,
        319.47088623046875,
        191.80630493164062,
        345.1174011230469
      ],
      "bbox_px_page": [
        451,
        2218,
        1331,
        2396
      ]
    },
    "col_03": {
      "text": "Grassfields",
      "image": "chart_rows/page_022/row_008/cells/col_03.png",
      "image_tight": "chart_rows/page_022/row_008/cells/col_03_tight.png",
      "bbox_pdf": [
        191.80630493164062,
        319.47088623046875,
        304.19958686828613,
        345.1174011230469
      ],
      "bbox_px_page": [
        1331,
        2218,
        2112,
        2396
      ]
    },
    "col_04": {
      "text": "†",
      "image": "chart_rows/page_022/row_008/cells/col_04.png",
      "image_tight": "chart_rows/page_022/row_008/cells/col_04_tight.png",
      "bbox_pdf": [
        304.19958686828613,
        319.47088623046875,
        456.3236818741643,
        345.1174011230469
      ],
      "bbox_px_page": [
        2112,
        2218,
        3168,
        2396
      ]
    },
    "col_05": {
      "text": "",
      "image": "chart_rows/page_022/row_008/cells/col_05.png",
      "image_tight": "chart_rows/page_022/row_008/cells/col_05_tight.png",
      "bbox_pdf": [
        456.3236818741643,
        319.47088623046875,
        566.1237182617188,
        345.1174011230469
      ],
      "bbox_px_page": [
        3168,
        2218,
        3931,
        2396
      ]
    },
    "col_06": {
      "text": "",
      "image": "chart_rows/page_022/row_008/cells/col_06.png",
      "image_tight": "chart_rows/page_022/row_008/cells/col_06_tight.png",
      "bbox_pdf": [
        566.1237182617188,
        319.47088623046875,
        737.734619140625,
        345.1174011230469
      ],
      "bbox_px_page": [
        3931,
        2218,
        5123,
        2396
      ]
    }
  }
}