{
  "id": "p025_r010",
  "page_number": 25,
  "row_index": 10,
  "no": "24",
  "row_text": "Transporter bridge with vertical clearance below fixed structure",
  "row_image": "chart_rows/page_025/row_010/row.png",
  "cells": {
    "No": {
      "text": "24",
      "image": "chart_rows/page_025/row_010/cells/No.png",
      "image_tight": "chart_rows/page_025/row_010/cells/No_tight.png",
      "bbox_pdf": [
        54.07160186767578,
        486.69374084472656,
        82.99796140193939,
        540.0694115161896
      ],
      "bbox_px_page": [
        375,
        3379,
        576,
        3750
      ]
    },
    "INT": {
      "text": "",
      "image": "chart_rows/page_025/row_010/cells/INT.png",
      "image_tight": "chart_rows/page_025/row_010/cells/INT_tight.png",
      "bbox_pdf": [
        82.99796140193939,
        486.69374084472656,
        211.40581703186035,
        540.0694115161896
      ],
      "bbox_px_page": [
        576,
        3379,
        1468,
        3750
      ]
    },
    "Description": {
      "text": "Transporter bridge with vertical clearance below fixed structure",
      "image": "chart_rows/page_025/row_010/cells/Description.png",
      "image_tight": "chart_rows/page_025/row_010/cells/Description_tight.png",
      "bbox_pdf": [
        211.40581703186035,
        486.69374084472656,
        320.6000061035156,
        540.0694115161896
      ],
      "bbox_px_page": [
        1468,
        3379,
        2226,
        3750
      ]
    },
    "NOAA": {
      "text": "",
      "image": "chart_rows/page_025/row_010/cells/NOAA.png",
      "image_tight": "chart_rows/page_025/row_010/cells/NOAA_tight.png",
      "bbox_pdf": [
        320.6000061035156,
        486.69374084472656,
        474.3236999511719,
        540.0694115161896
      ],
      "bbox_px_page": [
        2226,
        3379,
        3293,
        3750
      ]
    },
    "NGA": {
      "text": "",
      "image": "chart_rows/page_025/row_010/cells/NGA.png",
      "image_tight": "chart_rows/page_025/row_010/cells/NGA_tight.png",
      "bbox_pdf": [
        474.3236999511719,
        486.69374084472656,
        585.5497436523438,
        540.0694115161896
      ],
      "bbox_px_page": [
        3293,
        3379,
        4066,
        3750
      ]
    },
    "OtherNGA": {
      "text": "clr 20.0 clr 20.0",
      "image": "chart_rows/page_025/row_010/cells/OtherNGA.png",
      "image_tight": "chart_rows/page_025/row_010/cells/OtherNGA_tight.png",
      "bbox_pdf": [
        585.5497436523438,
        486.69374084472656,
        669.9003596305847,
        540.0694115161896
      ],
      "bbox_px_page": [
        4066,
        3379,
        4652,
        3750
      ]
    },
    "ECDIS": {
      "text": "Bridge",
      "image": "chart_rows/page_025/row_010/cells/ECDIS.png",
      "image_tight": "chart_rows/page_025/row_010/cells/ECDIS_tight.png",
      "bbox_pdf": [
        669.9003596305847,
        486.69374084472656,
        755.734619140625,
        540.0694115161896
      ],
      "bbox_px_page": [
        4652,
        3379,
        5248,
        3750
      ]
    }
  }
}