{
  "id": "p042_r004",
  "page_number": 42,
  "row_index": 4,
  "no": "No.",
  "row_text": "Description",
  "row_image": "chart_rows/page_042/row_004/row.png",
  "cells": {
    "col_01": {
      "text": "No.",
      "image": "chart_rows/page_042/row_004/cells/col_01.png",
      "image_tight": "chart_rows/page_042/row_004/cells/col_01_tight.png",
      "bbox_pdf": [
        36.07160186767578,
        262.0799865722656,
        66.97056174278259,
        283.67999267578125
      ],
      "bbox_px_page": [
        250,
        1819,
        465,
        1969
      ]
    },
    "col_02": {
      "text": "INT",
      "image": "chart_rows/page_042/row_004/cells/col_02.png",
      "image_tight": "chart_rows/page_042/row_004/cells/col_02_tight.png",
      "bbox_pdf": [
        66.97056174278259,
        262.0799865722656,
        191.8062746396463,
        283.67999267578125
      ],
      "bbox_px_page": [
        465,
        1819,
        1331,
        1969
      ]
    },
    "col_03": {
      "text": "Description",
      "image": "chart_rows/page_042/row_004/cells/col_03.png",
      "image_tight": "chart_rows/page_042/row_004/cells/col_03_tight.png",
      "bbox_pdf": [
        191.8062746396463,
        262.0799865722656,
        302.6000061035156,
        283.67999267578125
      ],
      "bbox_px_page": [
        1331,
        1819,
        2101,
        1969
      ]
    },
    "col_04": {
      "text": "NOAA",
      "image": "chart_rows/page_042/row_004/cells/col_04.png",
      "image_tight": "chart_rows/page_042/row_004/cells/col_04_tight.png",
      "bbox_pdf": [
        302.6000061035156,
        262.0799865722656,
        381.01983642578125,
        283.67999267578125
      ],
      "bbox_px_page": [
        2101,
        1819,
        2645,
        1969
      ]
    },
    "col_05": {
      "text": "NGA",
      "image": "chart_rows/page_042/row_004/cells/col_05.png",
      "image_tight": "chart_rows/page_042/row_004/cells/col_05_tight.png",
      "bbox_pdf": [
        381.01983642578125,
        262.0799865722656,
        456.3236999511719,
        283.67999267578125
      ],
      "bbox_px_page": [
        2645,
        1819,
        3168,
        1969
      ]
    },
    "col_06": {
      "text": "Other NGA",
      "image": "chart_rows/page_042/row_004/cells/col_06.png",
      "image_tight": "chart_rows/page_042/row_004/cells/col_06_tight.png",
      "bbox_pdf": [
        456.3236999511719,
        262.0799865722656,
        566.1237182617188,
        283.67999267578125
      ],
      "bbox_px_page": [
        3168,
        1819,
        3931,
        1969
      ]
    },
    "col_07": {
      "text": "ECD",
      "image": "chart_rows/page_042/row_004/cells/col_07.png",
      "image_tight": "chart_rows/page_042/row_004/cells/col_07_tight.png",
      "bbox_pdf": [
        566.1237182617188,
        262.0799865722656,
        651.9290771484375,
        283.67999267578125
      ],
      "bbox_px_page": [
        3931,
        1819,
        4527,
        1969
      ]
    },
    "col_08": {
      "text": "DIS",
      "image": "chart_rows/page_042/row_004/cells/col_08.png",
      "image_tight": "chart_rows/page_042/row_004/cells/col_08_tight.png",
      "bbox_pdf": [
        651.9290771484375,
        262.0799865722656,
        737.734619140625,
        283.67999267578125
      ],
      "bbox_px_page": [
        4527,
        1819,
        5123,
        1969
      ]
    }
  }
}