{
  "id": "p021_r004",
  "page_number": 21,
  "row_index": 4,
  "no": "31.3",
  "row_text": "Vegetation line of trees",
  "row_image": "chart_rows/page_021/row_004/row.png",
  "cells": {
    "No": {
      "text": "31.3",
      "image": "chart_rows/page_021/row_004/cells/No.png",
      "image_tight": "chart_rows/page_021/row_004/cells/No_tight.png",
      "bbox_pdf": [
        54.07160186767578,
        151.514404296875,
        82.99796140193939,
        172.21600341796875
      ],
      "bbox_px_page": [
        375,
        1052,
        576,
        1195
      ]
    },
    "INT": {
      "text": "",
      "image": "chart_rows/page_021/row_004/cells/INT.png",
      "image_tight": "chart_rows/page_021/row_004/cells/INT_tight.png",
      "bbox_pdf": [
        82.99796140193939,
        151.514404296875,
        211.40581703186035,
        172.21600341796875
      ],
      "bbox_px_page": [
        576,
        1052,
        1468,
        1195
      ]
    },
    "Description": {
      "text": "Conifer, Casuarina",
      "image": "chart_rows/page_021/row_004/cells/Description.png",
      "image_tight": "chart_rows/page_021/row_004/cells/Description_tight.png",
      "bbox_pdf": [
        211.40581703186035,
        151.514404296875,
        320.6000061035156,
        172.21600341796875
      ],
      "bbox_px_page": [
        1468,
        1052,
        2226,
        1195
      ]
    },
    "NOAA": {
      "text": "",
      "image": "chart_rows/page_021/row_004/cells/NOAA.png",
      "image_tight": "chart_rows/page_021/row_004/cells/NOAA_tight.png",
      "bbox_pdf": [
        320.6000061035156,
        151.514404296875,
        474.3236999511719,
        172.21600341796875
      ],
      "bbox_px_page": [
        2226,
        1052,
        3293,
        1195
      ]
    },
    "NGA": {
      "text": "",
      "image": "chart_rows/page_021/row_004/cells/NGA.png",
      "image_tight": "chart_rows/page_021/row_004/cells/NGA_tight.png",
      "bbox_pdf": [
        474.3236999511719,
        151.514404296875,
        585.5497436523438,
        172.21600341796875
      ],
      "bbox_px_page": [
        3293,
        1052,
        4066,
        1195
      ]
    },
    "OtherNGA": {
      "text": "",
      "image": "chart_rows/page_021/row_004/cells/OtherNGA.png",
      "image_tight": "chart_rows/page_021/row_004/cells/OtherNGA_tight.png",
      "bbox_pdf": [
        585.5497436523438,
        151.514404296875,
        669.9003596305847,
        172.21600341796875
      ],
      "bbox_px_page": [
        4066,
        1052,
        4652,
        1195
      ]
    },
    "ECDIS": {
      "text": "Vegetation line of trees",
      "image": "chart_rows/page_021/row_004/cells/ECDIS.png",
      "image_tight": "chart_rows/page_021/row_004/cells/ECDIS_tight.png",
      "bbox_pdf": [
        669.9003596305847,
        151.514404296875,
        755.734619140625,
        172.21600341796875
      ],
      "bbox_px_page": [
        4652,
        1052,
        5248,
        1195
      ]
    }
  }
}