{
  "id": "p030_r014",
  "page_number": 30,
  "row_index": 14,
  "no": "29",
  "row_text": "Radio tower, Television tower",
  "row_image": "chart_rows/page_030/row_014/row.png",
  "cells": {
    "col_01": {
      "text": "29",
      "image": "chart_rows/page_030/row_014/cells/col_01.png",
      "image_tight": "chart_rows/page_030/row_014/cells/col_01_tight.png",
      "bbox_pdf": [
        36.07160186767578,
        479.4049072265625,
        66.83821793145034,
        513.6912841796875
      ],
      "bbox_px_page": [
        250,
        3329,
        464,
        3567
      ]
    },
    "col_02": {
      "text": "",
      "image": "chart_rows/page_030/row_014/cells/col_02.png",
      "image_tight": "chart_rows/page_030/row_014/cells/col_02_tight.png",
      "bbox_pdf": [
        66.83821793145034,
        479.4049072265625,
        128.35996961593628,
        513.6912841796875
      ],
      "bbox_px_page": [
        464,
        3329,
        891,
        3567
      ]
    },
    "col_03": {
      "text": "",
      "image": "chart_rows/page_030/row_014/cells/col_03.png",
      "image_tight": "chart_rows/page_030/row_014/cells/col_03_tight.png",
      "bbox_pdf": [
        128.35996961593628,
        479.4049072265625,
        192.74342723796144,
        513.6912841796875
      ],
      "bbox_px_page": [
        891,
        3329,
        1338,
        3567
      ]
    },
    "col_04": {
      "text": "Radio tower, Television tower",
      "image": "chart_rows/page_030/row_014/cells/col_04.png",
      "image_tight": "chart_rows/page_030/row_014/cells/col_04_tight.png",
      "bbox_pdf": [
        192.74342723796144,
        479.4049072265625,
        302.6000061035156,
        513.6912841796875
      ],
      "bbox_px_page": [
        1338,
        3329,
        2101,
        3567
      ]
    },
    "col_05": {
      "text": "R TR TV Tr R Tr TV TR",
      "image": "chart_rows/page_030/row_014/cells/col_05.png",
      "image_tight": "chart_rows/page_030/row_014/cells/col_05_tight.png",
      "bbox_pdf": [
        302.6000061035156,
        479.4049072265625,
        456.3236999511719,
        513.6912841796875
      ],
      "bbox_px_page": [
        2101,
        3329,
        3168,
        3567
      ]
    },
    "col_06": {
      "text": "",
      "image": "chart_rows/page_030/row_014/cells/col_06.png",
      "image_tight": "chart_rows/page_030/row_014/cells/col_06_tight.png",
      "bbox_pdf": [
        456.3236999511719,
        479.4049072265625,
        567.5356597900391,
        513.6912841796875
      ],
      "bbox_px_page": [
        3168,
        3329,
        3941,
        3567
      ]
    },
    "col_07": {
      "text": "",
      "image": "chart_rows/page_030/row_014/cells/col_07.png",
      "image_tight": "chart_rows/page_030/row_014/cells/col_07_tight.png",
      "bbox_pdf": [
        567.5356597900391,
        479.4049072265625,
        651.9163010418415,
        513.6912841796875
      ],
      "bbox_px_page": [
        3941,
        3329,
        4527,
        3567
      ]
    },
    "col_08": {
      "text": "Radio, television tower",
      "image": "chart_rows/page_030/row_014/cells/col_08.png",
      "image_tight": "chart_rows/page_030/row_014/cells/col_08_tight.png",
      "bbox_pdf": [
        651.9163010418415,
        479.4049072265625,
        737.734619140625,
        513.6912841796875
      ],
      "bbox_px_page": [
        4527,
        3329,
        5123,
        3567
      ]
    }
  }
}