{
  "id": "p058_r003",
  "page_number": 58,
  "row_index": 3,
  "no": "43.1",
  "row_text": "Obstruction, depth not stated Underwater hazard with depth of 20 meters",
  "row_image": "chart_rows/page_058/row_003/row.png",
  "cells": {
    "col_01": {
      "text": "43.1",
      "image": "chart_rows/page_058/row_003/cells/col_01.png",
      "image_tight": "chart_rows/page_058/row_003/cells/col_01_tight.png",
      "bbox_pdf": [
        36.07160186767578,
        382.5701904296875,
        66.97056174278259,
        420.8201904296875
      ],
      "bbox_px_page": [
        250,
        2656,
        465,
        2922
      ]
    },
    "col_02": {
      "text": "",
      "image": "chart_rows/page_058/row_003/cells/col_02.png",
      "image_tight": "chart_rows/page_058/row_003/cells/col_02_tight.png",
      "bbox_pdf": [
        66.97056174278259,
        382.5701904296875,
        191.8062746396463,
        420.8201904296875
      ],
      "bbox_px_page": [
        465,
        2656,
        1331,
        2922
      ]
    },
    "col_03": {
      "text": "Stumps of posts or piles, wholly submerged",
      "image": "chart_rows/page_058/row_003/cells/col_03.png",
      "image_tight": "chart_rows/page_058/row_003/cells/col_03_tight.png",
      "bbox_pdf": [
        191.8062746396463,
        382.5701904296875,
        302.6000061035156,
        420.8201904296875
      ],
      "bbox_px_page": [
        1331,
        2656,
        2101,
        2922
      ]
    },
    "col_04": {
      "text": "Subm piles",
      "image": "chart_rows/page_058/row_003/cells/col_04.png",
      "image_tight": "chart_rows/page_058/row_003/cells/col_04_tight.png",
      "bbox_pdf": [
        302.6000061035156,
        382.5701904296875,
        381.01983642578125,
        420.8201904296875
      ],
      "bbox_px_page": [
        2101,
        2656,
        2645,
        2922
      ]
    },
    "col_05": {
      "text": "Piles",
      "image": "chart_rows/page_058/row_003/cells/col_05.png",
      "image_tight": "chart_rows/page_058/row_003/cells/col_05_tight.png",
      "bbox_pdf": [
        381.01983642578125,
        382.5701904296875,
        456.3236999511719,
        420.8201904296875
      ],
      "bbox_px_page": [
        2645,
        2656,
        3168,
        2922
      ]
    },
    "col_06": {
      "text": "",
      "image": "chart_rows/page_058/row_003/cells/col_06.png",
      "image_tight": "chart_rows/page_058/row_003/cells/col_06_tight.png",
      "bbox_pdf": [
        456.3236999511719,
        382.5701904296875,
        566.1237182617188,
        420.8201904296875
      ],
      "bbox_px_page": [
        3168,
        2656,
        3931,
        2922
      ]
    },
    "col_07": {
      "text": "",
      "image": "chart_rows/page_058/row_003/cells/col_07.png",
      "image_tight": "chart_rows/page_058/row_003/cells/col_07_tight.png",
      "bbox_pdf": [
        566.1237182617188,
        382.5701904296875,
        651.9290771484375,
        420.8201904296875
      ],
      "bbox_px_page": [
        3931,
        2656,
        4527,
        2922
      ]
    },
    "col_08": {
      "text": "Obstruction, depth not stated Underwater hazard with depth of 20 meters",
      "image": "chart_rows/page_058/row_003/cells/col_08.png",
      "image_tight": "chart_rows/page_058/row_003/cells/col_08_tight.png",
      "bbox_pdf": [
        651.9290771484375,
        382.5701904296875,
        737.734619140625,
        420.8201904296875
      ],
      "bbox_px_page": [
        4527,
        2656,
        5123,
        2922
      ]
    }
  }
}