{
  "id": "p035_r008",
  "page_number": 35,
  "row_index": 8,
  "no": "23",
  "row_text": "Slipway, Patent slip, Ramp",
  "row_image": "chart_rows/page_035/row_008/row.png",
  "cells": {
    "col_01": {
      "text": "23",
      "image": "chart_rows/page_035/row_008/cells/col_01.png",
      "image_tight": "chart_rows/page_035/row_008/cells/col_01_tight.png",
      "bbox_pdf": [
        54.07160186767578,
        334.5638198852539,
        83.0,
        377.66446005296893
      ],
      "bbox_px_page": [
        375,
        2323,
        576,
        2622
      ]
    },
    "col_02": {
      "text": "0 Patent slip",
      "image": "chart_rows/page_035/row_008/cells/col_02.png",
      "image_tight": "chart_rows/page_035/row_008/cells/col_02_tight.png",
      "bbox_pdf": [
        83.0,
        334.5638198852539,
        148.33418422937393,
        377.66446005296893
      ],
      "bbox_px_page": [
        576,
        2323,
        1030,
        2622
      ]
    },
    "col_03": {
      "text": "0 Ramp",
      "image": "chart_rows/page_035/row_008/cells/col_03.png",
      "image_tight": "chart_rows/page_035/row_008/cells/col_03_tight.png",
      "bbox_pdf": [
        148.33418422937393,
        334.5638198852539,
        209.80630493164062,
        377.66446005296893
      ],
      "bbox_px_page": [
        1030,
        2323,
        1456,
        2622
      ]
    },
    "col_04": {
      "text": "Slipway, Patent slip, Ramp",
      "image": "chart_rows/page_035/row_008/cells/col_04.png",
      "image_tight": "chart_rows/page_035/row_008/cells/col_04_tight.png",
      "bbox_pdf": [
        209.80630493164062,
        334.5638198852539,
        320.6000061035156,
        377.66446005296893
      ],
      "bbox_px_page": [
        1456,
        2323,
        2226,
        2622
      ]
    },
    "col_05": {
      "text": "",
      "image": "chart_rows/page_035/row_008/cells/col_05.png",
      "image_tight": "chart_rows/page_035/row_008/cells/col_05_tight.png",
      "bbox_pdf": [
        320.6000061035156,
        334.5638198852539,
        474.3236999511719,
        377.66446005296893
      ],
      "bbox_px_page": [
        2226,
        2323,
        3293,
        2622
      ]
    },
    "col_06": {
      "text": "0",
      "image": "chart_rows/page_035/row_008/cells/col_06.png",
      "image_tight": "chart_rows/page_035/row_008/cells/col_06_tight.png",
      "bbox_pdf": [
        474.3236999511719,
        334.5638198852539,
        585.386962890625,
        377.66446005296893
      ],
      "bbox_px_page": [
        3293,
        2323,
        4065,
        2622
      ]
    },
    "col_07": {
      "text": "",
      "image": "chart_rows/page_035/row_008/cells/col_07.png",
      "image_tight": "chart_rows/page_035/row_008/cells/col_07_tight.png",
      "bbox_pdf": [
        585.386962890625,
        334.5638198852539,
        669.9257489442825,
        377.66446005296893
      ],
      "bbox_px_page": [
        4065,
        2323,
        4652,
        2622
      ]
    },
    "col_08": {
      "text": "Slipway, ramp",
      "image": "chart_rows/page_035/row_008/cells/col_08.png",
      "image_tight": "chart_rows/page_035/row_008/cells/col_08_tight.png",
      "bbox_pdf": [
        669.9257489442825,
        334.5638198852539,
        755.734619140625,
        377.66446005296893
      ],
      "bbox_px_page": [
        4652,
        2323,
        5248,
        2622
      ]
    }
  }
}