{
  "id": "p031_r014",
  "page_number": 31,
  "row_index": 14,
  "no": "Supp",
  "row_text": "plementary National Symbols",
  "row_image": "chart_rows/page_031/row_014/row.png",
  "cells": {
    "col_01": {
      "text": "Supp",
      "image": "chart_rows/page_031/row_014/cells/col_01.png",
      "image_tight": "chart_rows/page_031/row_014/cells/col_01_tight.png",
      "bbox_pdf": [
        54.07160186767578,
        483.1015930175781,
        83.0,
        501.54791259765625
      ],
      "bbox_px_page": [
        375,
        3354,
        576,
        3482
      ]
    },
    "col_02": {
      "text": "plementary National Symbols",
      "image": "chart_rows/page_031/row_014/cells/col_02.png",
      "image_tight": "chart_rows/page_031/row_014/cells/col_02_tight.png",
      "bbox_pdf": [
        83.0,
        483.1015930175781,
        209.80630493164062,
        501.54791259765625
      ],
      "bbox_px_page": [
        576,
        3354,
        1456,
        3482
      ]
    },
    "col_03": {
      "text": "",
      "image": "chart_rows/page_031/row_014/cells/col_03.png",
      "image_tight": "chart_rows/page_031/row_014/cells/col_03_tight.png",
      "bbox_pdf": [
        209.80630493164062,
        483.1015930175781,
        320.6000061035156,
        501.54791259765625
      ],
      "bbox_px_page": [
        1456,
        3354,
        2226,
        3482
      ]
    },
    "col_04": {
      "text": "",
      "image": "chart_rows/page_031/row_014/cells/col_04.png",
      "image_tight": "chart_rows/page_031/row_014/cells/col_04_tight.png",
      "bbox_pdf": [
        320.6000061035156,
        483.1015930175781,
        397.2838134765625,
        501.54791259765625
      ],
      "bbox_px_page": [
        2226,
        3354,
        2758,
        3482
      ]
    },
    "col_05": {
      "text": "",
      "image": "chart_rows/page_031/row_014/cells/col_05.png",
      "image_tight": "chart_rows/page_031/row_014/cells/col_05_tight.png",
      "bbox_pdf": [
        397.2838134765625,
        483.1015930175781,
        474.3236999511719,
        501.54791259765625
      ],
      "bbox_px_page": [
        2758,
        3354,
        3293,
        3482
      ]
    },
    "col_06": {
      "text": "",
      "image": "chart_rows/page_031/row_014/cells/col_06.png",
      "image_tight": "chart_rows/page_031/row_014/cells/col_06_tight.png",
      "bbox_pdf": [
        474.3236999511719,
        483.1015930175781,
        584.1237182617188,
        501.54791259765625
      ],
      "bbox_px_page": [
        3293,
        3354,
        4056,
        3482
      ]
    },
    "col_07": {
      "text": "",
      "image": "chart_rows/page_031/row_014/cells/col_07.png",
      "image_tight": "chart_rows/page_031/row_014/cells/col_07_tight.png",
      "bbox_pdf": [
        584.1237182617188,
        483.1015930175781,
        669.9290771484375,
        501.54791259765625
      ],
      "bbox_px_page": [
        4056,
        3354,
        4652,
        3482
      ]
    },
    "col_08": {
      "text": "",
      "image": "chart_rows/page_031/row_014/cells/col_08.png",
      "image_tight": "chart_rows/page_031/row_014/cells/col_08_tight.png",
      "bbox_pdf": [
        669.9290771484375,
        483.1015930175781,
        755.734619140625,
        501.54791259765625
      ],
      "bbox_px_page": [
        4652,
        3354,
        5248,
        3482
      ]
    }
  }
}