{
  "id": "p032_r016",
  "page_number": 32,
  "row_index": 16,
  "no": "t",
  "row_text": "Capitol",
  "row_image": "chart_rows/page_032/row_016/row.png",
  "cells": {
    "No": {
      "text": "t",
      "image": "chart_rows/page_032/row_016/cells/No.png",
      "image_tight": "chart_rows/page_032/row_016/cells/No_tight.png",
      "bbox_pdf": [
        36.07160186767578,
        392.33050537109375,
        64.99938281575669,
        410.77691650390625
      ],
      "bbox_px_page": [
        250,
        2724,
        451,
        2852
      ]
    },
    "INT": {
      "text": "",
      "image": "chart_rows/page_032/row_016/cells/INT.png",
      "image_tight": "chart_rows/page_032/row_016/cells/INT_tight.png",
      "bbox_pdf": [
        64.99938281575669,
        392.33050537109375,
        193.06974206492305,
        410.77691650390625
      ],
      "bbox_px_page": [
        451,
        2724,
        1340,
        2852
      ]
    },
    "Description": {
      "text": "Capitol",
      "image": "chart_rows/page_032/row_016/cells/Description.png",
      "image_tight": "chart_rows/page_032/row_016/cells/Description_tight.png",
      "bbox_pdf": [
        193.06974206492305,
        392.33050537109375,
        304.3567180633545,
        410.77691650390625
      ],
      "bbox_px_page": [
        1340,
        2724,
        2113,
        2852
      ]
    },
    "NOAA": {
      "text": "Cap",
      "image": "chart_rows/page_032/row_016/cells/NOAA.png",
      "image_tight": "chart_rows/page_032/row_016/cells/NOAA_tight.png",
      "bbox_pdf": [
        304.3567180633545,
        392.33050537109375,
        456.3229369148612,
        410.77691650390625
      ],
      "bbox_px_page": [
        2113,
        2724,
        3168,
        2852
      ]
    },
    "NGA": {
      "text": "",
      "image": "chart_rows/page_032/row_016/cells/NGA.png",
      "image_tight": "chart_rows/page_032/row_016/cells/NGA_tight.png",
      "bbox_pdf": [
        456.3229369148612,
        392.33050537109375,
        567.7757158279419,
        410.77691650390625
      ],
      "bbox_px_page": [
        3168,
        2724,
        3942,
        2852
      ]
    },
    "OtherNGA": {
      "text": "",
      "image": "chart_rows/page_032/row_016/cells/OtherNGA.png",
      "image_tight": "chart_rows/page_032/row_016/cells/OtherNGA_tight.png",
      "bbox_pdf": [
        567.7757158279419,
        392.33050537109375,
        651.92743146047,
        410.77691650390625
      ],
      "bbox_px_page": [
        3942,
        2724,
        4527,
        2852
      ]
    },
    "ECDIS": {
      "text": "",
      "image": "chart_rows/page_032/row_016/cells/ECDIS.png",
      "image_tight": "chart_rows/page_032/row_016/cells/ECDIS_tight.png",
      "bbox_pdf": [
        651.92743146047,
        392.33050537109375,
        737.734619140625,
        410.77691650390625
      ],
      "bbox_px_page": [
        4527,
        2724,
        5123,
        2852
      ]
    }
  }
}