{
  "id": "p063_r007",
  "page_number": 63,
  "row_index": 7,
  "no": "30.2",
  "row_text": "Submarine cable area",
  "row_image": "chart_rows/page_063/row_007/row.png",
  "cells": {
    "No": {
      "text": "30.2",
      "image": "chart_rows/page_063/row_007/cells/No.png",
      "image_tight": "chart_rows/page_063/row_007/cells/No_tight.png",
      "bbox_pdf": [
        54.07160186767578,
        279.72808837890625,
        82.99796140193939,
        305.16571044921875
      ],
      "bbox_px_page": [
        375,
        1942,
        576,
        2119
      ]
    },
    "INT": {
      "text": "",
      "image": "chart_rows/page_063/row_007/cells/INT.png",
      "image_tight": "chart_rows/page_063/row_007/cells/INT_tight.png",
      "bbox_pdf": [
        82.99796140193939,
        279.72808837890625,
        211.40581703186035,
        305.16571044921875
      ],
      "bbox_px_page": [
        576,
        1942,
        1468,
        2119
      ]
    },
    "Description": {
      "text": "Submarine cable area",
      "image": "chart_rows/page_063/row_007/cells/Description.png",
      "image_tight": "chart_rows/page_063/row_007/cells/Description_tight.png",
      "bbox_pdf": [
        211.40581703186035,
        279.72808837890625,
        320.6000061035156,
        305.16571044921875
      ],
      "bbox_px_page": [
        1468,
        1942,
        2226,
        2119
      ]
    },
    "NOAA": {
      "text": "† Cable Area",
      "image": "chart_rows/page_063/row_007/cells/NOAA.png",
      "image_tight": "chart_rows/page_063/row_007/cells/NOAA_tight.png",
      "bbox_pdf": [
        320.6000061035156,
        279.72808837890625,
        474.3236999511719,
        305.16571044921875
      ],
      "bbox_px_page": [
        2226,
        1942,
        3293,
        2119
      ]
    },
    "NGA": {
      "text": "",
      "image": "chart_rows/page_063/row_007/cells/NGA.png",
      "image_tight": "chart_rows/page_063/row_007/cells/NGA_tight.png",
      "bbox_pdf": [
        474.3236999511719,
        279.72808837890625,
        585.5497436523438,
        305.16571044921875
      ],
      "bbox_px_page": [
        3293,
        1942,
        4066,
        2119
      ]
    },
    "OtherNGA": {
      "text": "",
      "image": "chart_rows/page_063/row_007/cells/OtherNGA.png",
      "image_tight": "chart_rows/page_063/row_007/cells/OtherNGA_tight.png",
      "bbox_pdf": [
        585.5497436523438,
        279.72808837890625,
        669.9003596305847,
        305.16571044921875
      ],
      "bbox_px_page": [
        4066,
        1942,
        4652,
        2119
      ]
    },
    "ECDIS": {
      "text": "",
      "image": "chart_rows/page_063/row_007/cells/ECDIS.png",
      "image_tight": "chart_rows/page_063/row_007/cells/ECDIS_tight.png",
      "bbox_pdf": [
        669.9003596305847,
        279.72808837890625,
        755.734619140625,
        305.16571044921875
      ],
      "bbox_px_page": [
        4652,
        1942,
        5248,
        2119
      ]
    }
  }
}