{
  "id": "p033_r001",
  "page_number": 33,
  "row_index": 1,
  "no": "Prote",
  "row_text": "Supplementary national",
  "row_image": "chart_rows/page_033/row_001/row.png",
  "cells": {
    "No": {
      "text": "Prote",
      "image": "chart_rows/page_033/row_001/cells/No.png",
      "image_tight": "chart_rows/page_033/row_001/cells/No_tight.png",
      "bbox_pdf": [
        54.07160186767578,
        90.19384765625,
        82.99796140193939,
        109.60348987579346
      ],
      "bbox_px_page": [
        375,
        626,
        576,
        761
      ]
    },
    "INT": {
      "text": "ctive Structures",
      "image": "chart_rows/page_033/row_001/cells/INT.png",
      "image_tight": "chart_rows/page_033/row_001/cells/INT_tight.png",
      "bbox_pdf": [
        82.99796140193939,
        90.19384765625,
        211.40581703186035,
        109.60348987579346
      ],
      "bbox_px_page": [
        576,
        626,
        1468,
        761
      ]
    },
    "Description": {
      "text": "",
      "image": "chart_rows/page_033/row_001/cells/Description.png",
      "image_tight": "chart_rows/page_033/row_001/cells/Description_tight.png",
      "bbox_pdf": [
        211.40581703186035,
        90.19384765625,
        320.6000061035156,
        109.60348987579346
      ],
      "bbox_px_page": [
        1468,
        626,
        2226,
        761
      ]
    },
    "NOAA": {
      "text": "",
      "image": "chart_rows/page_033/row_001/cells/NOAA.png",
      "image_tight": "chart_rows/page_033/row_001/cells/NOAA_tight.png",
      "bbox_pdf": [
        320.6000061035156,
        90.19384765625,
        474.3236999511719,
        109.60348987579346
      ],
      "bbox_px_page": [
        2226,
        626,
        3293,
        761
      ]
    },
    "NGA": {
      "text": "",
      "image": "chart_rows/page_033/row_001/cells/NGA.png",
      "image_tight": "chart_rows/page_033/row_001/cells/NGA_tight.png",
      "bbox_pdf": [
        474.3236999511719,
        90.19384765625,
        585.5497436523438,
        109.60348987579346
      ],
      "bbox_px_page": [
        3293,
        626,
        4066,
        761
      ]
    },
    "OtherNGA": {
      "text": "Supplementary national",
      "image": "chart_rows/page_033/row_001/cells/OtherNGA.png",
      "image_tight": "chart_rows/page_033/row_001/cells/OtherNGA_tight.png",
      "bbox_pdf": [
        585.5497436523438,
        90.19384765625,
        669.9003596305847,
        109.60348987579346
      ],
      "bbox_px_page": [
        4066,
        626,
        4652,
        761
      ]
    },
    "ECDIS": {
      "text": "symbols: a–c",
      "image": "chart_rows/page_033/row_001/cells/ECDIS.png",
      "image_tight": "chart_rows/page_033/row_001/cells/ECDIS_tight.png",
      "bbox_pdf": [
        669.9003596305847,
        90.19384765625,
        755.734619140625,
        109.60348987579346
      ],
      "bbox_px_page": [
        4652,
        626,
        5248,
        761
      ]
    }
  }
}