{
  "id": "p030_r002",
  "page_number": 30,
  "row_index": 2,
  "no": "19",
  "row_text": "Landmark area, type is obtained by cursor pick",
  "row_image": "chart_rows/page_030/row_002/row.png",
  "cells": {
    "col_01": {
      "text": "19",
      "image": "chart_rows/page_030/row_002/cells/col_01.png",
      "image_tight": "chart_rows/page_030/row_002/cells/col_01_tight.png",
      "bbox_pdf": [
        36.07160186767578,
        126.04141235351562,
        66.83821793145034,
        153.84768676757812
      ],
      "bbox_px_page": [
        250,
        875,
        464,
        1068
      ]
    },
    "col_02": {
      "text": "",
      "image": "chart_rows/page_030/row_002/cells/col_02.png",
      "image_tight": "chart_rows/page_030/row_002/cells/col_02_tight.png",
      "bbox_pdf": [
        66.83821793145034,
        126.04141235351562,
        128.35996961593628,
        153.84768676757812
      ],
      "bbox_px_page": [
        464,
        875,
        891,
        1068
      ]
    },
    "col_03": {
      "text": "",
      "image": "chart_rows/page_030/row_002/cells/col_03.png",
      "image_tight": "chart_rows/page_030/row_002/cells/col_03_tight.png",
      "bbox_pdf": [
        128.35996961593628,
        126.04141235351562,
        192.74342723796144,
        153.84768676757812
      ],
      "bbox_px_page": [
        891,
        875,
        1338,
        1068
      ]
    },
    "col_04": {
      "text": "Cemetery",
      "image": "chart_rows/page_030/row_002/cells/col_04.png",
      "image_tight": "chart_rows/page_030/row_002/cells/col_04_tight.png",
      "bbox_pdf": [
        192.74342723796144,
        126.04141235351562,
        302.6000061035156,
        153.84768676757812
      ],
      "bbox_px_page": [
        1338,
        875,
        2101,
        1068
      ]
    },
    "col_05": {
      "text": "Cem",
      "image": "chart_rows/page_030/row_002/cells/col_05.png",
      "image_tight": "chart_rows/page_030/row_002/cells/col_05_tight.png",
      "bbox_pdf": [
        302.6000061035156,
        126.04141235351562,
        456.3236999511719,
        153.84768676757812
      ],
      "bbox_px_page": [
        2101,
        875,
        3168,
        1068
      ]
    },
    "col_06": {
      "text": "",
      "image": "chart_rows/page_030/row_002/cells/col_06.png",
      "image_tight": "chart_rows/page_030/row_002/cells/col_06_tight.png",
      "bbox_pdf": [
        456.3236999511719,
        126.04141235351562,
        567.5356597900391,
        153.84768676757812
      ],
      "bbox_px_page": [
        3168,
        875,
        3941,
        1068
      ]
    },
    "col_07": {
      "text": "",
      "image": "chart_rows/page_030/row_002/cells/col_07.png",
      "image_tight": "chart_rows/page_030/row_002/cells/col_07_tight.png",
      "bbox_pdf": [
        567.5356597900391,
        126.04141235351562,
        651.9163010418415,
        153.84768676757812
      ],
      "bbox_px_page": [
        3941,
        875,
        4527,
        1068
      ]
    },
    "col_08": {
      "text": "Landmark area, type is obtained by cursor pick",
      "image": "chart_rows/page_030/row_002/cells/col_08.png",
      "image_tight": "chart_rows/page_030/row_002/cells/col_08_tight.png",
      "bbox_pdf": [
        651.9163010418415,
        126.04141235351562,
        737.734619140625,
        153.84768676757812
      ],
      "bbox_px_page": [
        4527,
        875,
        5123,
        1068
      ]
    }
  }
}