{
  "id": "p024_r002",
  "page_number": 24,
  "row_index": 2,
  "no": "14",
  "row_text": "Cutting",
  "row_image": "chart_rows/page_024/row_002/row.png",
  "cells": {
    "No": {
      "text": "14",
      "image": "chart_rows/page_024/row_002/cells/No.png",
      "image_tight": "chart_rows/page_024/row_002/cells/No_tight.png",
      "bbox_pdf": [
        36.07160186767578,
        139.5701904296875,
        64.99938281575669,
        175.5701904296875
      ],
      "bbox_px_page": [
        250,
        969,
        451,
        1219
      ]
    },
    "INT": {
      "text": "",
      "image": "chart_rows/page_024/row_002/cells/INT.png",
      "image_tight": "chart_rows/page_024/row_002/cells/INT_tight.png",
      "bbox_pdf": [
        64.99938281575669,
        139.5701904296875,
        193.06974206492305,
        175.5701904296875
      ],
      "bbox_px_page": [
        451,
        969,
        1340,
        1219
      ]
    },
    "Description": {
      "text": "Cutting",
      "image": "chart_rows/page_024/row_002/cells/Description.png",
      "image_tight": "chart_rows/page_024/row_002/cells/Description_tight.png",
      "bbox_pdf": [
        193.06974206492305,
        139.5701904296875,
        304.3567180633545,
        175.5701904296875
      ],
      "bbox_px_page": [
        1340,
        969,
        2113,
        1219
      ]
    },
    "NOAA": {
      "text": "",
      "image": "chart_rows/page_024/row_002/cells/NOAA.png",
      "image_tight": "chart_rows/page_024/row_002/cells/NOAA_tight.png",
      "bbox_pdf": [
        304.3567180633545,
        139.5701904296875,
        456.3229369148612,
        175.5701904296875
      ],
      "bbox_px_page": [
        2113,
        969,
        3168,
        1219
      ]
    },
    "NGA": {
      "text": "",
      "image": "chart_rows/page_024/row_002/cells/NGA.png",
      "image_tight": "chart_rows/page_024/row_002/cells/NGA_tight.png",
      "bbox_pdf": [
        456.3229369148612,
        139.5701904296875,
        567.7757158279419,
        175.5701904296875
      ],
      "bbox_px_page": [
        3168,
        969,
        3942,
        1219
      ]
    },
    "OtherNGA": {
      "text": "",
      "image": "chart_rows/page_024/row_002/cells/OtherNGA.png",
      "image_tight": "chart_rows/page_024/row_002/cells/OtherNGA_tight.png",
      "bbox_pdf": [
        567.7757158279419,
        139.5701904296875,
        651.92743146047,
        175.5701904296875
      ],
      "bbox_px_page": [
        3942,
        969,
        4527,
        1219
      ]
    },
    "ECDIS": {
      "text": "Cutting",
      "image": "chart_rows/page_024/row_002/cells/ECDIS.png",
      "image_tight": "chart_rows/page_024/row_002/cells/ECDIS_tight.png",
      "bbox_pdf": [
        651.92743146047,
        139.5701904296875,
        737.734619140625,
        175.5701904296875
      ],
      "bbox_px_page": [
        4527,
        969,
        5123,
        1219
      ]
    }
  }
}