{
  "id": "p061_r011",
  "page_number": 61,
  "row_index": 11,
  "no": "Moorin",
  "row_text": "ng Buoys → Q",
  "row_image": "chart_rows/page_061/row_011/row.png",
  "cells": {
    "No": {
      "text": "Moorin",
      "image": "chart_rows/page_061/row_011/cells/No.png",
      "image_tight": "chart_rows/page_061/row_011/cells/No_tight.png",
      "bbox_pdf": [
        54.07160186767578,
        465.08319091796875,
        82.99796140193939,
        483.08319091796875
      ],
      "bbox_px_page": [
        375,
        3229,
        576,
        3354
      ]
    },
    "INT": {
      "text": "ng Buoys → Q",
      "image": "chart_rows/page_061/row_011/cells/INT.png",
      "image_tight": "chart_rows/page_061/row_011/cells/INT_tight.png",
      "bbox_pdf": [
        82.99796140193939,
        465.08319091796875,
        211.40581703186035,
        483.08319091796875
      ],
      "bbox_px_page": [
        576,
        3229,
        1468,
        3354
      ]
    },
    "Description": {
      "text": "",
      "image": "chart_rows/page_061/row_011/cells/Description.png",
      "image_tight": "chart_rows/page_061/row_011/cells/Description_tight.png",
      "bbox_pdf": [
        211.40581703186035,
        465.08319091796875,
        320.6000061035156,
        483.08319091796875
      ],
      "bbox_px_page": [
        1468,
        3229,
        2226,
        3354
      ]
    },
    "NOAA": {
      "text": "",
      "image": "chart_rows/page_061/row_011/cells/NOAA.png",
      "image_tight": "chart_rows/page_061/row_011/cells/NOAA_tight.png",
      "bbox_pdf": [
        320.6000061035156,
        465.08319091796875,
        474.3236999511719,
        483.08319091796875
      ],
      "bbox_px_page": [
        2226,
        3229,
        3293,
        3354
      ]
    },
    "NGA": {
      "text": "",
      "image": "chart_rows/page_061/row_011/cells/NGA.png",
      "image_tight": "chart_rows/page_061/row_011/cells/NGA_tight.png",
      "bbox_pdf": [
        474.3236999511719,
        465.08319091796875,
        585.5497436523438,
        483.08319091796875
      ],
      "bbox_px_page": [
        3293,
        3229,
        4066,
        3354
      ]
    },
    "OtherNGA": {
      "text": "",
      "image": "chart_rows/page_061/row_011/cells/OtherNGA.png",
      "image_tight": "chart_rows/page_061/row_011/cells/OtherNGA_tight.png",
      "bbox_pdf": [
        585.5497436523438,
        465.08319091796875,
        669.9003596305847,
        483.08319091796875
      ],
      "bbox_px_page": [
        4066,
        3229,
        4652,
        3354
      ]
    },
    "ECDIS": {
      "text": "",
      "image": "chart_rows/page_061/row_011/cells/ECDIS.png",
      "image_tight": "chart_rows/page_061/row_011/cells/ECDIS_tight.png",
      "bbox_pdf": [
        669.9003596305847,
        465.08319091796875,
        755.734619140625,
        483.08319091796875
      ],
      "bbox_px_page": [
        4652,
        3229,
        5248,
        3354
      ]
    }
  }
}