{
  "id": "p037_r004",
  "page_number": 37,
  "row_index": 4,
  "no": "41.2",
  "row_text": "Ditch Sluice Canal Lock (Tidegate, Floodgate)",
  "row_image": "chart_rows/page_037/row_004/row.png",
  "cells": {
    "col_01": {
      "text": "41.2",
      "image": "chart_rows/page_037/row_004/cells/col_01.png",
      "image_tight": "chart_rows/page_037/row_004/cells/col_01_tight.png",
      "bbox_pdf": [
        54.07160186767578,
        237.38211059570312,
        83.0,
        295.4285888671875
      ],
      "bbox_px_page": [
        375,
        1648,
        576,
        2051
      ]
    },
    "col_02": {
      "text": "",
      "image": "chart_rows/page_037/row_004/cells/col_02.png",
      "image_tight": "chart_rows/page_037/row_004/cells/col_02_tight.png",
      "bbox_pdf": [
        83.0,
        237.38211059570312,
        148.33418422937393,
        295.4285888671875
      ],
      "bbox_px_page": [
        576,
        1648,
        1030,
        2051
      ]
    },
    "col_03": {
      "text": "",
      "image": "chart_rows/page_037/row_004/cells/col_03.png",
      "image_tight": "chart_rows/page_037/row_004/cells/col_03_tight.png",
      "bbox_pdf": [
        148.33418422937393,
        237.38211059570312,
        209.80630493164062,
        295.4285888671875
      ],
      "bbox_px_page": [
        1030,
        1648,
        1456,
        2051
      ]
    },
    "col_04": {
      "text": "Lock (on small scale charts)",
      "image": "chart_rows/page_037/row_004/cells/col_04.png",
      "image_tight": "chart_rows/page_037/row_004/cells/col_04_tight.png",
      "bbox_pdf": [
        209.80630493164062,
        237.38211059570312,
        320.6000061035156,
        295.4285888671875
      ],
      "bbox_px_page": [
        1456,
        1648,
        2226,
        2051
      ]
    },
    "col_05": {
      "text": "Ditch Sluice Canal Lock (Tidegate, Floodgate)",
      "image": "chart_rows/page_037/row_004/cells/col_05.png",
      "image_tight": "chart_rows/page_037/row_004/cells/col_05_tight.png",
      "bbox_pdf": [
        320.6000061035156,
        237.38211059570312,
        474.3236999511719,
        295.4285888671875
      ],
      "bbox_px_page": [
        2226,
        1648,
        3293,
        2051
      ]
    },
    "col_06": {
      "text": "",
      "image": "chart_rows/page_037/row_004/cells/col_06.png",
      "image_tight": "chart_rows/page_037/row_004/cells/col_06_tight.png",
      "bbox_pdf": [
        474.3236999511719,
        237.38211059570312,
        585.386962890625,
        295.4285888671875
      ],
      "bbox_px_page": [
        3293,
        1648,
        4065,
        2051
      ]
    },
    "col_07": {
      "text": "",
      "image": "chart_rows/page_037/row_004/cells/col_07.png",
      "image_tight": "chart_rows/page_037/row_004/cells/col_07_tight.png",
      "bbox_pdf": [
        585.386962890625,
        237.38211059570312,
        669.9257489442825,
        295.4285888671875
      ],
      "bbox_px_page": [
        4065,
        1648,
        4652,
        2051
      ]
    },
    "col_08": {
      "text": "Navigable lock gate",
      "image": "chart_rows/page_037/row_004/cells/col_08.png",
      "image_tight": "chart_rows/page_037/row_004/cells/col_08_tight.png",
      "bbox_pdf": [
        669.9257489442825,
        237.38211059570312,
        755.734619140625,
        295.4285888671875
      ],
      "bbox_px_page": [
        4652,
        1648,
        5248,
        2051
      ]
    }
  }
}