{
  "id": "p029_r005",
  "page_number": 29,
  "row_index": 5,
  "no": "3.2",
  "row_text": "Pictorial sketches (out of position)",
  "row_image": "chart_rows/page_029/row_005/row.png",
  "cells": {
    "No": {
      "text": "3.2",
      "image": "chart_rows/page_029/row_005/cells/No.png",
      "image_tight": "chart_rows/page_029/row_005/cells/No_tight.png",
      "bbox_pdf": [
        54.07160186767578,
        308.5154113769531,
        82.99796140193939,
        344.8485107421875
      ],
      "bbox_px_page": [
        375,
        2142,
        576,
        2394
      ]
    },
    "INT": {
      "text": "",
      "image": "chart_rows/page_029/row_005/cells/INT.png",
      "image_tight": "chart_rows/page_029/row_005/cells/INT_tight.png",
      "bbox_pdf": [
        82.99796140193939,
        308.5154113769531,
        211.40581703186035,
        344.8485107421875
      ],
      "bbox_px_page": [
        576,
        2142,
        1468,
        2394
      ]
    },
    "Description": {
      "text": "Pictorial sketches (out of position)",
      "image": "chart_rows/page_029/row_005/cells/Description.png",
      "image_tight": "chart_rows/page_029/row_005/cells/Description_tight.png",
      "bbox_pdf": [
        211.40581703186035,
        308.5154113769531,
        320.6000061035156,
        344.8485107421875
      ],
      "bbox_px_page": [
        1468,
        2142,
        2226,
        2394
      ]
    },
    "NOAA": {
      "text": "",
      "image": "chart_rows/page_029/row_005/cells/NOAA.png",
      "image_tight": "chart_rows/page_029/row_005/cells/NOAA_tight.png",
      "bbox_pdf": [
        320.6000061035156,
        308.5154113769531,
        474.3236999511719,
        344.8485107421875
      ],
      "bbox_px_page": [
        2226,
        2142,
        3293,
        2394
      ]
    },
    "NGA": {
      "text": "",
      "image": "chart_rows/page_029/row_005/cells/NGA.png",
      "image_tight": "chart_rows/page_029/row_005/cells/NGA_tight.png",
      "bbox_pdf": [
        474.3236999511719,
        308.5154113769531,
        585.5497436523438,
        344.8485107421875
      ],
      "bbox_px_page": [
        3293,
        2142,
        4066,
        2394
      ]
    },
    "OtherNGA": {
      "text": "",
      "image": "chart_rows/page_029/row_005/cells/OtherNGA.png",
      "image_tight": "chart_rows/page_029/row_005/cells/OtherNGA_tight.png",
      "bbox_pdf": [
        585.5497436523438,
        308.5154113769531,
        669.9003596305847,
        344.8485107421875
      ],
      "bbox_px_page": [
        4066,
        2142,
        4652,
        2394
      ]
    },
    "ECDIS": {
      "text": "",
      "image": "chart_rows/page_029/row_005/cells/ECDIS.png",
      "image_tight": "chart_rows/page_029/row_005/cells/ECDIS_tight.png",
      "bbox_pdf": [
        669.9003596305847,
        308.5154113769531,
        755.734619140625,
        344.8485107421875
      ],
      "bbox_px_page": [
        4652,
        2142,
        5248,
        2394
      ]
    }
  }
}