{
  "id": "p024_r011",
  "page_number": 24,
  "row_index": 11,
  "no": "20.2",
  "row_text": "Footbridge, fixed bridge on smaller scale charts",
  "row_image": "chart_rows/page_024/row_011/row.png",
  "cells": {
    "No": {
      "text": "20.2",
      "image": "chart_rows/page_024/row_011/cells/No.png",
      "image_tight": "chart_rows/page_024/row_011/cells/No_tight.png",
      "bbox_pdf": [
        36.07160186767578,
        499.5701904296875,
        64.99938281575669,
        544.5701904296875
      ],
      "bbox_px_page": [
        250,
        3469,
        451,
        3781
      ]
    },
    "INT": {
      "text": "",
      "image": "chart_rows/page_024/row_011/cells/INT.png",
      "image_tight": "chart_rows/page_024/row_011/cells/INT_tight.png",
      "bbox_pdf": [
        64.99938281575669,
        499.5701904296875,
        193.06974206492305,
        544.5701904296875
      ],
      "bbox_px_page": [
        451,
        3469,
        1340,
        3781
      ]
    },
    "Description": {
      "text": "Footbridge, fixed bridge on smaller scale charts",
      "image": "chart_rows/page_024/row_011/cells/Description.png",
      "image_tight": "chart_rows/page_024/row_011/cells/Description_tight.png",
      "bbox_pdf": [
        193.06974206492305,
        499.5701904296875,
        304.3567180633545,
        544.5701904296875
      ],
      "bbox_px_page": [
        1340,
        3469,
        2113,
        3781
      ]
    },
    "NOAA": {
      "text": "",
      "image": "chart_rows/page_024/row_011/cells/NOAA.png",
      "image_tight": "chart_rows/page_024/row_011/cells/NOAA_tight.png",
      "bbox_pdf": [
        304.3567180633545,
        499.5701904296875,
        456.3229369148612,
        544.5701904296875
      ],
      "bbox_px_page": [
        2113,
        3469,
        3168,
        3781
      ]
    },
    "NGA": {
      "text": "",
      "image": "chart_rows/page_024/row_011/cells/NGA.png",
      "image_tight": "chart_rows/page_024/row_011/cells/NGA_tight.png",
      "bbox_pdf": [
        456.3229369148612,
        499.5701904296875,
        567.7757158279419,
        544.5701904296875
      ],
      "bbox_px_page": [
        3168,
        3469,
        3942,
        3781
      ]
    },
    "OtherNGA": {
      "text": "",
      "image": "chart_rows/page_024/row_011/cells/OtherNGA.png",
      "image_tight": "chart_rows/page_024/row_011/cells/OtherNGA_tight.png",
      "bbox_pdf": [
        567.7757158279419,
        499.5701904296875,
        651.92743146047,
        544.5701904296875
      ],
      "bbox_px_page": [
        3942,
        3469,
        4527,
        3781
      ]
    },
    "ECDIS": {
      "text": "",
      "image": "chart_rows/page_024/row_011/cells/ECDIS.png",
      "image_tight": "chart_rows/page_024/row_011/cells/ECDIS_tight.png",
      "bbox_pdf": [
        651.92743146047,
        499.5701904296875,
        737.734619140625,
        544.5701904296875
      ],
      "bbox_px_page": [
        4527,
        3469,
        5123,
        3781
      ]
    }
  }
}