{
  "id": "p040_r002",
  "page_number": 40,
  "row_index": 2,
  "no": "2",
  "row_text": "Lowest Astronomical Tide",
  "row_image": "chart_rows/page_040/row_002/row.png",
  "cells": {
    "col_01": {
      "text": "2",
      "image": "chart_rows/page_040/row_002/cells/col_01.png",
      "image_tight": "chart_rows/page_040/row_002/cells/col_01_tight.png",
      "bbox_pdf": [
        36.07099914550781,
        151.85588836669922,
        99.07099914550781,
        171.6559066772461
      ],
      "bbox_px_page": [
        250,
        1054,
        687,
        1192
      ]
    },
    "col_02": {
      "text": "LAT",
      "image": "chart_rows/page_040/row_002/cells/col_02.png",
      "image_tight": "chart_rows/page_040/row_002/cells/col_02_tight.png",
      "bbox_pdf": [
        99.07099914550781,
        151.85588836669922,
        184.5709991455078,
        171.6559066772461
      ],
      "bbox_px_page": [
        687,
        1054,
        1281,
        1192
      ]
    },
    "col_03": {
      "text": "Lowest Astronomical Tide",
      "image": "chart_rows/page_040/row_002/cells/col_03.png",
      "image_tight": "chart_rows/page_040/row_002/cells/col_03_tight.png",
      "bbox_pdf": [
        184.5709991455078,
        151.85588836669922,
        364.5710144042969,
        171.6559066772461
      ],
      "bbox_px_page": [
        1281,
        1054,
        2531,
        1192
      ]
    },
    "col_04": {
      "text": "",
      "image": "chart_rows/page_040/row_002/cells/col_04.png",
      "image_tight": "chart_rows/page_040/row_002/cells/col_04_tight.png",
      "bbox_pdf": [
        364.5710144042969,
        151.85588836669922,
        387.0708923339844,
        171.6559066772461
      ],
      "bbox_px_page": [
        2531,
        1054,
        2687,
        1192
      ]
    },
    "col_05": {
      "text": "b HHW Higher High Water",
      "image": "chart_rows/page_040/row_002/cells/col_05.png",
      "image_tight": "chart_rows/page_040/row_002/cells/col_05_tight.png",
      "bbox_pdf": [
        387.0708923339844,
        151.85588836669922,
        738.0709228515625,
        171.6559066772461
      ],
      "bbox_px_page": [
        2687,
        1054,
        5125,
        1192
      ]
    }
  }
}