{
  "id": "p050_r003",
  "page_number": 50,
  "row_index": 3,
  "no": "Types",
  "row_text": "s of Seabed, Intertidal Areas",
  "row_image": "chart_rows/page_050/row_003/row.png",
  "cells": {
    "No": {
      "text": "Types",
      "image": "chart_rows/page_050/row_003/cells/No.png",
      "image_tight": "chart_rows/page_050/row_003/cells/No_tight.png",
      "bbox_pdf": [
        36.07160186767578,
        230.91720581054688,
        64.99938281575669,
        249.4320945739746
      ],
      "bbox_px_page": [
        250,
        1603,
        451,
        1732
      ]
    },
    "INT": {
      "text": "s of Seabed, Intertidal Areas",
      "image": "chart_rows/page_050/row_003/cells/INT.png",
      "image_tight": "chart_rows/page_050/row_003/cells/INT_tight.png",
      "bbox_pdf": [
        64.99938281575669,
        230.91720581054688,
        193.06974206492305,
        249.4320945739746
      ],
      "bbox_px_page": [
        451,
        1603,
        1340,
        1732
      ]
    },
    "Description": {
      "text": "",
      "image": "chart_rows/page_050/row_003/cells/Description.png",
      "image_tight": "chart_rows/page_050/row_003/cells/Description_tight.png",
      "bbox_pdf": [
        193.06974206492305,
        230.91720581054688,
        304.3567180633545,
        249.4320945739746
      ],
      "bbox_px_page": [
        1340,
        1603,
        2113,
        1732
      ]
    },
    "NOAA": {
      "text": "",
      "image": "chart_rows/page_050/row_003/cells/NOAA.png",
      "image_tight": "chart_rows/page_050/row_003/cells/NOAA_tight.png",
      "bbox_pdf": [
        304.3567180633545,
        230.91720581054688,
        456.3229369148612,
        249.4320945739746
      ],
      "bbox_px_page": [
        2113,
        1603,
        3168,
        1732
      ]
    },
    "NGA": {
      "text": "",
      "image": "chart_rows/page_050/row_003/cells/NGA.png",
      "image_tight": "chart_rows/page_050/row_003/cells/NGA_tight.png",
      "bbox_pdf": [
        456.3229369148612,
        230.91720581054688,
        567.7757158279419,
        249.4320945739746
      ],
      "bbox_px_page": [
        3168,
        1603,
        3942,
        1732
      ]
    },
    "OtherNGA": {
      "text": "",
      "image": "chart_rows/page_050/row_003/cells/OtherNGA.png",
      "image_tight": "chart_rows/page_050/row_003/cells/OtherNGA_tight.png",
      "bbox_pdf": [
        567.7757158279419,
        230.91720581054688,
        651.92743146047,
        249.4320945739746
      ],
      "bbox_px_page": [
        3942,
        1603,
        4527,
        1732
      ]
    },
    "ECDIS": {
      "text": "",
      "image": "chart_rows/page_050/row_003/cells/ECDIS.png",
      "image_tight": "chart_rows/page_050/row_003/cells/ECDIS_tight.png",
      "bbox_pdf": [
        651.92743146047,
        230.91720581054688,
        737.734619140625,
        249.4320945739746
      ],
      "bbox_px_page": [
        4527,
        1603,
        5123,
        1732
      ]
    }
  }
}