{
  "id": "p023_r006",
  "page_number": 23,
  "row_index": 6,
  "no": "5",
  "row_text": "Conspicuous single building",
  "row_image": "chart_rows/page_023/row_006/row.png",
  "cells": {
    "col_01": {
      "text": "5",
      "image": "chart_rows/page_023/row_006/cells/col_01.png",
      "image_tight": "chart_rows/page_023/row_006/cells/col_01_tight.png",
      "bbox_pdf": [
        54.07160186767578,
        282.2934875488281,
        83.0,
        323.7799987792969
      ],
      "bbox_px_page": [
        375,
        1960,
        576,
        2248
      ]
    },
    "col_02": {
      "text": "",
      "image": "chart_rows/page_023/row_006/cells/col_02.png",
      "image_tight": "chart_rows/page_023/row_006/cells/col_02_tight.png",
      "bbox_pdf": [
        83.0,
        282.2934875488281,
        148.33418422937393,
        323.7799987792969
      ],
      "bbox_px_page": [
        576,
        1960,
        1030,
        2248
      ]
    },
    "col_03": {
      "text": "",
      "image": "chart_rows/page_023/row_006/cells/col_03.png",
      "image_tight": "chart_rows/page_023/row_006/cells/col_03_tight.png",
      "bbox_pdf": [
        148.33418422937393,
        282.2934875488281,
        209.80630493164062,
        323.7799987792969
      ],
      "bbox_px_page": [
        1030,
        1960,
        1456,
        2248
      ]
    },
    "col_04": {
      "text": "Buildings",
      "image": "chart_rows/page_023/row_006/cells/col_04.png",
      "image_tight": "chart_rows/page_023/row_006/cells/col_04_tight.png",
      "bbox_pdf": [
        209.80630493164062,
        282.2934875488281,
        320.6000061035156,
        323.7799987792969
      ],
      "bbox_px_page": [
        1456,
        1960,
        2226,
        2248
      ]
    },
    "col_05": {
      "text": "",
      "image": "chart_rows/page_023/row_006/cells/col_05.png",
      "image_tight": "chart_rows/page_023/row_006/cells/col_05_tight.png",
      "bbox_pdf": [
        320.6000061035156,
        282.2934875488281,
        474.3236999511719,
        323.7799987792969
      ],
      "bbox_px_page": [
        2226,
        1960,
        3293,
        2248
      ]
    },
    "col_06": {
      "text": "",
      "image": "chart_rows/page_023/row_006/cells/col_06.png",
      "image_tight": "chart_rows/page_023/row_006/cells/col_06_tight.png",
      "bbox_pdf": [
        474.3236999511719,
        282.2934875488281,
        585.386962890625,
        323.7799987792969
      ],
      "bbox_px_page": [
        3293,
        1960,
        4065,
        2248
      ]
    },
    "col_07": {
      "text": "",
      "image": "chart_rows/page_023/row_006/cells/col_07.png",
      "image_tight": "chart_rows/page_023/row_006/cells/col_07_tight.png",
      "bbox_pdf": [
        585.386962890625,
        282.2934875488281,
        669.9257489442825,
        323.7799987792969
      ],
      "bbox_px_page": [
        4065,
        1960,
        4652,
        2248
      ]
    },
    "col_08": {
      "text": "Conspicuous single building",
      "image": "chart_rows/page_023/row_006/cells/col_08.png",
      "image_tight": "chart_rows/page_023/row_006/cells/col_08_tight.png",
      "bbox_pdf": [
        669.9257489442825,
        282.2934875488281,
        755.734619140625,
        323.7799987792969
      ],
      "bbox_px_page": [
        4652,
        1960,
        5248,
        2248
      ]
    }
  }
}