{
  "id": "p057_r002",
  "page_number": 57,
  "row_index": 2,
  "no": "29",
  "row_text": "Sunken wreck, not dangerous to surface navigation",
  "row_image": "chart_rows/page_057/row_002/row.png",
  "cells": {
    "No": {
      "text": "29",
      "image": "chart_rows/page_057/row_002/cells/No.png",
      "image_tight": "chart_rows/page_057/row_002/cells/No_tight.png",
      "bbox_pdf": [
        54.07160186767578,
        144.0701904296875,
        82.99796140193939,
        166.5701904296875
      ],
      "bbox_px_page": [
        375,
        1000,
        576,
        1156
      ]
    },
    "INT": {
      "text": "",
      "image": "chart_rows/page_057/row_002/cells/INT.png",
      "image_tight": "chart_rows/page_057/row_002/cells/INT_tight.png",
      "bbox_pdf": [
        82.99796140193939,
        144.0701904296875,
        211.40581703186035,
        166.5701904296875
      ],
      "bbox_px_page": [
        576,
        1000,
        1468,
        1156
      ]
    },
    "Description": {
      "text": "Sunken wreck, not dangerous to surface navigation",
      "image": "chart_rows/page_057/row_002/cells/Description.png",
      "image_tight": "chart_rows/page_057/row_002/cells/Description_tight.png",
      "bbox_pdf": [
        211.40581703186035,
        144.0701904296875,
        320.6000061035156,
        166.5701904296875
      ],
      "bbox_px_page": [
        1468,
        1000,
        2226,
        1156
      ]
    },
    "NOAA": {
      "text": "",
      "image": "chart_rows/page_057/row_002/cells/NOAA.png",
      "image_tight": "chart_rows/page_057/row_002/cells/NOAA_tight.png",
      "bbox_pdf": [
        320.6000061035156,
        144.0701904296875,
        474.3236999511719,
        166.5701904296875
      ],
      "bbox_px_page": [
        2226,
        1000,
        3293,
        1156
      ]
    },
    "NGA": {
      "text": "",
      "image": "chart_rows/page_057/row_002/cells/NGA.png",
      "image_tight": "chart_rows/page_057/row_002/cells/NGA_tight.png",
      "bbox_pdf": [
        474.3236999511719,
        144.0701904296875,
        585.5497436523438,
        166.5701904296875
      ],
      "bbox_px_page": [
        3293,
        1000,
        4066,
        1156
      ]
    },
    "OtherNGA": {
      "text": "",
      "image": "chart_rows/page_057/row_002/cells/OtherNGA.png",
      "image_tight": "chart_rows/page_057/row_002/cells/OtherNGA_tight.png",
      "bbox_pdf": [
        585.5497436523438,
        144.0701904296875,
        669.9003596305847,
        166.5701904296875
      ],
      "bbox_px_page": [
        4066,
        1000,
        4652,
        1156
      ]
    },
    "ECDIS": {
      "text": "Non-dangerous wreck, depth unknown",
      "image": "chart_rows/page_057/row_002/cells/ECDIS.png",
      "image_tight": "chart_rows/page_057/row_002/cells/ECDIS_tight.png",
      "bbox_pdf": [
        669.9003596305847,
        144.0701904296875,
        755.734619140625,
        166.5701904296875
      ],
      "bbox_px_page": [
        4652,
        1000,
        5248,
        1156
      ]
    }
  }
}