{
  "id": "p040_r013",
  "page_number": 40,
  "row_index": 13,
  "no": "14",
  "row_text": "Mean Higher Low Water",
  "row_image": "chart_rows/page_040/row_013/row.png",
  "cells": {
    "col_01": {
      "text": "14",
      "image": "chart_rows/page_040/row_013/cells/col_01.png",
      "image_tight": "chart_rows/page_040/row_013/cells/col_01_tight.png",
      "bbox_pdf": [
        36.07099914550781,
        369.2709045410156,
        99.07099914550781,
        389.0709228515625
      ],
      "bbox_px_page": [
        250,
        2564,
        687,
        2701
      ]
    },
    "col_02": {
      "text": "MHLW",
      "image": "chart_rows/page_040/row_013/cells/col_02.png",
      "image_tight": "chart_rows/page_040/row_013/cells/col_02_tight.png",
      "bbox_pdf": [
        99.07099914550781,
        369.2709045410156,
        184.5709991455078,
        389.0709228515625
      ],
      "bbox_px_page": [
        687,
        2564,
        1281,
        2701
      ]
    },
    "col_03": {
      "text": "Mean Higher Low Water",
      "image": "chart_rows/page_040/row_013/cells/col_03.png",
      "image_tight": "chart_rows/page_040/row_013/cells/col_03_tight.png",
      "bbox_pdf": [
        184.5709991455078,
        369.2709045410156,
        364.5710144042969,
        389.0709228515625
      ],
      "bbox_px_page": [
        1281,
        2564,
        2531,
        2701
      ]
    },
    "col_04": {
      "text": "",
      "image": "chart_rows/page_040/row_013/cells/col_04.png",
      "image_tight": "chart_rows/page_040/row_013/cells/col_04_tight.png",
      "bbox_pdf": [
        364.5710144042969,
        369.2709045410156,
        387.0708923339844,
        389.0709228515625
      ],
      "bbox_px_page": [
        2531,
        2564,
        2687,
        2701
      ]
    },
    "col_05": {
      "text": "",
      "image": "chart_rows/page_040/row_013/cells/col_05.png",
      "image_tight": "chart_rows/page_040/row_013/cells/col_05_tight.png",
      "bbox_pdf": [
        387.0708923339844,
        369.2709045410156,
        738.0709228515625,
        389.0709228515625
      ],
      "bbox_px_page": [
        2687,
        2564,
        5125,
        2701
      ]
    }
  }
}