{
  "id": "p045_r004",
  "page_number": 45,
  "row_index": 4,
  "no": "12",
  "row_text": "Least depth in narrow channel",
  "row_image": "chart_rows/page_045/row_004/row.png",
  "cells": {
    "col_01": {
      "text": "12",
      "image": "chart_rows/page_045/row_004/cells/col_01.png",
      "image_tight": "chart_rows/page_045/row_004/cells/col_01_tight.png",
      "bbox_pdf": [
        54.07160186767578,
        210.87712001800537,
        83.0,
        241.51939843501896
      ],
      "bbox_px_page": [
        375,
        1464,
        576,
        1677
      ]
    },
    "col_02": {
      "text": "",
      "image": "chart_rows/page_045/row_004/cells/col_02.png",
      "image_tight": "chart_rows/page_045/row_004/cells/col_02_tight.png",
      "bbox_pdf": [
        83.0,
        210.87712001800537,
        148.33418422937393,
        241.51939843501896
      ],
      "bbox_px_page": [
        576,
        1464,
        1030,
        1677
      ]
    },
    "col_03": {
      "text": "",
      "image": "chart_rows/page_045/row_004/cells/col_03.png",
      "image_tight": "chart_rows/page_045/row_004/cells/col_03_tight.png",
      "bbox_pdf": [
        148.33418422937393,
        210.87712001800537,
        209.80630493164062,
        241.51939843501896
      ],
      "bbox_px_page": [
        1030,
        1464,
        1456,
        1677
      ]
    },
    "col_04": {
      "text": "Least depth in narrow channel",
      "image": "chart_rows/page_045/row_004/cells/col_04.png",
      "image_tight": "chart_rows/page_045/row_004/cells/col_04_tight.png",
      "bbox_pdf": [
        209.80630493164062,
        210.87712001800537,
        320.6000061035156,
        241.51939843501896
      ],
      "bbox_px_page": [
        1456,
        1464,
        2226,
        1677
      ]
    },
    "col_05": {
      "text": "(4 ) 7",
      "image": "chart_rows/page_045/row_004/cells/col_05.png",
      "image_tight": "chart_rows/page_045/row_004/cells/col_05_tight.png",
      "bbox_pdf": [
        320.6000061035156,
        210.87712001800537,
        474.3236999511719,
        241.51939843501896
      ],
      "bbox_px_page": [
        2226,
        1464,
        3293,
        1677
      ]
    },
    "col_06": {
      "text": "",
      "image": "chart_rows/page_045/row_004/cells/col_06.png",
      "image_tight": "chart_rows/page_045/row_004/cells/col_06_tight.png",
      "bbox_pdf": [
        474.3236999511719,
        210.87712001800537,
        585.386962890625,
        241.51939843501896
      ],
      "bbox_px_page": [
        3293,
        1464,
        4065,
        1677
      ]
    },
    "col_07": {
      "text": "ECDIS",
      "image": "chart_rows/page_045/row_004/cells/col_07.png",
      "image_tight": "chart_rows/page_045/row_004/cells/col_07_tight.png",
      "bbox_pdf": [
        585.386962890625,
        210.87712001800537,
        669.9257489442825,
        241.51939843501896
      ],
      "bbox_px_page": [
        4065,
        1464,
        4652,
        1677
      ]
    },
    "col_08": {
      "text": "",
      "image": "chart_rows/page_045/row_004/cells/col_08.png",
      "image_tight": "chart_rows/page_045/row_004/cells/col_08_tight.png",
      "bbox_pdf": [
        669.9257489442825,
        210.87712001800537,
        755.734619140625,
        241.51939843501896
      ],
      "bbox_px_page": [
        4652,
        1464,
        5248,
        1677
      ]
    }
  }
}