{
  "id": "p043_r008",
  "page_number": 43,
  "row_index": 8,
  "no": "l",
  "row_text": "Stream",
  "row_image": "chart_rows/page_043/row_008/row.png",
  "cells": {
    "col_01": {
      "text": "l",
      "image": "chart_rows/page_043/row_008/cells/col_01.png",
      "image_tight": "chart_rows/page_043/row_008/cells/col_01_tight.png",
      "bbox_pdf": [
        53.89714285714286,
        331.84161376953125,
        82.90285714285714,
        350.2879943847656
      ],
      "bbox_px_page": [
        374,
        2304,
        575,
        2432
      ]
    },
    "col_02": {
      "text": "",
      "image": "chart_rows/page_043/row_008/cells/col_02.png",
      "image_tight": "chart_rows/page_043/row_008/cells/col_02_tight.png",
      "bbox_pdf": [
        82.90285714285714,
        331.84161376953125,
        209.62285714285716,
        350.2879943847656
      ],
      "bbox_px_page": [
        575,
        2304,
        1455,
        2432
      ]
    },
    "col_03": {
      "text": "Stream",
      "image": "chart_rows/page_043/row_008/cells/col_03.png",
      "image_tight": "chart_rows/page_043/row_008/cells/col_03_tight.png",
      "bbox_pdf": [
        209.62285714285716,
        331.84161376953125,
        320.5028571428572,
        350.2879943847656
      ],
      "bbox_px_page": [
        1455,
        2304,
        2225,
        2432
      ]
    },
    "col_04": {
      "text": "Str",
      "image": "chart_rows/page_043/row_008/cells/col_04.png",
      "image_tight": "chart_rows/page_043/row_008/cells/col_04_tight.png",
      "bbox_pdf": [
        320.5028571428572,
        331.84161376953125,
        474.17142857142863,
        350.2879943847656
      ],
      "bbox_px_page": [
        2225,
        2304,
        3292,
        2432
      ]
    },
    "col_05": {
      "text": "",
      "image": "chart_rows/page_043/row_008/cells/col_05.png",
      "image_tight": "chart_rows/page_043/row_008/cells/col_05_tight.png",
      "bbox_pdf": [
        474.17142857142863,
        331.84161376953125,
        584.0228571428572,
        350.2879943847656
      ],
      "bbox_px_page": [
        3292,
        2304,
        4055,
        2432
      ]
    },
    "col_06": {
      "text": "",
      "image": "chart_rows/page_043/row_008/cells/col_06.png",
      "image_tight": "chart_rows/page_043/row_008/cells/col_06_tight.png",
      "bbox_pdf": [
        584.0228571428572,
        331.84161376953125,
        755.5885714285715,
        350.2879943847656
      ],
      "bbox_px_page": [
        4055,
        2304,
        5247,
        2432
      ]
    }
  }
}