{
  "id": "p023_r007",
  "page_number": 23,
  "row_index": 7,
  "no": "6",
  "row_text": "Conspicuous single building in built-up area",
  "row_image": "chart_rows/page_023/row_007/row.png",
  "cells": {
    "col_01": {
      "text": "6",
      "image": "chart_rows/page_023/row_007/cells/col_01.png",
      "image_tight": "chart_rows/page_023/row_007/cells/col_01_tight.png",
      "bbox_pdf": [
        54.07160186767578,
        323.7799987792969,
        83.0,
        365.27362060546875
      ],
      "bbox_px_page": [
        375,
        2248,
        576,
        2536
      ]
    },
    "col_02": {
      "text": "",
      "image": "chart_rows/page_023/row_007/cells/col_02.png",
      "image_tight": "chart_rows/page_023/row_007/cells/col_02_tight.png",
      "bbox_pdf": [
        83.0,
        323.7799987792969,
        148.33418422937393,
        365.27362060546875
      ],
      "bbox_px_page": [
        576,
        2248,
        1030,
        2536
      ]
    },
    "col_03": {
      "text": "",
      "image": "chart_rows/page_023/row_007/cells/col_03.png",
      "image_tight": "chart_rows/page_023/row_007/cells/col_03_tight.png",
      "bbox_pdf": [
        148.33418422937393,
        323.7799987792969,
        209.80630493164062,
        365.27362060546875
      ],
      "bbox_px_page": [
        1030,
        2248,
        1456,
        2536
      ]
    },
    "col_04": {
      "text": "Important building in built-up area",
      "image": "chart_rows/page_023/row_007/cells/col_04.png",
      "image_tight": "chart_rows/page_023/row_007/cells/col_04_tight.png",
      "bbox_pdf": [
        209.80630493164062,
        323.7799987792969,
        320.6000061035156,
        365.27362060546875
      ],
      "bbox_px_page": [
        1456,
        2248,
        2226,
        2536
      ]
    },
    "col_05": {
      "text": "",
      "image": "chart_rows/page_023/row_007/cells/col_05.png",
      "image_tight": "chart_rows/page_023/row_007/cells/col_05_tight.png",
      "bbox_pdf": [
        320.6000061035156,
        323.7799987792969,
        474.3236999511719,
        365.27362060546875
      ],
      "bbox_px_page": [
        2226,
        2248,
        3293,
        2536
      ]
    },
    "col_06": {
      "text": "",
      "image": "chart_rows/page_023/row_007/cells/col_06.png",
      "image_tight": "chart_rows/page_023/row_007/cells/col_06_tight.png",
      "bbox_pdf": [
        474.3236999511719,
        323.7799987792969,
        585.386962890625,
        365.27362060546875
      ],
      "bbox_px_page": [
        3293,
        2248,
        4065,
        2536
      ]
    },
    "col_07": {
      "text": "",
      "image": "chart_rows/page_023/row_007/cells/col_07.png",
      "image_tight": "chart_rows/page_023/row_007/cells/col_07_tight.png",
      "bbox_pdf": [
        585.386962890625,
        323.7799987792969,
        669.9257489442825,
        365.27362060546875
      ],
      "bbox_px_page": [
        4065,
        2248,
        4652,
        2536
      ]
    },
    "col_08": {
      "text": "Conspicuous single building in built-up area",
      "image": "chart_rows/page_023/row_007/cells/col_08.png",
      "image_tight": "chart_rows/page_023/row_007/cells/col_08_tight.png",
      "bbox_pdf": [
        669.9257489442825,
        323.7799987792969,
        755.734619140625,
        365.27362060546875
      ],
      "bbox_px_page": [
        4652,
        2248,
        5248,
        2536
      ]
    }
  }
}