{
  "id": "p043_r002",
  "page_number": 43,
  "row_index": 2,
  "no": "43",
  "row_text": "Ocean current with rates and seasons",
  "row_image": "chart_rows/page_043/row_002/row.png",
  "cells": {
    "col_01": {
      "text": "43",
      "image": "chart_rows/page_043/row_002/cells/col_01.png",
      "image_tight": "chart_rows/page_043/row_002/cells/col_01_tight.png",
      "bbox_pdf": [
        53.89714285714286,
        117.26980590820312,
        82.90285714285714,
        144.46868896484375
      ],
      "bbox_px_page": [
        374,
        814,
        575,
        1003
      ]
    },
    "col_02": {
      "text": "",
      "image": "chart_rows/page_043/row_002/cells/col_02.png",
      "image_tight": "chart_rows/page_043/row_002/cells/col_02_tight.png",
      "bbox_pdf": [
        82.90285714285714,
        117.26980590820312,
        209.62285714285716,
        144.46868896484375
      ],
      "bbox_px_page": [
        575,
        814,
        1455,
        1003
      ]
    },
    "col_03": {
      "text": "Ocean current with rates and seasons",
      "image": "chart_rows/page_043/row_002/cells/col_03.png",
      "image_tight": "chart_rows/page_043/row_002/cells/col_03_tight.png",
      "bbox_pdf": [
        209.62285714285716,
        117.26980590820312,
        320.5028571428572,
        144.46868896484375
      ],
      "bbox_px_page": [
        1455,
        814,
        2225,
        1003
      ]
    },
    "col_04": {
      "text": "",
      "image": "chart_rows/page_043/row_002/cells/col_04.png",
      "image_tight": "chart_rows/page_043/row_002/cells/col_04_tight.png",
      "bbox_pdf": [
        320.5028571428572,
        117.26980590820312,
        474.17142857142863,
        144.46868896484375
      ],
      "bbox_px_page": [
        2225,
        814,
        3292,
        1003
      ]
    },
    "col_05": {
      "text": "(see Note)",
      "image": "chart_rows/page_043/row_002/cells/col_05.png",
      "image_tight": "chart_rows/page_043/row_002/cells/col_05_tight.png",
      "bbox_pdf": [
        474.17142857142863,
        117.26980590820312,
        584.0228571428572,
        144.46868896484375
      ],
      "bbox_px_page": [
        3292,
        814,
        4055,
        1003
      ]
    },
    "col_06": {
      "text": "2.5 kn Non-tidal current",
      "image": "chart_rows/page_043/row_002/cells/col_06.png",
      "image_tight": "chart_rows/page_043/row_002/cells/col_06_tight.png",
      "bbox_pdf": [
        584.0228571428572,
        117.26980590820312,
        755.5885714285715,
        144.46868896484375
      ],
      "bbox_px_page": [
        4055,
        814,
        5247,
        1003
      ]
    }
  }
}