{
  "id": "p055_r002",
  "page_number": 55,
  "row_index": 2,
  "no": "17",
  "row_text": "Overfalls, tide rips; eddies; breakwaters as point, line, and area",
  "row_image": "chart_rows/page_055/row_002/row.png",
  "cells": {
    "No": {
      "text": "17",
      "image": "chart_rows/page_055/row_002/cells/No.png",
      "image_tight": "chart_rows/page_055/row_002/cells/No_tight.png",
      "bbox_pdf": [
        54.07160186767578,
        265.5701904296875,
        82.99796140193939,
        360.0701904296875
      ],
      "bbox_px_page": [
        375,
        1844,
        576,
        2500
      ]
    },
    "INT": {
      "text": "",
      "image": "chart_rows/page_055/row_002/cells/INT.png",
      "image_tight": "chart_rows/page_055/row_002/cells/INT_tight.png",
      "bbox_pdf": [
        82.99796140193939,
        265.5701904296875,
        211.40581703186035,
        360.0701904296875
      ],
      "bbox_px_page": [
        576,
        1844,
        1468,
        2500
      ]
    },
    "Description": {
      "text": "Breakers",
      "image": "chart_rows/page_055/row_002/cells/Description.png",
      "image_tight": "chart_rows/page_055/row_002/cells/Description_tight.png",
      "bbox_pdf": [
        211.40581703186035,
        265.5701904296875,
        320.6000061035156,
        360.0701904296875
      ],
      "bbox_px_page": [
        1468,
        1844,
        2226,
        2500
      ]
    },
    "NOAA": {
      "text": "B r eak er s Br",
      "image": "chart_rows/page_055/row_002/cells/NOAA.png",
      "image_tight": "chart_rows/page_055/row_002/cells/NOAA_tight.png",
      "bbox_pdf": [
        320.6000061035156,
        265.5701904296875,
        474.3236999511719,
        360.0701904296875
      ],
      "bbox_px_page": [
        2226,
        1844,
        3293,
        2500
      ]
    },
    "NGA": {
      "text": "West Breaker PA",
      "image": "chart_rows/page_055/row_002/cells/NGA.png",
      "image_tight": "chart_rows/page_055/row_002/cells/NGA_tight.png",
      "bbox_pdf": [
        474.3236999511719,
        265.5701904296875,
        585.5497436523438,
        360.0701904296875
      ],
      "bbox_px_page": [
        3293,
        1844,
        4066,
        2500
      ]
    },
    "OtherNGA": {
      "text": "",
      "image": "chart_rows/page_055/row_002/cells/OtherNGA.png",
      "image_tight": "chart_rows/page_055/row_002/cells/OtherNGA_tight.png",
      "bbox_pdf": [
        585.5497436523438,
        265.5701904296875,
        669.9003596305847,
        360.0701904296875
      ],
      "bbox_px_page": [
        4066,
        1844,
        4652,
        2500
      ]
    },
    "ECDIS": {
      "text": "Overfalls, tide rips; eddies; breakwaters as point, line, and area",
      "image": "chart_rows/page_055/row_002/cells/ECDIS.png",
      "image_tight": "chart_rows/page_055/row_002/cells/ECDIS_tight.png",
      "bbox_pdf": [
        669.9003596305847,
        265.5701904296875,
        755.734619140625,
        360.0701904296875
      ],
      "bbox_px_page": [
        4652,
        1844,
        5248,
        2500
      ]
    }
  }
}