{
  "id": "p032_r012",
  "page_number": 32,
  "row_index": 12,
  "no": "p",
  "row_text": "Pavilion",
  "row_image": "chart_rows/page_032/row_012/row.png",
  "cells": {
    "No": {
      "text": "p",
      "image": "chart_rows/page_032/row_012/cells/No.png",
      "image_tight": "chart_rows/page_032/row_012/cells/No_tight.png",
      "bbox_pdf": [
        36.07160186767578,
        318.5448913574219,
        64.99938281575669,
        336.9913024902344
      ],
      "bbox_px_page": [
        250,
        2212,
        451,
        2340
      ]
    },
    "INT": {
      "text": "",
      "image": "chart_rows/page_032/row_012/cells/INT.png",
      "image_tight": "chart_rows/page_032/row_012/cells/INT_tight.png",
      "bbox_pdf": [
        64.99938281575669,
        318.5448913574219,
        193.06974206492305,
        336.9913024902344
      ],
      "bbox_px_page": [
        451,
        2212,
        1340,
        2340
      ]
    },
    "Description": {
      "text": "Pavilion",
      "image": "chart_rows/page_032/row_012/cells/Description.png",
      "image_tight": "chart_rows/page_032/row_012/cells/Description_tight.png",
      "bbox_pdf": [
        193.06974206492305,
        318.5448913574219,
        304.3567180633545,
        336.9913024902344
      ],
      "bbox_px_page": [
        1340,
        2212,
        2113,
        2340
      ]
    },
    "NOAA": {
      "text": "Pav",
      "image": "chart_rows/page_032/row_012/cells/NOAA.png",
      "image_tight": "chart_rows/page_032/row_012/cells/NOAA_tight.png",
      "bbox_pdf": [
        304.3567180633545,
        318.5448913574219,
        456.3229369148612,
        336.9913024902344
      ],
      "bbox_px_page": [
        2113,
        2212,
        3168,
        2340
      ]
    },
    "NGA": {
      "text": "",
      "image": "chart_rows/page_032/row_012/cells/NGA.png",
      "image_tight": "chart_rows/page_032/row_012/cells/NGA_tight.png",
      "bbox_pdf": [
        456.3229369148612,
        318.5448913574219,
        567.7757158279419,
        336.9913024902344
      ],
      "bbox_px_page": [
        3168,
        2212,
        3942,
        2340
      ]
    },
    "OtherNGA": {
      "text": "",
      "image": "chart_rows/page_032/row_012/cells/OtherNGA.png",
      "image_tight": "chart_rows/page_032/row_012/cells/OtherNGA_tight.png",
      "bbox_pdf": [
        567.7757158279419,
        318.5448913574219,
        651.92743146047,
        336.9913024902344
      ],
      "bbox_px_page": [
        3942,
        2212,
        4527,
        2340
      ]
    },
    "ECDIS": {
      "text": "",
      "image": "chart_rows/page_032/row_012/cells/ECDIS.png",
      "image_tight": "chart_rows/page_032/row_012/cells/ECDIS_tight.png",
      "bbox_pdf": [
        651.92743146047,
        318.5448913574219,
        737.734619140625,
        336.9913024902344
      ],
      "bbox_px_page": [
        4527,
        2212,
        5123,
        2340
      ]
    }
  }
}