{
  "id": "p026_r003",
  "page_number": 26,
  "row_index": 3,
  "no": "26.2",
  "row_text": "Overhead power cable with pylons and safe vertical clearance",
  "row_image": "chart_rows/page_026/row_003/row.png",
  "cells": {
    "No": {
      "text": "26.2",
      "image": "chart_rows/page_026/row_003/cells/No.png",
      "image_tight": "chart_rows/page_026/row_003/cells/No_tight.png",
      "bbox_pdf": [
        36.07160186767578,
        230.46112447418272,
        64.99938281575669,
        279.0701904296875
      ],
      "bbox_px_page": [
        250,
        1600,
        451,
        1937
      ]
    },
    "INT": {
      "text": "20 Pyl Pyl",
      "image": "chart_rows/page_026/row_003/cells/INT.png",
      "image_tight": "chart_rows/page_026/row_003/cells/INT_tight.png",
      "bbox_pdf": [
        64.99938281575669,
        230.46112447418272,
        193.06974206492305,
        279.0701904296875
      ],
      "bbox_px_page": [
        451,
        1600,
        1340,
        1937
      ]
    },
    "Description": {
      "text": "Overhead power cable with pylons and safe vertical clearance",
      "image": "chart_rows/page_026/row_003/cells/Description.png",
      "image_tight": "chart_rows/page_026/row_003/cells/Description_tight.png",
      "bbox_pdf": [
        193.06974206492305,
        230.46112447418272,
        304.3567180633545,
        279.0701904296875
      ],
      "bbox_px_page": [
        1340,
        1600,
        2113,
        1937
      ]
    },
    "NOAA": {
      "text": "TOWER TOWER",
      "image": "chart_rows/page_026/row_003/cells/NOAA.png",
      "image_tight": "chart_rows/page_026/row_003/cells/NOAA_tight.png",
      "bbox_pdf": [
        304.3567180633545,
        230.46112447418272,
        456.3229369148612,
        279.0701904296875
      ],
      "bbox_px_page": [
        2113,
        1600,
        3168,
        1937
      ]
    },
    "NGA": {
      "text": "",
      "image": "chart_rows/page_026/row_003/cells/NGA.png",
      "image_tight": "chart_rows/page_026/row_003/cells/NGA_tight.png",
      "bbox_pdf": [
        456.3229369148612,
        230.46112447418272,
        567.7757158279419,
        279.0701904296875
      ],
      "bbox_px_page": [
        3168,
        1600,
        3942,
        1937
      ]
    },
    "OtherNGA": {
      "text": "sf clr 20.0",
      "image": "chart_rows/page_026/row_003/cells/OtherNGA.png",
      "image_tight": "chart_rows/page_026/row_003/cells/OtherNGA_tight.png",
      "bbox_pdf": [
        567.7757158279419,
        230.46112447418272,
        651.92743146047,
        279.0701904296875
      ],
      "bbox_px_page": [
        3942,
        1600,
        4527,
        1937
      ]
    },
    "ECDIS": {
      "text": "Transmission line, radar conspicuous",
      "image": "chart_rows/page_026/row_003/cells/ECDIS.png",
      "image_tight": "chart_rows/page_026/row_003/cells/ECDIS_tight.png",
      "bbox_pdf": [
        651.92743146047,
        230.46112447418272,
        737.734619140625,
        279.0701904296875
      ],
      "bbox_px_page": [
        4527,
        1600,
        5123,
        1937
      ]
    }
  }
}