{
  "id": "p040_r009",
  "page_number": 40,
  "row_index": 9,
  "no": "10",
  "row_text": "i LWF&C Low Water Full and Change",
  "row_image": "chart_rows/page_040/row_009/row.png",
  "cells": {
    "col_01": {
      "text": "10",
      "image": "chart_rows/page_040/row_009/cells/col_01.png",
      "image_tight": "chart_rows/page_040/row_009/cells/col_01_tight.png",
      "bbox_pdf": [
        36.07099914550781,
        290.45589447021484,
        99.07099914550781,
        310.25589752197266
      ],
      "bbox_px_page": [
        250,
        2017,
        687,
        2154
      ]
    },
    "col_02": {
      "text": "MLWN",
      "image": "chart_rows/page_040/row_009/cells/col_02.png",
      "image_tight": "chart_rows/page_040/row_009/cells/col_02_tight.png",
      "bbox_pdf": [
        99.07099914550781,
        290.45589447021484,
        184.5709991455078,
        310.25589752197266
      ],
      "bbox_px_page": [
        687,
        2017,
        1281,
        2154
      ]
    },
    "col_03": {
      "text": "Mean Low Water Neaps",
      "image": "chart_rows/page_040/row_009/cells/col_03.png",
      "image_tight": "chart_rows/page_040/row_009/cells/col_03_tight.png",
      "bbox_pdf": [
        184.5709991455078,
        290.45589447021484,
        364.5710144042969,
        310.25589752197266
      ],
      "bbox_px_page": [
        1281,
        2017,
        2531,
        2154
      ]
    },
    "col_04": {
      "text": "",
      "image": "chart_rows/page_040/row_009/cells/col_04.png",
      "image_tight": "chart_rows/page_040/row_009/cells/col_04_tight.png",
      "bbox_pdf": [
        364.5710144042969,
        290.45589447021484,
        387.0708923339844,
        310.25589752197266
      ],
      "bbox_px_page": [
        2531,
        2017,
        2687,
        2154
      ]
    },
    "col_05": {
      "text": "i LWF&C Low Water Full and Change",
      "image": "chart_rows/page_040/row_009/cells/col_05.png",
      "image_tight": "chart_rows/page_040/row_009/cells/col_05_tight.png",
      "bbox_pdf": [
        387.0708923339844,
        290.45589447021484,
        738.0709228515625,
        310.25589752197266
      ],
      "bbox_px_page": [
        2687,
        2017,
        5125,
        2154
      ]
    }
  }
}