{
  "id": "p041_r003",
  "page_number": 41,
  "row_index": 3,
  "no": "20",
  "row_text": "MHW Charted coastline (HW or MSL)",
  "row_image": "chart_rows/page_041/row_003/row.png",
  "cells": {
    "col_01": {
      "text": "20",
      "image": "chart_rows/page_041/row_003/cells/col_01.png",
      "image_tight": "chart_rows/page_041/row_003/cells/col_01_tight.png",
      "bbox_pdf": [
        54.070899963378906,
        229.21444702148438,
        82.08000183105469,
        254.95028686523438
      ],
      "bbox_px_page": [
        375,
        1591,
        570,
        1770
      ]
    },
    "col_02": {
      "text": "MHW Charted coastline (HW or MSL)",
      "image": "chart_rows/page_041/row_003/cells/col_02.png",
      "image_tight": "chart_rows/page_041/row_003/cells/col_02_tight.png",
      "bbox_pdf": [
        82.08000183105469,
        229.21444702148438,
        755.9290771484375,
        254.95028686523438
      ],
      "bbox_px_page": [
        570,
        1591,
        5249,
        1770
      ]
    }
  }
}