{
  "id": "p024_r004",
  "page_number": 24,
  "row_index": 4,
  "no": "15",
  "row_text": "Embankment, visually or radar conspicuous",
  "row_image": "chart_rows/page_024/row_004/row.png",
  "cells": {
    "No": {
      "text": "15",
      "image": "chart_rows/page_024/row_004/cells/No.png",
      "image_tight": "chart_rows/page_024/row_004/cells/No_tight.png",
      "bbox_pdf": [
        36.07160186767578,
        207.2620906829834,
        64.99938281575669,
        238.5701904296875
      ],
      "bbox_px_page": [
        250,
        1439,
        451,
        1656
      ]
    },
    "INT": {
      "text": "",
      "image": "chart_rows/page_024/row_004/cells/INT.png",
      "image_tight": "chart_rows/page_024/row_004/cells/INT_tight.png",
      "bbox_pdf": [
        64.99938281575669,
        207.2620906829834,
        193.06974206492305,
        238.5701904296875
      ],
      "bbox_px_page": [
        451,
        1439,
        1340,
        1656
      ]
    },
    "Description": {
      "text": "Embankment",
      "image": "chart_rows/page_024/row_004/cells/Description.png",
      "image_tight": "chart_rows/page_024/row_004/cells/Description_tight.png",
      "bbox_pdf": [
        193.06974206492305,
        207.2620906829834,
        304.3567180633545,
        238.5701904296875
      ],
      "bbox_px_page": [
        1340,
        1439,
        2113,
        1656
      ]
    },
    "NOAA": {
      "text": "",
      "image": "chart_rows/page_024/row_004/cells/NOAA.png",
      "image_tight": "chart_rows/page_024/row_004/cells/NOAA_tight.png",
      "bbox_pdf": [
        304.3567180633545,
        207.2620906829834,
        456.3229369148612,
        238.5701904296875
      ],
      "bbox_px_page": [
        2113,
        1439,
        3168,
        1656
      ]
    },
    "NGA": {
      "text": "",
      "image": "chart_rows/page_024/row_004/cells/NGA.png",
      "image_tight": "chart_rows/page_024/row_004/cells/NGA_tight.png",
      "bbox_pdf": [
        456.3229369148612,
        207.2620906829834,
        567.7757158279419,
        238.5701904296875
      ],
      "bbox_px_page": [
        3168,
        1439,
        3942,
        1656
      ]
    },
    "OtherNGA": {
      "text": "",
      "image": "chart_rows/page_024/row_004/cells/OtherNGA.png",
      "image_tight": "chart_rows/page_024/row_004/cells/OtherNGA_tight.png",
      "bbox_pdf": [
        567.7757158279419,
        207.2620906829834,
        651.92743146047,
        238.5701904296875
      ],
      "bbox_px_page": [
        3942,
        1439,
        4527,
        1656
      ]
    },
    "ECDIS": {
      "text": "Embankment, visually or radar conspicuous",
      "image": "chart_rows/page_024/row_004/cells/ECDIS.png",
      "image_tight": "chart_rows/page_024/row_004/cells/ECDIS_tight.png",
      "bbox_pdf": [
        651.92743146047,
        207.2620906829834,
        737.734619140625,
        238.5701904296875
      ],
      "bbox_px_page": [
        4527,
        1439,
        5123,
        1656
      ]
    }
  }
}