{
  "id": "p057_r007",
  "page_number": 57,
  "row_index": 7,
  "no": "40",
  "row_text": "Obstruction, depth not stated Isolated danger of depth less than the safety contour Safe clearance shoaler than safety contour",
  "row_image": "chart_rows/page_057/row_007/row.png",
  "cells": {
    "No": {
      "text": "40",
      "image": "chart_rows/page_057/row_007/cells/No.png",
      "image_tight": "chart_rows/page_057/row_007/cells/No_tight.png",
      "bbox_pdf": [
        54.07160186767578,
        418.5701904296875,
        82.99796140193939,
        504.0701904296875
      ],
      "bbox_px_page": [
        375,
        2906,
        576,
        3500
      ]
    },
    "INT": {
      "text": "",
      "image": "chart_rows/page_057/row_007/cells/INT.png",
      "image_tight": "chart_rows/page_057/row_007/cells/INT_tight.png",
      "bbox_pdf": [
        82.99796140193939,
        418.5701904296875,
        211.40581703186035,
        504.0701904296875
      ],
      "bbox_px_page": [
        576,
        2906,
        1468,
        3500
      ]
    },
    "Description": {
      "text": "Obstruction, depth unknown",
      "image": "chart_rows/page_057/row_007/cells/Description.png",
      "image_tight": "chart_rows/page_057/row_007/cells/Description_tight.png",
      "bbox_pdf": [
        211.40581703186035,
        418.5701904296875,
        320.6000061035156,
        504.0701904296875
      ],
      "bbox_px_page": [
        1468,
        2906,
        2226,
        3500
      ]
    },
    "NOAA": {
      "text": "",
      "image": "chart_rows/page_057/row_007/cells/NOAA.png",
      "image_tight": "chart_rows/page_057/row_007/cells/NOAA_tight.png",
      "bbox_pdf": [
        320.6000061035156,
        418.5701904296875,
        474.3236999511719,
        504.0701904296875
      ],
      "bbox_px_page": [
        2226,
        2906,
        3293,
        3500
      ]
    },
    "NGA": {
      "text": "",
      "image": "chart_rows/page_057/row_007/cells/NGA.png",
      "image_tight": "chart_rows/page_057/row_007/cells/NGA_tight.png",
      "bbox_pdf": [
        474.3236999511719,
        418.5701904296875,
        585.5497436523438,
        504.0701904296875
      ],
      "bbox_px_page": [
        3293,
        2906,
        4066,
        3500
      ]
    },
    "OtherNGA": {
      "text": "",
      "image": "chart_rows/page_057/row_007/cells/OtherNGA.png",
      "image_tight": "chart_rows/page_057/row_007/cells/OtherNGA_tight.png",
      "bbox_pdf": [
        585.5497436523438,
        418.5701904296875,
        669.9003596305847,
        504.0701904296875
      ],
      "bbox_px_page": [
        4066,
        2906,
        4652,
        3500
      ]
    },
    "ECDIS": {
      "text": "Obstruction, depth not stated Isolated danger of depth less than the safety contour Safe clearance shoaler than safety contour",
      "image": "chart_rows/page_057/row_007/cells/ECDIS.png",
      "image_tight": "chart_rows/page_057/row_007/cells/ECDIS_tight.png",
      "bbox_pdf": [
        669.9003596305847,
        418.5701904296875,
        755.734619140625,
        504.0701904296875
      ],
      "bbox_px_page": [
        4652,
        2906,
        5248,
        3500
      ]
    }
  }
}