{
  "id": "p049_r004",
  "page_number": 49,
  "row_index": 4,
  "no": "3",
  "row_text": "Clay",
  "row_image": "chart_rows/page_049/row_004/row.png",
  "cells": {
    "No": {
      "text": "3",
      "image": "chart_rows/page_049/row_004/cells/No.png",
      "image_tight": "chart_rows/page_049/row_004/cells/No_tight.png",
      "bbox_pdf": [
        54.07160186767578,
        165.21490478515625,
        82.99796140193939,
        184.78729248046875
      ],
      "bbox_px_page": [
        375,
        1147,
        576,
        1283
      ]
    },
    "INT": {
      "text": "Cy",
      "image": "chart_rows/page_049/row_004/cells/INT.png",
      "image_tight": "chart_rows/page_049/row_004/cells/INT_tight.png",
      "bbox_pdf": [
        82.99796140193939,
        165.21490478515625,
        211.40581703186035,
        184.78729248046875
      ],
      "bbox_px_page": [
        576,
        1147,
        1468,
        1283
      ]
    },
    "Description": {
      "text": "Clay",
      "image": "chart_rows/page_049/row_004/cells/Description.png",
      "image_tight": "chart_rows/page_049/row_004/cells/Description_tight.png",
      "bbox_pdf": [
        211.40581703186035,
        165.21490478515625,
        320.6000061035156,
        184.78729248046875
      ],
      "bbox_px_page": [
        1468,
        1147,
        2226,
        1283
      ]
    },
    "NOAA": {
      "text": "",
      "image": "chart_rows/page_049/row_004/cells/NOAA.png",
      "image_tight": "chart_rows/page_049/row_004/cells/NOAA_tight.png",
      "bbox_pdf": [
        320.6000061035156,
        165.21490478515625,
        474.3236999511719,
        184.78729248046875
      ],
      "bbox_px_page": [
        2226,
        1147,
        3293,
        1283
      ]
    },
    "NGA": {
      "text": "",
      "image": "chart_rows/page_049/row_004/cells/NGA.png",
      "image_tight": "chart_rows/page_049/row_004/cells/NGA_tight.png",
      "bbox_pdf": [
        474.3236999511719,
        165.21490478515625,
        585.5497436523438,
        184.78729248046875
      ],
      "bbox_px_page": [
        3293,
        1147,
        4066,
        1283
      ]
    },
    "OtherNGA": {
      "text": "Cy",
      "image": "chart_rows/page_049/row_004/cells/OtherNGA.png",
      "image_tight": "chart_rows/page_049/row_004/cells/OtherNGA_tight.png",
      "bbox_pdf": [
        585.5497436523438,
        165.21490478515625,
        669.9003596305847,
        184.78729248046875
      ],
      "bbox_px_page": [
        4066,
        1147,
        4652,
        1283
      ]
    },
    "ECDIS": {
      "text": "Clay",
      "image": "chart_rows/page_049/row_004/cells/ECDIS.png",
      "image_tight": "chart_rows/page_049/row_004/cells/ECDIS_tight.png",
      "bbox_pdf": [
        669.9003596305847,
        165.21490478515625,
        755.734619140625,
        184.78729248046875
      ],
      "bbox_px_page": [
        4652,
        1147,
        5248,
        1283
      ]
    }
  }
}