{
  "id": "p063_r002",
  "page_number": 63,
  "row_index": 2,
  "no": "23",
  "row_text": "Obstruction in the water which is always above water level",
  "row_image": "chart_rows/page_063/row_002/row.png",
  "cells": {
    "No": {
      "text": "23",
      "image": "chart_rows/page_063/row_002/cells/No.png",
      "image_tight": "chart_rows/page_063/row_002/cells/No_tight.png",
      "bbox_pdf": [
        54.07160186767578,
        120.881591796875,
        82.99796140193939,
        151.69241333007812
      ],
      "bbox_px_page": [
        375,
        839,
        576,
        1053
      ]
    },
    "INT": {
      "text": "Pipe (18)",
      "image": "chart_rows/page_063/row_002/cells/INT.png",
      "image_tight": "chart_rows/page_063/row_002/cells/INT_tight.png",
      "bbox_pdf": [
        82.99796140193939,
        120.881591796875,
        211.40581703186035,
        151.69241333007812
      ],
      "bbox_px_page": [
        576,
        839,
        1468,
        1053
      ]
    },
    "Description": {
      "text": "Above-water wellhead (lit or unlit)",
      "image": "chart_rows/page_063/row_002/cells/Description.png",
      "image_tight": "chart_rows/page_063/row_002/cells/Description_tight.png",
      "bbox_pdf": [
        211.40581703186035,
        120.881591796875,
        320.6000061035156,
        151.69241333007812
      ],
      "bbox_px_page": [
        1468,
        839,
        2226,
        1053
      ]
    },
    "NOAA": {
      "text": "Pipe",
      "image": "chart_rows/page_063/row_002/cells/NOAA.png",
      "image_tight": "chart_rows/page_063/row_002/cells/NOAA_tight.png",
      "bbox_pdf": [
        320.6000061035156,
        120.881591796875,
        474.3236999511719,
        151.69241333007812
      ],
      "bbox_px_page": [
        2226,
        839,
        3293,
        1053
      ]
    },
    "NGA": {
      "text": "Pipe (24)",
      "image": "chart_rows/page_063/row_002/cells/NGA.png",
      "image_tight": "chart_rows/page_063/row_002/cells/NGA_tight.png",
      "bbox_pdf": [
        474.3236999511719,
        120.881591796875,
        585.5497436523438,
        151.69241333007812
      ],
      "bbox_px_page": [
        3293,
        839,
        4066,
        1053
      ]
    },
    "OtherNGA": {
      "text": "",
      "image": "chart_rows/page_063/row_002/cells/OtherNGA.png",
      "image_tight": "chart_rows/page_063/row_002/cells/OtherNGA_tight.png",
      "bbox_pdf": [
        585.5497436523438,
        120.881591796875,
        669.9003596305847,
        151.69241333007812
      ],
      "bbox_px_page": [
        4066,
        839,
        4652,
        1053
      ]
    },
    "ECDIS": {
      "text": "Obstruction in the water which is always above water level",
      "image": "chart_rows/page_063/row_002/cells/ECDIS.png",
      "image_tight": "chart_rows/page_063/row_002/cells/ECDIS_tight.png",
      "bbox_pdf": [
        669.9003596305847,
        120.881591796875,
        755.734619140625,
        151.69241333007812
      ],
      "bbox_px_page": [
        4652,
        839,
        5248,
        1053
      ]
    }
  }
}