{
  "id": "p035_r012",
  "page_number": 35,
  "row_index": 12,
  "no": "27",
  "row_text": "Non-tidal basin, Wet dock",
  "row_image": "chart_rows/page_035/row_012/row.png",
  "cells": {
    "col_01": {
      "text": "27",
      "image": "chart_rows/page_035/row_012/cells/col_01.png",
      "image_tight": "chart_rows/page_035/row_012/cells/col_01_tight.png",
      "bbox_pdf": [
        54.07160186767578,
        492.8466396331787,
        83.0,
        522.84033203125
      ],
      "bbox_px_page": [
        375,
        3422,
        576,
        3630
      ]
    },
    "col_02": {
      "text": "",
      "image": "chart_rows/page_035/row_012/cells/col_02.png",
      "image_tight": "chart_rows/page_035/row_012/cells/col_02_tight.png",
      "bbox_pdf": [
        83.0,
        492.8466396331787,
        148.33418422937393,
        522.84033203125
      ],
      "bbox_px_page": [
        576,
        3422,
        1030,
        3630
      ]
    },
    "col_03": {
      "text": "",
      "image": "chart_rows/page_035/row_012/cells/col_03.png",
      "image_tight": "chart_rows/page_035/row_012/cells/col_03_tight.png",
      "bbox_pdf": [
        148.33418422937393,
        492.8466396331787,
        209.80630493164062,
        522.84033203125
      ],
      "bbox_px_page": [
        1030,
        3422,
        1456,
        3630
      ]
    },
    "col_04": {
      "text": "Non-tidal basin, Wet dock",
      "image": "chart_rows/page_035/row_012/cells/col_04.png",
      "image_tight": "chart_rows/page_035/row_012/cells/col_04_tight.png",
      "bbox_pdf": [
        209.80630493164062,
        492.8466396331787,
        320.6000061035156,
        522.84033203125
      ],
      "bbox_px_page": [
        1456,
        3422,
        2226,
        3630
      ]
    },
    "col_05": {
      "text": "",
      "image": "chart_rows/page_035/row_012/cells/col_05.png",
      "image_tight": "chart_rows/page_035/row_012/cells/col_05_tight.png",
      "bbox_pdf": [
        320.6000061035156,
        492.8466396331787,
        474.3236999511719,
        522.84033203125
      ],
      "bbox_px_page": [
        2226,
        3422,
        3293,
        3630
      ]
    },
    "col_06": {
      "text": "",
      "image": "chart_rows/page_035/row_012/cells/col_06.png",
      "image_tight": "chart_rows/page_035/row_012/cells/col_06_tight.png",
      "bbox_pdf": [
        474.3236999511719,
        492.8466396331787,
        585.386962890625,
        522.84033203125
      ],
      "bbox_px_page": [
        3293,
        3422,
        4065,
        3630
      ]
    },
    "col_07": {
      "text": "",
      "image": "chart_rows/page_035/row_012/cells/col_07.png",
      "image_tight": "chart_rows/page_035/row_012/cells/col_07_tight.png",
      "bbox_pdf": [
        585.386962890625,
        492.8466396331787,
        669.9257489442825,
        522.84033203125
      ],
      "bbox_px_page": [
        4065,
        3422,
        4652,
        3630
      ]
    },
    "col_08": {
      "text": "Wet dock and gate",
      "image": "chart_rows/page_035/row_012/cells/col_08.png",
      "image_tight": "chart_rows/page_035/row_012/cells/col_08_tight.png",
      "bbox_pdf": [
        669.9257489442825,
        492.8466396331787,
        755.734619140625,
        522.84033203125
      ],
      "bbox_px_page": [
        4652,
        3422,
        5248,
        3630
      ]
    }
  }
}