{
  "id": "p032_r010",
  "page_number": 32,
  "row_index": 10,
  "no": "n",
  "row_text": "Institute",
  "row_image": "chart_rows/page_032/row_010/row.png",
  "cells": {
    "No": {
      "text": "n",
      "image": "chart_rows/page_032/row_010/cells/No.png",
      "image_tight": "chart_rows/page_032/row_010/cells/No_tight.png",
      "bbox_pdf": [
        36.07160186767578,
        281.652099609375,
        64.99938281575669,
        300.0985107421875
      ],
      "bbox_px_page": [
        250,
        1955,
        451,
        2084
      ]
    },
    "INT": {
      "text": "",
      "image": "chart_rows/page_032/row_010/cells/INT.png",
      "image_tight": "chart_rows/page_032/row_010/cells/INT_tight.png",
      "bbox_pdf": [
        64.99938281575669,
        281.652099609375,
        193.06974206492305,
        300.0985107421875
      ],
      "bbox_px_page": [
        451,
        1955,
        1340,
        2084
      ]
    },
    "Description": {
      "text": "Institute",
      "image": "chart_rows/page_032/row_010/cells/Description.png",
      "image_tight": "chart_rows/page_032/row_010/cells/Description_tight.png",
      "bbox_pdf": [
        193.06974206492305,
        281.652099609375,
        304.3567180633545,
        300.0985107421875
      ],
      "bbox_px_page": [
        1340,
        1955,
        2113,
        2084
      ]
    },
    "NOAA": {
      "text": "Inst",
      "image": "chart_rows/page_032/row_010/cells/NOAA.png",
      "image_tight": "chart_rows/page_032/row_010/cells/NOAA_tight.png",
      "bbox_pdf": [
        304.3567180633545,
        281.652099609375,
        456.3229369148612,
        300.0985107421875
      ],
      "bbox_px_page": [
        2113,
        1955,
        3168,
        2084
      ]
    },
    "NGA": {
      "text": "",
      "image": "chart_rows/page_032/row_010/cells/NGA.png",
      "image_tight": "chart_rows/page_032/row_010/cells/NGA_tight.png",
      "bbox_pdf": [
        456.3229369148612,
        281.652099609375,
        567.7757158279419,
        300.0985107421875
      ],
      "bbox_px_page": [
        3168,
        1955,
        3942,
        2084
      ]
    },
    "OtherNGA": {
      "text": "",
      "image": "chart_rows/page_032/row_010/cells/OtherNGA.png",
      "image_tight": "chart_rows/page_032/row_010/cells/OtherNGA_tight.png",
      "bbox_pdf": [
        567.7757158279419,
        281.652099609375,
        651.92743146047,
        300.0985107421875
      ],
      "bbox_px_page": [
        3942,
        1955,
        4527,
        2084
      ]
    },
    "ECDIS": {
      "text": "",
      "image": "chart_rows/page_032/row_010/cells/ECDIS.png",
      "image_tight": "chart_rows/page_032/row_010/cells/ECDIS_tight.png",
      "bbox_pdf": [
        651.92743146047,
        281.652099609375,
        737.734619140625,
        300.0985107421875
      ],
      "bbox_px_page": [
        4527,
        1955,
        5123,
        2084
      ]
    }
  }
}