{
  "id": "p061_r013",
  "page_number": 61,
  "row_index": 13,
  "no": "11",
  "row_text": "Conspicuous flare stack on offshore platform",
  "row_image": "chart_rows/page_061/row_013/row.png",
  "cells": {
    "No": {
      "text": "11",
      "image": "chart_rows/page_061/row_013/cells/No.png",
      "image_tight": "chart_rows/page_061/row_013/cells/No_tight.png",
      "bbox_pdf": [
        54.07160186767578,
        514.611083984375,
        82.99796140193939,
        546.1390991210938
      ],
      "bbox_px_page": [
        375,
        3573,
        576,
        3792
      ]
    },
    "INT": {
      "text": "",
      "image": "chart_rows/page_061/row_013/cells/INT.png",
      "image_tight": "chart_rows/page_061/row_013/cells/INT_tight.png",
      "bbox_pdf": [
        82.99796140193939,
        514.611083984375,
        211.40581703186035,
        546.1390991210938
      ],
      "bbox_px_page": [
        576,
        3573,
        1468,
        3792
      ]
    },
    "Description": {
      "text": "Flare stack (at sea)",
      "image": "chart_rows/page_061/row_013/cells/Description.png",
      "image_tight": "chart_rows/page_061/row_013/cells/Description_tight.png",
      "bbox_pdf": [
        211.40581703186035,
        514.611083984375,
        320.6000061035156,
        546.1390991210938
      ],
      "bbox_px_page": [
        1468,
        3573,
        2226,
        3792
      ]
    },
    "NOAA": {
      "text": "",
      "image": "chart_rows/page_061/row_013/cells/NOAA.png",
      "image_tight": "chart_rows/page_061/row_013/cells/NOAA_tight.png",
      "bbox_pdf": [
        320.6000061035156,
        514.611083984375,
        474.3236999511719,
        546.1390991210938
      ],
      "bbox_px_page": [
        2226,
        3573,
        3293,
        3792
      ]
    },
    "NGA": {
      "text": "",
      "image": "chart_rows/page_061/row_013/cells/NGA.png",
      "image_tight": "chart_rows/page_061/row_013/cells/NGA_tight.png",
      "bbox_pdf": [
        474.3236999511719,
        514.611083984375,
        585.5497436523438,
        546.1390991210938
      ],
      "bbox_px_page": [
        3293,
        3573,
        4066,
        3792
      ]
    },
    "OtherNGA": {
      "text": "",
      "image": "chart_rows/page_061/row_013/cells/OtherNGA.png",
      "image_tight": "chart_rows/page_061/row_013/cells/OtherNGA_tight.png",
      "bbox_pdf": [
        585.5497436523438,
        514.611083984375,
        669.9003596305847,
        546.1390991210938
      ],
      "bbox_px_page": [
        4066,
        3573,
        4652,
        3792
      ]
    },
    "ECDIS": {
      "text": "Conspicuous flare stack on offshore platform",
      "image": "chart_rows/page_061/row_013/cells/ECDIS.png",
      "image_tight": "chart_rows/page_061/row_013/cells/ECDIS_tight.png",
      "bbox_pdf": [
        669.9003596305847,
        514.611083984375,
        755.734619140625,
        546.1390991210938
      ],
      "bbox_px_page": [
        4652,
        3573,
        5248,
        3792
      ]
    }
  }
}