{
  "id": "p022_r015",
  "page_number": 22,
  "row_index": 15,
  "no": "t",
  "row_text": "Eelgrass",
  "row_image": "chart_rows/page_022/row_015/row.png",
  "cells": {
    "col_01": {
      "text": "t",
      "image": "chart_rows/page_022/row_015/cells/col_01.png",
      "image_tight": "chart_rows/page_022/row_015/cells/col_01_tight.png",
      "bbox_pdf": [
        36.07160186767578,
        531.3958129882812,
        65.0,
        567.8422241210938
      ],
      "bbox_px_page": [
        250,
        3690,
        451,
        3943
      ]
    },
    "col_02": {
      "text": "",
      "image": "chart_rows/page_022/row_015/cells/col_02.png",
      "image_tight": "chart_rows/page_022/row_015/cells/col_02_tight.png",
      "bbox_pdf": [
        65.0,
        531.3958129882812,
        191.80630493164062,
        567.8422241210938
      ],
      "bbox_px_page": [
        451,
        3690,
        1331,
        3943
      ]
    },
    "col_03": {
      "text": "Eelgrass",
      "image": "chart_rows/page_022/row_015/cells/col_03.png",
      "image_tight": "chart_rows/page_022/row_015/cells/col_03_tight.png",
      "bbox_pdf": [
        191.80630493164062,
        531.3958129882812,
        304.19958686828613,
        567.8422241210938
      ],
      "bbox_px_page": [
        1331,
        3690,
        2112,
        3943
      ]
    },
    "col_04": {
      "text": "Eelgrass",
      "image": "chart_rows/page_022/row_015/cells/col_04.png",
      "image_tight": "chart_rows/page_022/row_015/cells/col_04_tight.png",
      "bbox_pdf": [
        304.19958686828613,
        531.3958129882812,
        456.3236818741643,
        567.8422241210938
      ],
      "bbox_px_page": [
        2112,
        3690,
        3168,
        3943
      ]
    },
    "col_05": {
      "text": "",
      "image": "chart_rows/page_022/row_015/cells/col_05.png",
      "image_tight": "chart_rows/page_022/row_015/cells/col_05_tight.png",
      "bbox_pdf": [
        456.3236818741643,
        531.3958129882812,
        566.1237182617188,
        567.8422241210938
      ],
      "bbox_px_page": [
        3168,
        3690,
        3931,
        3943
      ]
    },
    "col_06": {
      "text": "",
      "image": "chart_rows/page_022/row_015/cells/col_06.png",
      "image_tight": "chart_rows/page_022/row_015/cells/col_06_tight.png",
      "bbox_pdf": [
        566.1237182617188,
        531.3958129882812,
        737.734619140625,
        567.8422241210938
      ],
      "bbox_px_page": [
        3931,
        3690,
        5123,
        3943
      ]
    }
  }
}