{
  "id": "p056_r003",
  "page_number": 56,
  "row_index": 3,
  "no": "24",
  "row_text": "Wreck showing any portion of hull or superstructure at level of chart datum",
  "row_image": "chart_rows/page_056/row_003/row.png",
  "cells": {
    "col_01": {
      "text": "24",
      "image": "chart_rows/page_056/row_003/cells/col_01.png",
      "image_tight": "chart_rows/page_056/row_003/cells/col_01_tight.png",
      "bbox_pdf": [
        36.07160186767578,
        252.0701904296875,
        66.97056174278259,
        306.0701904296875
      ],
      "bbox_px_page": [
        250,
        1750,
        465,
        2125
      ]
    },
    "col_02": {
      "text": "",
      "image": "chart_rows/page_056/row_003/cells/col_02.png",
      "image_tight": "chart_rows/page_056/row_003/cells/col_02_tight.png",
      "bbox_pdf": [
        66.97056174278259,
        252.0701904296875,
        191.8062746396463,
        306.0701904296875
      ],
      "bbox_px_page": [
        465,
        1750,
        1331,
        2125
      ]
    },
    "col_03": {
      "text": "Wreck showing any portion of hull or superstructure at level of chart datum",
      "image": "chart_rows/page_056/row_003/cells/col_03.png",
      "image_tight": "chart_rows/page_056/row_003/cells/col_03_tight.png",
      "bbox_pdf": [
        191.8062746396463,
        252.0701904296875,
        302.6000061035156,
        306.0701904296875
      ],
      "bbox_px_page": [
        1331,
        1750,
        2101,
        2125
      ]
    },
    "col_04": {
      "text": "",
      "image": "chart_rows/page_056/row_003/cells/col_04.png",
      "image_tight": "chart_rows/page_056/row_003/cells/col_04_tight.png",
      "bbox_pdf": [
        302.6000061035156,
        252.0701904296875,
        381.01983642578125,
        306.0701904296875
      ],
      "bbox_px_page": [
        2101,
        1750,
        2645,
        2125
      ]
    },
    "col_05": {
      "text": "",
      "image": "chart_rows/page_056/row_003/cells/col_05.png",
      "image_tight": "chart_rows/page_056/row_003/cells/col_05_tight.png",
      "bbox_pdf": [
        381.01983642578125,
        252.0701904296875,
        456.3236999511719,
        306.0701904296875
      ],
      "bbox_px_page": [
        2645,
        1750,
        3168,
        2125
      ]
    },
    "col_06": {
      "text": "Wk Wk Wk Wk",
      "image": "chart_rows/page_056/row_003/cells/col_06.png",
      "image_tight": "chart_rows/page_056/row_003/cells/col_06_tight.png",
      "bbox_pdf": [
        456.3236999511719,
        252.0701904296875,
        566.1237182617188,
        306.0701904296875
      ],
      "bbox_px_page": [
        3168,
        1750,
        3931,
        2125
      ]
    },
    "col_07": {
      "text": "",
      "image": "chart_rows/page_056/row_003/cells/col_07.png",
      "image_tight": "chart_rows/page_056/row_003/cells/col_07_tight.png",
      "bbox_pdf": [
        566.1237182617188,
        252.0701904296875,
        651.9290771484375,
        306.0701904296875
      ],
      "bbox_px_page": [
        3931,
        1750,
        4527,
        2125
      ]
    },
    "col_08": {
      "text": "Wreck showing any portion of hull or superstructure at level of chart datum",
      "image": "chart_rows/page_056/row_003/cells/col_08.png",
      "image_tight": "chart_rows/page_056/row_003/cells/col_08_tight.png",
      "bbox_pdf": [
        651.9290771484375,
        252.0701904296875,
        737.734619140625,
        306.0701904296875
      ],
      "bbox_px_page": [
        4527,
        1750,
        5123,
        2125
      ]
    }
  }
}