{
  "id": "p045_r005",
  "page_number": 45,
  "row_index": 5,
  "no": "13",
  "row_text": "Status of no bottom found is obtained by cursor pick",
  "row_image": "chart_rows/page_045/row_005/row.png",
  "cells": {
    "col_01": {
      "text": "13",
      "image": "chart_rows/page_045/row_005/cells/col_01.png",
      "image_tight": "chart_rows/page_045/row_005/cells/col_01_tight.png",
      "bbox_pdf": [
        54.07160186767578,
        241.51939843501896,
        83.0,
        277.0869140625
      ],
      "bbox_px_page": [
        375,
        1677,
        576,
        1924
      ]
    },
    "col_02": {
      "text": "",
      "image": "chart_rows/page_045/row_005/cells/col_02.png",
      "image_tight": "chart_rows/page_045/row_005/cells/col_02_tight.png",
      "bbox_pdf": [
        83.0,
        241.51939843501896,
        148.33418422937393,
        277.0869140625
      ],
      "bbox_px_page": [
        576,
        1677,
        1030,
        1924
      ]
    },
    "col_03": {
      "text": "",
      "image": "chart_rows/page_045/row_005/cells/col_03.png",
      "image_tight": "chart_rows/page_045/row_005/cells/col_03_tight.png",
      "bbox_pdf": [
        148.33418422937393,
        241.51939843501896,
        209.80630493164062,
        277.0869140625
      ],
      "bbox_px_page": [
        1030,
        1677,
        1456,
        1924
      ]
    },
    "col_04": {
      "text": "No bottom found at depth shown",
      "image": "chart_rows/page_045/row_005/cells/col_04.png",
      "image_tight": "chart_rows/page_045/row_005/cells/col_04_tight.png",
      "bbox_pdf": [
        209.80630493164062,
        241.51939843501896,
        320.6000061035156,
        277.0869140625
      ],
      "bbox_px_page": [
        1456,
        1677,
        2226,
        1924
      ]
    },
    "col_05": {
      "text": "",
      "image": "chart_rows/page_045/row_005/cells/col_05.png",
      "image_tight": "chart_rows/page_045/row_005/cells/col_05_tight.png",
      "bbox_pdf": [
        320.6000061035156,
        241.51939843501896,
        474.3236999511719,
        277.0869140625
      ],
      "bbox_px_page": [
        2226,
        1677,
        3293,
        1924
      ]
    },
    "col_06": {
      "text": "",
      "image": "chart_rows/page_045/row_005/cells/col_06.png",
      "image_tight": "chart_rows/page_045/row_005/cells/col_06_tight.png",
      "bbox_pdf": [
        474.3236999511719,
        241.51939843501896,
        585.386962890625,
        277.0869140625
      ],
      "bbox_px_page": [
        3293,
        1677,
        4065,
        1924
      ]
    },
    "col_07": {
      "text": "",
      "image": "chart_rows/page_045/row_005/cells/col_07.png",
      "image_tight": "chart_rows/page_045/row_005/cells/col_07_tight.png",
      "bbox_pdf": [
        585.386962890625,
        241.51939843501896,
        669.9257489442825,
        277.0869140625
      ],
      "bbox_px_page": [
        4065,
        1677,
        4652,
        1924
      ]
    },
    "col_08": {
      "text": "Status of no bottom found is obtained by cursor pick",
      "image": "chart_rows/page_045/row_005/cells/col_08.png",
      "image_tight": "chart_rows/page_045/row_005/cells/col_08_tight.png",
      "bbox_pdf": [
        669.9257489442825,
        241.51939843501896,
        755.734619140625,
        277.0869140625
      ],
      "bbox_px_page": [
        4652,
        1677,
        5248,
        1924
      ]
    }
  }
}