{
  "id": "p032_r002",
  "page_number": 32,
  "row_index": 2,
  "no": "e",
  "row_text": "Well",
  "row_image": "chart_rows/page_032/row_002/row.png",
  "cells": {
    "No": {
      "text": "e",
      "image": "chart_rows/page_032/row_002/cells/No.png",
      "image_tight": "chart_rows/page_032/row_002/cells/No_tight.png",
      "bbox_pdf": [
        36.07160186767578,
        112.11648559570312,
        64.99938281575669,
        134.16299438476562
      ],
      "bbox_px_page": [
        250,
        778,
        451,
        931
      ]
    },
    "INT": {
      "text": "",
      "image": "chart_rows/page_032/row_002/cells/INT.png",
      "image_tight": "chart_rows/page_032/row_002/cells/INT_tight.png",
      "bbox_pdf": [
        64.99938281575669,
        112.11648559570312,
        193.06974206492305,
        134.16299438476562
      ],
      "bbox_px_page": [
        451,
        778,
        1340,
        931
      ]
    },
    "Description": {
      "text": "Well",
      "image": "chart_rows/page_032/row_002/cells/Description.png",
      "image_tight": "chart_rows/page_032/row_002/cells/Description_tight.png",
      "bbox_pdf": [
        193.06974206492305,
        112.11648559570312,
        304.3567180633545,
        134.16299438476562
      ],
      "bbox_px_page": [
        1340,
        778,
        2113,
        931
      ]
    },
    "NOAA": {
      "text": "Well",
      "image": "chart_rows/page_032/row_002/cells/NOAA.png",
      "image_tight": "chart_rows/page_032/row_002/cells/NOAA_tight.png",
      "bbox_pdf": [
        304.3567180633545,
        112.11648559570312,
        456.3229369148612,
        134.16299438476562
      ],
      "bbox_px_page": [
        2113,
        778,
        3168,
        931
      ]
    },
    "NGA": {
      "text": "",
      "image": "chart_rows/page_032/row_002/cells/NGA.png",
      "image_tight": "chart_rows/page_032/row_002/cells/NGA_tight.png",
      "bbox_pdf": [
        456.3229369148612,
        112.11648559570312,
        567.7757158279419,
        134.16299438476562
      ],
      "bbox_px_page": [
        3168,
        778,
        3942,
        931
      ]
    },
    "OtherNGA": {
      "text": "",
      "image": "chart_rows/page_032/row_002/cells/OtherNGA.png",
      "image_tight": "chart_rows/page_032/row_002/cells/OtherNGA_tight.png",
      "bbox_pdf": [
        567.7757158279419,
        112.11648559570312,
        651.92743146047,
        134.16299438476562
      ],
      "bbox_px_page": [
        3942,
        778,
        4527,
        931
      ]
    },
    "ECDIS": {
      "text": "",
      "image": "chart_rows/page_032/row_002/cells/ECDIS.png",
      "image_tight": "chart_rows/page_032/row_002/cells/ECDIS_tight.png",
      "bbox_pdf": [
        651.92743146047,
        112.11648559570312,
        737.734619140625,
        134.16299438476562
      ],
      "bbox_px_page": [
        4527,
        778,
        5123,
        931
      ]
    }
  }
}