{
  "id": "p029_r010",
  "page_number": 29,
  "row_index": 10,
  "no": "10.2",
  "row_text": "Church tower",
  "row_image": "chart_rows/page_029/row_010/row.png",
  "cells": {
    "No": {
      "text": "10.2",
      "image": "chart_rows/page_029/row_010/cells/No.png",
      "image_tight": "chart_rows/page_029/row_010/cells/No_tight.png",
      "bbox_pdf": [
        54.07160186767578,
        458.96270751953125,
        82.99796140193939,
        488.2091979980469
      ],
      "bbox_px_page": [
        375,
        3187,
        576,
        3390
      ]
    },
    "INT": {
      "text": "",
      "image": "chart_rows/page_029/row_010/cells/INT.png",
      "image_tight": "chart_rows/page_029/row_010/cells/INT_tight.png",
      "bbox_pdf": [
        82.99796140193939,
        458.96270751953125,
        211.40581703186035,
        488.2091979980469
      ],
      "bbox_px_page": [
        576,
        3187,
        1468,
        3390
      ]
    },
    "Description": {
      "text": "Church tower",
      "image": "chart_rows/page_029/row_010/cells/Description.png",
      "image_tight": "chart_rows/page_029/row_010/cells/Description_tight.png",
      "bbox_pdf": [
        211.40581703186035,
        458.96270751953125,
        320.6000061035156,
        488.2091979980469
      ],
      "bbox_px_page": [
        1468,
        3187,
        2226,
        3390
      ]
    },
    "NOAA": {
      "text": "",
      "image": "chart_rows/page_029/row_010/cells/NOAA.png",
      "image_tight": "chart_rows/page_029/row_010/cells/NOAA_tight.png",
      "bbox_pdf": [
        320.6000061035156,
        458.96270751953125,
        474.3236999511719,
        488.2091979980469
      ],
      "bbox_px_page": [
        2226,
        3187,
        3293,
        3390
      ]
    },
    "NGA": {
      "text": "",
      "image": "chart_rows/page_029/row_010/cells/NGA.png",
      "image_tight": "chart_rows/page_029/row_010/cells/NGA_tight.png",
      "bbox_pdf": [
        474.3236999511719,
        458.96270751953125,
        585.5497436523438,
        488.2091979980469
      ],
      "bbox_px_page": [
        3293,
        3187,
        4066,
        3390
      ]
    },
    "OtherNGA": {
      "text": "",
      "image": "chart_rows/page_029/row_010/cells/OtherNGA.png",
      "image_tight": "chart_rows/page_029/row_010/cells/OtherNGA_tight.png",
      "bbox_pdf": [
        585.5497436523438,
        458.96270751953125,
        669.9003596305847,
        488.2091979980469
      ],
      "bbox_px_page": [
        4066,
        3187,
        4652,
        3390
      ]
    },
    "ECDIS": {
      "text": "",
      "image": "chart_rows/page_029/row_010/cells/ECDIS.png",
      "image_tight": "chart_rows/page_029/row_010/cells/ECDIS_tight.png",
      "bbox_pdf": [
        669.9003596305847,
        458.96270751953125,
        755.734619140625,
        488.2091979980469
      ],
      "bbox_px_page": [
        4652,
        3187,
        5248,
        3390
      ]
    }
  }
}