{
  "id": "p024_r006",
  "page_number": 24,
  "row_index": 6,
  "no": "16",
  "row_text": "Tunnel with depth below the seabed encoded",
  "row_image": "chart_rows/page_024/row_006/row.png",
  "cells": {
    "No": {
      "text": "16",
      "image": "chart_rows/page_024/row_006/cells/No.png",
      "image_tight": "chart_rows/page_024/row_006/cells/No_tight.png",
      "bbox_pdf": [
        36.07160186767578,
        259.56957602500916,
        64.99938281575669,
        279.0701904296875
      ],
      "bbox_px_page": [
        250,
        1802,
        451,
        1937
      ]
    },
    "INT": {
      "text": "",
      "image": "chart_rows/page_024/row_006/cells/INT.png",
      "image_tight": "chart_rows/page_024/row_006/cells/INT_tight.png",
      "bbox_pdf": [
        64.99938281575669,
        259.56957602500916,
        193.06974206492305,
        279.0701904296875
      ],
      "bbox_px_page": [
        451,
        1802,
        1340,
        1937
      ]
    },
    "Description": {
      "text": "Tunnel",
      "image": "chart_rows/page_024/row_006/cells/Description.png",
      "image_tight": "chart_rows/page_024/row_006/cells/Description_tight.png",
      "bbox_pdf": [
        193.06974206492305,
        259.56957602500916,
        304.3567180633545,
        279.0701904296875
      ],
      "bbox_px_page": [
        1340,
        1802,
        2113,
        1937
      ]
    },
    "NOAA": {
      "text": "",
      "image": "chart_rows/page_024/row_006/cells/NOAA.png",
      "image_tight": "chart_rows/page_024/row_006/cells/NOAA_tight.png",
      "bbox_pdf": [
        304.3567180633545,
        259.56957602500916,
        456.3229369148612,
        279.0701904296875
      ],
      "bbox_px_page": [
        2113,
        1802,
        3168,
        1937
      ]
    },
    "NGA": {
      "text": "",
      "image": "chart_rows/page_024/row_006/cells/NGA.png",
      "image_tight": "chart_rows/page_024/row_006/cells/NGA_tight.png",
      "bbox_pdf": [
        456.3229369148612,
        259.56957602500916,
        567.7757158279419,
        279.0701904296875
      ],
      "bbox_px_page": [
        3168,
        1802,
        3942,
        1937
      ]
    },
    "OtherNGA": {
      "text": "",
      "image": "chart_rows/page_024/row_006/cells/OtherNGA.png",
      "image_tight": "chart_rows/page_024/row_006/cells/OtherNGA_tight.png",
      "bbox_pdf": [
        567.7757158279419,
        259.56957602500916,
        651.92743146047,
        279.0701904296875
      ],
      "bbox_px_page": [
        3942,
        1802,
        4527,
        1937
      ]
    },
    "ECDIS": {
      "text": "Tunnel with depth below the seabed encoded",
      "image": "chart_rows/page_024/row_006/cells/ECDIS.png",
      "image_tight": "chart_rows/page_024/row_006/cells/ECDIS_tight.png",
      "bbox_pdf": [
        651.92743146047,
        259.56957602500916,
        737.734619140625,
        279.0701904296875
      ],
      "bbox_px_page": [
        4527,
        1802,
        5123,
        1937
      ]
    }
  }
}