{
  "id": "p031_r013",
  "page_number": 31,
  "row_index": 13,
  "no": "37.2",
  "row_text": "Camping site (including recreational vehicles)",
  "row_image": "chart_rows/page_031/row_013/row.png",
  "cells": {
    "col_01": {
      "text": "37.2",
      "image": "chart_rows/page_031/row_013/cells/col_01.png",
      "image_tight": "chart_rows/page_031/row_013/cells/col_01_tight.png",
      "bbox_pdf": [
        54.07160186767578,
        460.6907958984375,
        83.0,
        483.1015930175781
      ],
      "bbox_px_page": [
        375,
        3199,
        576,
        3354
      ]
    },
    "col_02": {
      "text": "",
      "image": "chart_rows/page_031/row_013/cells/col_02.png",
      "image_tight": "chart_rows/page_031/row_013/cells/col_02_tight.png",
      "bbox_pdf": [
        83.0,
        460.6907958984375,
        209.80630493164062,
        483.1015930175781
      ],
      "bbox_px_page": [
        576,
        3199,
        1456,
        3354
      ]
    },
    "col_03": {
      "text": "Camping site (including recreational vehicles)",
      "image": "chart_rows/page_031/row_013/cells/col_03.png",
      "image_tight": "chart_rows/page_031/row_013/cells/col_03_tight.png",
      "bbox_pdf": [
        209.80630493164062,
        460.6907958984375,
        320.6000061035156,
        483.1015930175781
      ],
      "bbox_px_page": [
        1456,
        3199,
        2226,
        3354
      ]
    },
    "col_04": {
      "text": "",
      "image": "chart_rows/page_031/row_013/cells/col_04.png",
      "image_tight": "chart_rows/page_031/row_013/cells/col_04_tight.png",
      "bbox_pdf": [
        320.6000061035156,
        460.6907958984375,
        397.2838134765625,
        483.1015930175781
      ],
      "bbox_px_page": [
        2226,
        3199,
        2758,
        3354
      ]
    },
    "col_05": {
      "text": "",
      "image": "chart_rows/page_031/row_013/cells/col_05.png",
      "image_tight": "chart_rows/page_031/row_013/cells/col_05_tight.png",
      "bbox_pdf": [
        397.2838134765625,
        460.6907958984375,
        474.3236999511719,
        483.1015930175781
      ],
      "bbox_px_page": [
        2758,
        3199,
        3293,
        3354
      ]
    },
    "col_06": {
      "text": "",
      "image": "chart_rows/page_031/row_013/cells/col_06.png",
      "image_tight": "chart_rows/page_031/row_013/cells/col_06_tight.png",
      "bbox_pdf": [
        474.3236999511719,
        460.6907958984375,
        584.1237182617188,
        483.1015930175781
      ],
      "bbox_px_page": [
        3293,
        3199,
        4056,
        3354
      ]
    },
    "col_07": {
      "text": "",
      "image": "chart_rows/page_031/row_013/cells/col_07.png",
      "image_tight": "chart_rows/page_031/row_013/cells/col_07_tight.png",
      "bbox_pdf": [
        584.1237182617188,
        460.6907958984375,
        669.9290771484375,
        483.1015930175781
      ],
      "bbox_px_page": [
        4056,
        3199,
        4652,
        3354
      ]
    },
    "col_08": {
      "text": "",
      "image": "chart_rows/page_031/row_013/cells/col_08.png",
      "image_tight": "chart_rows/page_031/row_013/cells/col_08_tight.png",
      "bbox_pdf": [
        669.9290771484375,
        460.6907958984375,
        755.734619140625,
        483.1015930175781
      ],
      "bbox_px_page": [
        4652,
        3199,
        5248,
        3354
      ]
    }
  }
}