{
  "id": "p030_r004",
  "page_number": 30,
  "row_index": 4,
  "no": "21",
  "row_text": "Water tower, Water tank on a tower",
  "row_image": "chart_rows/page_030/row_004/row.png",
  "cells": {
    "col_01": {
      "text": "21",
      "image": "chart_rows/page_030/row_004/cells/col_01.png",
      "image_tight": "chart_rows/page_030/row_004/cells/col_01_tight.png",
      "bbox_pdf": [
        36.07160186767578,
        181.65420532226562,
        66.83821793145034,
        209.46060180664062
      ],
      "bbox_px_page": [
        250,
        1261,
        464,
        1454
      ]
    },
    "col_02": {
      "text": "",
      "image": "chart_rows/page_030/row_004/cells/col_02.png",
      "image_tight": "chart_rows/page_030/row_004/cells/col_02_tight.png",
      "bbox_pdf": [
        66.83821793145034,
        181.65420532226562,
        128.35996961593628,
        209.46060180664062
      ],
      "bbox_px_page": [
        464,
        1261,
        891,
        1454
      ]
    },
    "col_03": {
      "text": "",
      "image": "chart_rows/page_030/row_004/cells/col_03.png",
      "image_tight": "chart_rows/page_030/row_004/cells/col_03_tight.png",
      "bbox_pdf": [
        128.35996961593628,
        181.65420532226562,
        192.74342723796144,
        209.46060180664062
      ],
      "bbox_px_page": [
        891,
        1261,
        1338,
        1454
      ]
    },
    "col_04": {
      "text": "Water tower, Water tank on a tower",
      "image": "chart_rows/page_030/row_004/cells/col_04.png",
      "image_tight": "chart_rows/page_030/row_004/cells/col_04_tight.png",
      "bbox_pdf": [
        192.74342723796144,
        181.65420532226562,
        302.6000061035156,
        209.46060180664062
      ],
      "bbox_px_page": [
        1338,
        1261,
        2101,
        1454
      ]
    },
    "col_05": {
      "text": "STANDPIPE Wtr Tr WTR TR S’pipe",
      "image": "chart_rows/page_030/row_004/cells/col_05.png",
      "image_tight": "chart_rows/page_030/row_004/cells/col_05_tight.png",
      "bbox_pdf": [
        302.6000061035156,
        181.65420532226562,
        456.3236999511719,
        209.46060180664062
      ],
      "bbox_px_page": [
        2101,
        1261,
        3168,
        1454
      ]
    },
    "col_06": {
      "text": "",
      "image": "chart_rows/page_030/row_004/cells/col_06.png",
      "image_tight": "chart_rows/page_030/row_004/cells/col_06_tight.png",
      "bbox_pdf": [
        456.3236999511719,
        181.65420532226562,
        567.5356597900391,
        209.46060180664062
      ],
      "bbox_px_page": [
        3168,
        1261,
        3941,
        1454
      ]
    },
    "col_07": {
      "text": "",
      "image": "chart_rows/page_030/row_004/cells/col_07.png",
      "image_tight": "chart_rows/page_030/row_004/cells/col_07_tight.png",
      "bbox_pdf": [
        567.5356597900391,
        181.65420532226562,
        651.9163010418415,
        209.46060180664062
      ],
      "bbox_px_page": [
        3941,
        1261,
        4527,
        1454
      ]
    },
    "col_08": {
      "text": "Water tower",
      "image": "chart_rows/page_030/row_004/cells/col_08.png",
      "image_tight": "chart_rows/page_030/row_004/cells/col_08_tight.png",
      "bbox_pdf": [
        651.9163010418415,
        181.65420532226562,
        737.734619140625,
        209.46060180664062
      ],
      "bbox_px_page": [
        4527,
        1261,
        5123,
        1454
      ]
    }
  }
}