{
  "id": "p059_r003",
  "page_number": 59,
  "row_index": 3,
  "no": "46.2",
  "row_text": "Underwater hazard with depth of 20 meters or less Underwater hazard with depth greater than 20 meters Isolated danger of depth less than the safety contour Safe clearance shoaler than safety contour Safe clearance deeper than safety contour Safe clearance deeper than 20 meters",
  "row_image": "chart_rows/page_059/row_003/row.png",
  "cells": {
    "col_01": {
      "text": "46.2",
      "image": "chart_rows/page_059/row_003/cells/col_01.png",
      "image_tight": "chart_rows/page_059/row_003/cells/col_01_tight.png",
      "bbox_pdf": [
        54.07160186767578,
        202.5701904296875,
        83.0,
        396.0701904296875
      ],
      "bbox_px_page": [
        375,
        1406,
        576,
        2750
      ]
    },
    "col_02": {
      "text": "",
      "image": "chart_rows/page_059/row_003/cells/col_02.png",
      "image_tight": "chart_rows/page_059/row_003/cells/col_02_tight.png",
      "bbox_pdf": [
        83.0,
        202.5701904296875,
        209.80630493164062,
        396.0701904296875
      ],
      "bbox_px_page": [
        576,
        1406,
        1456,
        2750
      ]
    },
    "col_03": {
      "text": "Fish haven with minimum depth",
      "image": "chart_rows/page_059/row_003/cells/col_03.png",
      "image_tight": "chart_rows/page_059/row_003/cells/col_03_tight.png",
      "bbox_pdf": [
        209.80630493164062,
        202.5701904296875,
        320.6000061035156,
        396.0701904296875
      ],
      "bbox_px_page": [
        1456,
        1406,
        2226,
        2750
      ]
    },
    "col_04": {
      "text": "Obstn Fish Haven (auth min 42ft)",
      "image": "chart_rows/page_059/row_003/cells/col_04.png",
      "image_tight": "chart_rows/page_059/row_003/cells/col_04_tight.png",
      "bbox_pdf": [
        320.6000061035156,
        202.5701904296875,
        397.2838134765625,
        396.0701904296875
      ],
      "bbox_px_page": [
        2226,
        1406,
        2758,
        2750
      ]
    },
    "col_05": {
      "text": "",
      "image": "chart_rows/page_059/row_003/cells/col_05.png",
      "image_tight": "chart_rows/page_059/row_003/cells/col_05_tight.png",
      "bbox_pdf": [
        397.2838134765625,
        202.5701904296875,
        474.3236999511719,
        396.0701904296875
      ],
      "bbox_px_page": [
        2758,
        1406,
        3293,
        2750
      ]
    },
    "col_06": {
      "text": "",
      "image": "chart_rows/page_059/row_003/cells/col_06.png",
      "image_tight": "chart_rows/page_059/row_003/cells/col_06_tight.png",
      "bbox_pdf": [
        474.3236999511719,
        202.5701904296875,
        584.1237182617188,
        396.0701904296875
      ],
      "bbox_px_page": [
        3293,
        1406,
        4056,
        2750
      ]
    },
    "col_07": {
      "text": "128 256",
      "image": "chart_rows/page_059/row_003/cells/col_07.png",
      "image_tight": "chart_rows/page_059/row_003/cells/col_07_tight.png",
      "bbox_pdf": [
        584.1237182617188,
        202.5701904296875,
        669.9290771484375,
        396.0701904296875
      ],
      "bbox_px_page": [
        4056,
        1406,
        4652,
        2750
      ]
    },
    "col_08": {
      "text": "Underwater hazard with depth of 20 meters or less Underwater hazard with depth greater than 20 meters Isolated danger of depth less than the safety contour Safe clearance shoaler than safety contour Safe clearance deeper than safety contour Safe clearance deeper than 20 meters",
      "image": "chart_rows/page_059/row_003/cells/col_08.png",
      "image_tight": "chart_rows/page_059/row_003/cells/col_08_tight.png",
      "bbox_pdf": [
        669.9290771484375,
        202.5701904296875,
        755.734619140625,
        396.0701904296875
      ],
      "bbox_px_page": [
        4652,
        1406,
        5248,
        2750
      ]
    }
  }
}