{
  "id": "p032_r013",
  "page_number": 32,
  "row_index": 13,
  "no": "q",
  "row_text": "Telephone",
  "row_image": "chart_rows/page_032/row_013/row.png",
  "cells": {
    "No": {
      "text": "q",
      "image": "chart_rows/page_032/row_013/cells/No.png",
      "image_tight": "chart_rows/page_032/row_013/cells/No_tight.png",
      "bbox_pdf": [
        36.07160186767578,
        336.9913024902344,
        64.99938281575669,
        355.4377136230469
      ],
      "bbox_px_page": [
        250,
        2340,
        451,
        2468
      ]
    },
    "INT": {
      "text": "",
      "image": "chart_rows/page_032/row_013/cells/INT.png",
      "image_tight": "chart_rows/page_032/row_013/cells/INT_tight.png",
      "bbox_pdf": [
        64.99938281575669,
        336.9913024902344,
        193.06974206492305,
        355.4377136230469
      ],
      "bbox_px_page": [
        451,
        2340,
        1340,
        2468
      ]
    },
    "Description": {
      "text": "Telephone",
      "image": "chart_rows/page_032/row_013/cells/Description.png",
      "image_tight": "chart_rows/page_032/row_013/cells/Description_tight.png",
      "bbox_pdf": [
        193.06974206492305,
        336.9913024902344,
        304.3567180633545,
        355.4377136230469
      ],
      "bbox_px_page": [
        1340,
        2340,
        2113,
        2468
      ]
    },
    "NOAA": {
      "text": "T",
      "image": "chart_rows/page_032/row_013/cells/NOAA.png",
      "image_tight": "chart_rows/page_032/row_013/cells/NOAA_tight.png",
      "bbox_pdf": [
        304.3567180633545,
        336.9913024902344,
        456.3229369148612,
        355.4377136230469
      ],
      "bbox_px_page": [
        2113,
        2340,
        3168,
        2468
      ]
    },
    "NGA": {
      "text": "",
      "image": "chart_rows/page_032/row_013/cells/NGA.png",
      "image_tight": "chart_rows/page_032/row_013/cells/NGA_tight.png",
      "bbox_pdf": [
        456.3229369148612,
        336.9913024902344,
        567.7757158279419,
        355.4377136230469
      ],
      "bbox_px_page": [
        3168,
        2340,
        3942,
        2468
      ]
    },
    "OtherNGA": {
      "text": "",
      "image": "chart_rows/page_032/row_013/cells/OtherNGA.png",
      "image_tight": "chart_rows/page_032/row_013/cells/OtherNGA_tight.png",
      "bbox_pdf": [
        567.7757158279419,
        336.9913024902344,
        651.92743146047,
        355.4377136230469
      ],
      "bbox_px_page": [
        3942,
        2340,
        4527,
        2468
      ]
    },
    "ECDIS": {
      "text": "",
      "image": "chart_rows/page_032/row_013/cells/ECDIS.png",
      "image_tight": "chart_rows/page_032/row_013/cells/ECDIS_tight.png",
      "bbox_pdf": [
        651.92743146047,
        336.9913024902344,
        737.734619140625,
        355.4377136230469
      ],
      "bbox_px_page": [
        4527,
        2340,
        5123,
        2468
      ]
    }
  }
}