{
  "id": "p038_r010",
  "page_number": 38,
  "row_index": 10,
  "no": "61",
  "row_text": "Conspicuous single building Customs",
  "row_image": "chart_rows/page_038/row_010/row.png",
  "cells": {
    "col_01": {
      "text": "61",
      "image": "chart_rows/page_038/row_010/cells/col_01.png",
      "image_tight": "chart_rows/page_038/row_010/cells/col_01_tight.png",
      "bbox_pdf": [
        36.07160186767578,
        434.3117980957031,
        66.97056174278259,
        479.521484375
      ],
      "bbox_px_page": [
        250,
        3016,
        465,
        3330
      ]
    },
    "col_02": {
      "text": "",
      "image": "chart_rows/page_038/row_010/cells/col_02.png",
      "image_tight": "chart_rows/page_038/row_010/cells/col_02_tight.png",
      "bbox_pdf": [
        66.97056174278259,
        434.3117980957031,
        191.8062746396463,
        479.521484375
      ],
      "bbox_px_page": [
        465,
        3016,
        1331,
        3330
      ]
    },
    "col_03": {
      "text": "Custom office",
      "image": "chart_rows/page_038/row_010/cells/col_03.png",
      "image_tight": "chart_rows/page_038/row_010/cells/col_03_tight.png",
      "bbox_pdf": [
        191.8062746396463,
        434.3117980957031,
        302.6000061035156,
        479.521484375
      ],
      "bbox_px_page": [
        1331,
        3016,
        2101,
        3330
      ]
    },
    "col_04": {
      "text": "Cus",
      "image": "chart_rows/page_038/row_010/cells/col_04.png",
      "image_tight": "chart_rows/page_038/row_010/cells/col_04_tight.png",
      "bbox_pdf": [
        302.6000061035156,
        434.3117980957031,
        381.01983642578125,
        479.521484375
      ],
      "bbox_px_page": [
        2101,
        3016,
        2645,
        3330
      ]
    },
    "col_05": {
      "text": "Ho",
      "image": "chart_rows/page_038/row_010/cells/col_05.png",
      "image_tight": "chart_rows/page_038/row_010/cells/col_05_tight.png",
      "bbox_pdf": [
        381.01983642578125,
        434.3117980957031,
        456.3236999511719,
        479.521484375
      ],
      "bbox_px_page": [
        2645,
        3016,
        3168,
        3330
      ]
    },
    "col_06": {
      "text": "",
      "image": "chart_rows/page_038/row_010/cells/col_06.png",
      "image_tight": "chart_rows/page_038/row_010/cells/col_06_tight.png",
      "bbox_pdf": [
        456.3236999511719,
        434.3117980957031,
        566.1237182617188,
        479.521484375
      ],
      "bbox_px_page": [
        3168,
        3016,
        3931,
        3330
      ]
    },
    "col_07": {
      "text": "",
      "image": "chart_rows/page_038/row_010/cells/col_07.png",
      "image_tight": "chart_rows/page_038/row_010/cells/col_07_tight.png",
      "bbox_pdf": [
        566.1237182617188,
        434.3117980957031,
        651.9290771484375,
        479.521484375
      ],
      "bbox_px_page": [
        3931,
        3016,
        4527,
        3330
      ]
    },
    "col_08": {
      "text": "Conspicuous single building Customs",
      "image": "chart_rows/page_038/row_010/cells/col_08.png",
      "image_tight": "chart_rows/page_038/row_010/cells/col_08_tight.png",
      "bbox_pdf": [
        651.9290771484375,
        434.3117980957031,
        737.734619140625,
        479.521484375
      ],
      "bbox_px_page": [
        4527,
        3016,
        5123,
        3330
      ]
    }
  }
}