{
  "id": "p053_r002",
  "page_number": 53,
  "row_index": 2,
  "no": "2",
  "row_text": "Depth swept by wire drag or confirmed by diver (This symbol may be combined with other symbols, e.g. wrecks, obstructions, wells.)",
  "row_image": "chart_rows/page_053/row_002/row.png",
  "cells": {
    "No": {
      "text": "2",
      "image": "chart_rows/page_053/row_002/cells/No.png",
      "image_tight": "chart_rows/page_053/row_002/cells/No_tight.png",
      "bbox_pdf": [
        54.07160186767578,
        252.0701904296875,
        82.99796140193939,
        306.97021484375
      ],
      "bbox_px_page": [
        375,
        1750,
        576,
        2131
      ]
    },
    "INT": {
      "text": "",
      "image": "chart_rows/page_053/row_002/cells/INT.png",
      "image_tight": "chart_rows/page_053/row_002/cells/INT_tight.png",
      "bbox_pdf": [
        82.99796140193939,
        252.0701904296875,
        211.40581703186035,
        306.97021484375
      ],
      "bbox_px_page": [
        576,
        1750,
        1468,
        2131
      ]
    },
    "Description": {
      "text": "Depth swept by wire drag or confirmed by diver (This symbol may be combined with other symbols, e.g. wrecks, obstructions, wells.)",
      "image": "chart_rows/page_053/row_002/cells/Description.png",
      "image_tight": "chart_rows/page_053/row_002/cells/Description_tight.png",
      "bbox_pdf": [
        211.40581703186035,
        252.0701904296875,
        320.6000061035156,
        306.97021484375
      ],
      "bbox_px_page": [
        1468,
        1750,
        2226,
        2131
      ]
    },
    "NOAA": {
      "text": "Wk (1937) 46 Obstn 46 Wk 46 Rk 35 Rk 21",
      "image": "chart_rows/page_053/row_002/cells/NOAA.png",
      "image_tight": "chart_rows/page_053/row_002/cells/NOAA_tight.png",
      "bbox_pdf": [
        320.6000061035156,
        252.0701904296875,
        474.3236999511719,
        306.97021484375
      ],
      "bbox_px_page": [
        2226,
        1750,
        3293,
        2131
      ]
    },
    "NGA": {
      "text": "(157)",
      "image": "chart_rows/page_053/row_002/cells/NGA.png",
      "image_tight": "chart_rows/page_053/row_002/cells/NGA_tight.png",
      "bbox_pdf": [
        474.3236999511719,
        252.0701904296875,
        585.5497436523438,
        306.97021484375
      ],
      "bbox_px_page": [
        3293,
        1750,
        4066,
        2131
      ]
    },
    "OtherNGA": {
      "text": "",
      "image": "chart_rows/page_053/row_002/cells/OtherNGA.png",
      "image_tight": "chart_rows/page_053/row_002/cells/OtherNGA_tight.png",
      "bbox_pdf": [
        585.5497436523438,
        252.0701904296875,
        669.9003596305847,
        306.97021484375
      ],
      "bbox_px_page": [
        4066,
        1750,
        4652,
        2131
      ]
    },
    "ECDIS": {
      "text": "Swept sounding, less than or equal to safety depth Swept sounding, greater than safety depth",
      "image": "chart_rows/page_053/row_002/cells/ECDIS.png",
      "image_tight": "chart_rows/page_053/row_002/cells/ECDIS_tight.png",
      "bbox_pdf": [
        669.9003596305847,
        252.0701904296875,
        755.734619140625,
        306.97021484375
      ],
      "bbox_px_page": [
        4652,
        1750,
        5248,
        2131
      ]
    }
  }
}