{
  "id": "p064_r006",
  "page_number": 64,
  "row_index": 6,
  "no": "44",
  "row_text": "Status of disused is obtained by cursor pick",
  "row_image": "chart_rows/page_064/row_006/row.png",
  "cells": {
    "No": {
      "text": "44",
      "image": "chart_rows/page_064/row_006/cells/No.png",
      "image_tight": "chart_rows/page_064/row_006/cells/No_tight.png",
      "bbox_pdf": [
        36.07160186767578,
        353.3313903808594,
        64.99938281575669,
        394.33831787109375
      ],
      "bbox_px_page": [
        250,
        2453,
        451,
        2738
      ]
    },
    "INT": {
      "text": "",
      "image": "chart_rows/page_064/row_006/cells/INT.png",
      "image_tight": "chart_rows/page_064/row_006/cells/INT_tight.png",
      "bbox_pdf": [
        64.99938281575669,
        353.3313903808594,
        193.06974206492305,
        394.33831787109375
      ],
      "bbox_px_page": [
        451,
        2453,
        1340,
        2738
      ]
    },
    "Description": {
      "text": "Disused pipeline/pipe",
      "image": "chart_rows/page_064/row_006/cells/Description.png",
      "image_tight": "chart_rows/page_064/row_006/cells/Description_tight.png",
      "bbox_pdf": [
        193.06974206492305,
        353.3313903808594,
        304.3567180633545,
        394.33831787109375
      ],
      "bbox_px_page": [
        1340,
        2453,
        2113,
        2738
      ]
    },
    "NOAA": {
      "text": "",
      "image": "chart_rows/page_064/row_006/cells/NOAA.png",
      "image_tight": "chart_rows/page_064/row_006/cells/NOAA_tight.png",
      "bbox_pdf": [
        304.3567180633545,
        353.3313903808594,
        456.3229369148612,
        394.33831787109375
      ],
      "bbox_px_page": [
        2113,
        2453,
        3168,
        2738
      ]
    },
    "NGA": {
      "text": "",
      "image": "chart_rows/page_064/row_006/cells/NGA.png",
      "image_tight": "chart_rows/page_064/row_006/cells/NGA_tight.png",
      "bbox_pdf": [
        456.3229369148612,
        353.3313903808594,
        567.7757158279419,
        394.33831787109375
      ],
      "bbox_px_page": [
        3168,
        2453,
        3942,
        2738
      ]
    },
    "OtherNGA": {
      "text": "",
      "image": "chart_rows/page_064/row_006/cells/OtherNGA.png",
      "image_tight": "chart_rows/page_064/row_006/cells/OtherNGA_tight.png",
      "bbox_pdf": [
        567.7757158279419,
        353.3313903808594,
        651.92743146047,
        394.33831787109375
      ],
      "bbox_px_page": [
        3942,
        2453,
        4527,
        2738
      ]
    },
    "ECDIS": {
      "text": "Status of disused is obtained by cursor pick",
      "image": "chart_rows/page_064/row_006/cells/ECDIS.png",
      "image_tight": "chart_rows/page_064/row_006/cells/ECDIS_tight.png",
      "bbox_pdf": [
        651.92743146047,
        353.3313903808594,
        737.734619140625,
        394.33831787109375
      ],
      "bbox_px_page": [
        4527,
        2453,
        5123,
        2738
      ]
    }
  }
}