{
  "id": "p025_r004",
  "page_number": 25,
  "row_index": 4,
  "no": "23.1",
  "row_text": "Opening bridge (in general) with vertical clearance",
  "row_image": "chart_rows/page_025/row_004/row.png",
  "cells": {
    "No": {
      "text": "23.1",
      "image": "chart_rows/page_025/row_004/cells/No.png",
      "image_tight": "chart_rows/page_025/row_004/cells/No_tight.png",
      "bbox_pdf": [
        54.07160186767578,
        189.7134895324707,
        82.99796140193939,
        243.0701904296875
      ],
      "bbox_px_page": [
        375,
        1317,
        576,
        1687
      ]
    },
    "INT": {
      "text": "",
      "image": "chart_rows/page_025/row_004/cells/INT.png",
      "image_tight": "chart_rows/page_025/row_004/cells/INT_tight.png",
      "bbox_pdf": [
        82.99796140193939,
        189.7134895324707,
        211.40581703186035,
        243.0701904296875
      ],
      "bbox_px_page": [
        576,
        1317,
        1468,
        1687
      ]
    },
    "Description": {
      "text": "Opening bridge (in general) with vertical clearance",
      "image": "chart_rows/page_025/row_004/cells/Description.png",
      "image_tight": "chart_rows/page_025/row_004/cells/Description_tight.png",
      "bbox_pdf": [
        211.40581703186035,
        189.7134895324707,
        320.6000061035156,
        243.0701904296875
      ],
      "bbox_px_page": [
        1468,
        1317,
        2226,
        1687
      ]
    },
    "NOAA": {
      "text": "",
      "image": "chart_rows/page_025/row_004/cells/NOAA.png",
      "image_tight": "chart_rows/page_025/row_004/cells/NOAA_tight.png",
      "bbox_pdf": [
        320.6000061035156,
        189.7134895324707,
        474.3236999511719,
        243.0701904296875
      ],
      "bbox_px_page": [
        2226,
        1317,
        3293,
        1687
      ]
    },
    "NGA": {
      "text": "",
      "image": "chart_rows/page_025/row_004/cells/NGA.png",
      "image_tight": "chart_rows/page_025/row_004/cells/NGA_tight.png",
      "bbox_pdf": [
        474.3236999511719,
        189.7134895324707,
        585.5497436523438,
        243.0701904296875
      ],
      "bbox_px_page": [
        3293,
        1317,
        4066,
        1687
      ]
    },
    "OtherNGA": {
      "text": "clr cl 8.2",
      "image": "chart_rows/page_025/row_004/cells/OtherNGA.png",
      "image_tight": "chart_rows/page_025/row_004/cells/OtherNGA_tight.png",
      "bbox_pdf": [
        585.5497436523438,
        189.7134895324707,
        669.9003596305847,
        243.0701904296875
      ],
      "bbox_px_page": [
        4066,
        1317,
        4652,
        1687
      ]
    },
    "ECDIS": {
      "text": "",
      "image": "chart_rows/page_025/row_004/cells/ECDIS.png",
      "image_tight": "chart_rows/page_025/row_004/cells/ECDIS_tight.png",
      "bbox_pdf": [
        669.9003596305847,
        189.7134895324707,
        755.734619140625,
        243.0701904296875
      ],
      "bbox_px_page": [
        4652,
        1317,
        5248,
        1687
      ]
    }
  }
}