{
  "id": "p043_r004",
  "page_number": 43,
  "row_index": 4,
  "no": "45",
  "row_text": "dies; breakers as point, line, and area",
  "row_image": "chart_rows/page_043/row_004/row.png",
  "cells": {
    "col_01": {
      "text": "45",
      "image": "chart_rows/page_043/row_004/cells/col_01.png",
      "image_tight": "chart_rows/page_043/row_004/cells/col_01_tight.png",
      "bbox_pdf": [
        53.89714285714286,
        197.47848510742188,
        82.90285714285714,
        258.534912109375
      ],
      "bbox_px_page": [
        374,
        1371,
        575,
        1795
      ]
    },
    "col_02": {
      "text": "",
      "image": "chart_rows/page_043/row_004/cells/col_02.png",
      "image_tight": "chart_rows/page_043/row_004/cells/col_02_tight.png",
      "bbox_pdf": [
        82.90285714285714,
        197.47848510742188,
        209.62285714285716,
        258.534912109375
      ],
      "bbox_px_page": [
        575,
        1371,
        1455,
        1795
      ]
    },
    "col_03": {
      "text": "Eddies",
      "image": "chart_rows/page_043/row_004/cells/col_03.png",
      "image_tight": "chart_rows/page_043/row_004/cells/col_03_tight.png",
      "bbox_pdf": [
        209.62285714285716,
        197.47848510742188,
        320.5028571428572,
        258.534912109375
      ],
      "bbox_px_page": [
        1455,
        1371,
        2225,
        1795
      ]
    },
    "col_04": {
      "text": "Eddies symbol used only in small areas",
      "image": "chart_rows/page_043/row_004/cells/col_04.png",
      "image_tight": "chart_rows/page_043/row_004/cells/col_04_tight.png",
      "bbox_pdf": [
        320.5028571428572,
        197.47848510742188,
        474.17142857142863,
        258.534912109375
      ],
      "bbox_px_page": [
        2225,
        1371,
        3292,
        1795
      ]
    },
    "col_05": {
      "text": "",
      "image": "chart_rows/page_043/row_004/cells/col_05.png",
      "image_tight": "chart_rows/page_043/row_004/cells/col_05_tight.png",
      "bbox_pdf": [
        474.17142857142863,
        197.47848510742188,
        584.0228571428572,
        258.534912109375
      ],
      "bbox_px_page": [
        3292,
        1371,
        4055,
        1795
      ]
    },
    "col_06": {
      "text": "dies; breakers as point, line, and area",
      "image": "chart_rows/page_043/row_004/cells/col_06.png",
      "image_tight": "chart_rows/page_043/row_004/cells/col_06_tight.png",
      "bbox_pdf": [
        584.0228571428572,
        197.47848510742188,
        755.5885714285715,
        258.534912109375
      ],
      "bbox_px_page": [
        4055,
        1371,
        5247,
        1795
      ]
    }
  }
}