{
  "id": "p063_r004",
  "page_number": 63,
  "row_index": 4,
  "no": "25",
  "row_text": "Subsurface Ocean(ographic) Data Acquisition System (ODAS)",
  "row_image": "chart_rows/page_063/row_004/row.png",
  "cells": {
    "No": {
      "text": "25",
      "image": "chart_rows/page_063/row_004/cells/No.png",
      "image_tight": "chart_rows/page_063/row_004/cells/No_tight.png",
      "bbox_pdf": [
        54.07160186767578,
        191.27288818359375,
        82.99796140193939,
        236.29049682617188
      ],
      "bbox_px_page": [
        375,
        1328,
        576,
        1640
      ]
    },
    "INT": {
      "text": "ODAS",
      "image": "chart_rows/page_063/row_004/cells/INT.png",
      "image_tight": "chart_rows/page_063/row_004/cells/INT_tight.png",
      "bbox_pdf": [
        82.99796140193939,
        191.27288818359375,
        211.40581703186035,
        236.29049682617188
      ],
      "bbox_px_page": [
        576,
        1328,
        1468,
        1640
      ]
    },
    "Description": {
      "text": "Subsurface Ocean(ographic) Data Acquisition System (ODAS)",
      "image": "chart_rows/page_063/row_004/cells/Description.png",
      "image_tight": "chart_rows/page_063/row_004/cells/Description_tight.png",
      "bbox_pdf": [
        211.40581703186035,
        191.27288818359375,
        320.6000061035156,
        236.29049682617188
      ],
      "bbox_px_page": [
        1468,
        1328,
        2226,
        1640
      ]
    },
    "NOAA": {
      "text": "",
      "image": "chart_rows/page_063/row_004/cells/NOAA.png",
      "image_tight": "chart_rows/page_063/row_004/cells/NOAA_tight.png",
      "bbox_pdf": [
        320.6000061035156,
        191.27288818359375,
        474.3236999511719,
        236.29049682617188
      ],
      "bbox_px_page": [
        2226,
        1328,
        3293,
        1640
      ]
    },
    "NGA": {
      "text": "",
      "image": "chart_rows/page_063/row_004/cells/NGA.png",
      "image_tight": "chart_rows/page_063/row_004/cells/NGA_tight.png",
      "bbox_pdf": [
        474.3236999511719,
        191.27288818359375,
        585.5497436523438,
        236.29049682617188
      ],
      "bbox_px_page": [
        3293,
        1328,
        4066,
        1640
      ]
    },
    "OtherNGA": {
      "text": "",
      "image": "chart_rows/page_063/row_004/cells/OtherNGA.png",
      "image_tight": "chart_rows/page_063/row_004/cells/OtherNGA_tight.png",
      "bbox_pdf": [
        585.5497436523438,
        191.27288818359375,
        669.9003596305847,
        236.29049682617188
      ],
      "bbox_px_page": [
        4066,
        1328,
        4652,
        1640
      ]
    },
    "ECDIS": {
      "text": "Underwater turbine or subsurface ODAS",
      "image": "chart_rows/page_063/row_004/cells/ECDIS.png",
      "image_tight": "chart_rows/page_063/row_004/cells/ECDIS_tight.png",
      "bbox_pdf": [
        669.9003596305847,
        191.27288818359375,
        755.734619140625,
        236.29049682617188
      ],
      "bbox_px_page": [
        4652,
        1328,
        5248,
        1640
      ]
    }
  }
}