{
  "id": "p030_r007",
  "page_number": 30,
  "row_index": 7,
  "no": "24",
  "row_text": "Monument (including column, pillar, obelisk, statue, calvary cross)",
  "row_image": "chart_rows/page_030/row_007/row.png",
  "cells": {
    "col_01": {
      "text": "24",
      "image": "chart_rows/page_030/row_007/cells/col_01.png",
      "image_tight": "chart_rows/page_030/row_007/cells/col_01_tight.png",
      "bbox_pdf": [
        36.07160186767578,
        265.0733947753906,
        66.83821793145034,
        295.88409423828125
      ],
      "bbox_px_page": [
        250,
        1840,
        464,
        2054
      ]
    },
    "col_02": {
      "text": "",
      "image": "chart_rows/page_030/row_007/cells/col_02.png",
      "image_tight": "chart_rows/page_030/row_007/cells/col_02_tight.png",
      "bbox_pdf": [
        66.83821793145034,
        265.0733947753906,
        128.35996961593628,
        295.88409423828125
      ],
      "bbox_px_page": [
        464,
        1840,
        891,
        2054
      ]
    },
    "col_03": {
      "text": "",
      "image": "chart_rows/page_030/row_007/cells/col_03.png",
      "image_tight": "chart_rows/page_030/row_007/cells/col_03_tight.png",
      "bbox_pdf": [
        128.35996961593628,
        265.0733947753906,
        192.74342723796144,
        295.88409423828125
      ],
      "bbox_px_page": [
        891,
        1840,
        1338,
        2054
      ]
    },
    "col_04": {
      "text": "Monument (including column, pillar, obelisk, statue, calvary cross)",
      "image": "chart_rows/page_030/row_007/cells/col_04.png",
      "image_tight": "chart_rows/page_030/row_007/cells/col_04_tight.png",
      "bbox_pdf": [
        192.74342723796144,
        265.0733947753906,
        302.6000061035156,
        295.88409423828125
      ],
      "bbox_px_page": [
        1338,
        1840,
        2101,
        2054
      ]
    },
    "col_05": {
      "text": "Mon MONUMENT",
      "image": "chart_rows/page_030/row_007/cells/col_05.png",
      "image_tight": "chart_rows/page_030/row_007/cells/col_05_tight.png",
      "bbox_pdf": [
        302.6000061035156,
        265.0733947753906,
        456.3236999511719,
        295.88409423828125
      ],
      "bbox_px_page": [
        2101,
        1840,
        3168,
        2054
      ]
    },
    "col_06": {
      "text": "",
      "image": "chart_rows/page_030/row_007/cells/col_06.png",
      "image_tight": "chart_rows/page_030/row_007/cells/col_06_tight.png",
      "bbox_pdf": [
        456.3236999511719,
        265.0733947753906,
        567.5356597900391,
        295.88409423828125
      ],
      "bbox_px_page": [
        3168,
        1840,
        3941,
        2054
      ]
    },
    "col_07": {
      "text": "",
      "image": "chart_rows/page_030/row_007/cells/col_07.png",
      "image_tight": "chart_rows/page_030/row_007/cells/col_07_tight.png",
      "bbox_pdf": [
        567.5356597900391,
        265.0733947753906,
        651.9163010418415,
        295.88409423828125
      ],
      "bbox_px_page": [
        3941,
        1840,
        4527,
        2054
      ]
    },
    "col_08": {
      "text": "Monument",
      "image": "chart_rows/page_030/row_007/cells/col_08.png",
      "image_tight": "chart_rows/page_030/row_007/cells/col_08_tight.png",
      "bbox_pdf": [
        651.9163010418415,
        265.0733947753906,
        737.734619140625,
        295.88409423828125
      ],
      "bbox_px_page": [
        4527,
        1840,
        5123,
        2054
      ]
    }
  }
}