{
  "id": "p057_r001",
  "page_number": 57,
  "row_index": 1,
  "no": "28",
  "row_text": "Dangerous wreck, depth unknown Isolated danger of depth less than the safety contour",
  "row_image": "chart_rows/page_057/row_001/row.png",
  "cells": {
    "No": {
      "text": "28",
      "image": "chart_rows/page_057/row_001/cells/No.png",
      "image_tight": "chart_rows/page_057/row_001/cells/No_tight.png",
      "bbox_pdf": [
        54.07160186767578,
        90.0709228515625,
        82.99796140193939,
        144.0701904296875
      ],
      "bbox_px_page": [
        375,
        625,
        576,
        1000
      ]
    },
    "INT": {
      "text": "",
      "image": "chart_rows/page_057/row_001/cells/INT.png",
      "image_tight": "chart_rows/page_057/row_001/cells/INT_tight.png",
      "bbox_pdf": [
        82.99796140193939,
        90.0709228515625,
        211.40581703186035,
        144.0701904296875
      ],
      "bbox_px_page": [
        576,
        625,
        1468,
        1000
      ]
    },
    "Description": {
      "text": "Dangerous wreck, depth unknown",
      "image": "chart_rows/page_057/row_001/cells/Description.png",
      "image_tight": "chart_rows/page_057/row_001/cells/Description_tight.png",
      "bbox_pdf": [
        211.40581703186035,
        90.0709228515625,
        320.6000061035156,
        144.0701904296875
      ],
      "bbox_px_page": [
        1468,
        625,
        2226,
        1000
      ]
    },
    "NOAA": {
      "text": "",
      "image": "chart_rows/page_057/row_001/cells/NOAA.png",
      "image_tight": "chart_rows/page_057/row_001/cells/NOAA_tight.png",
      "bbox_pdf": [
        320.6000061035156,
        90.0709228515625,
        474.3236999511719,
        144.0701904296875
      ],
      "bbox_px_page": [
        2226,
        625,
        3293,
        1000
      ]
    },
    "NGA": {
      "text": "",
      "image": "chart_rows/page_057/row_001/cells/NGA.png",
      "image_tight": "chart_rows/page_057/row_001/cells/NGA_tight.png",
      "bbox_pdf": [
        474.3236999511719,
        90.0709228515625,
        585.5497436523438,
        144.0701904296875
      ],
      "bbox_px_page": [
        3293,
        625,
        4066,
        1000
      ]
    },
    "OtherNGA": {
      "text": "",
      "image": "chart_rows/page_057/row_001/cells/OtherNGA.png",
      "image_tight": "chart_rows/page_057/row_001/cells/OtherNGA_tight.png",
      "bbox_pdf": [
        585.5497436523438,
        90.0709228515625,
        669.9003596305847,
        144.0701904296875
      ],
      "bbox_px_page": [
        4066,
        625,
        4652,
        1000
      ]
    },
    "ECDIS": {
      "text": "Dangerous wreck, depth unknown Isolated danger of depth less than the safety contour",
      "image": "chart_rows/page_057/row_001/cells/ECDIS.png",
      "image_tight": "chart_rows/page_057/row_001/cells/ECDIS_tight.png",
      "bbox_pdf": [
        669.9003596305847,
        90.0709228515625,
        755.734619140625,
        144.0701904296875
      ],
      "bbox_px_page": [
        4652,
        625,
        5248,
        1000
      ]
    }
  }
}