{
  "id": "p055_r005",
  "page_number": 55,
  "row_index": 5,
  "no": "20",
  "row_text": "Wreck, hull never covers, on large scale charts, height above height datum",
  "row_image": "chart_rows/page_055/row_005/row.png",
  "cells": {
    "No": {
      "text": "20",
      "image": "chart_rows/page_055/row_005/cells/No.png",
      "image_tight": "chart_rows/page_055/row_005/cells/No_tight.png",
      "bbox_pdf": [
        54.07160186767578,
        405.0701904296875,
        82.99796140193939,
        450.0701904296875
      ],
      "bbox_px_page": [
        375,
        2812,
        576,
        3125
      ]
    },
    "INT": {
      "text": "Mast (1.2) Wk",
      "image": "chart_rows/page_055/row_005/cells/INT.png",
      "image_tight": "chart_rows/page_055/row_005/cells/INT_tight.png",
      "bbox_pdf": [
        82.99796140193939,
        405.0701904296875,
        211.40581703186035,
        450.0701904296875
      ],
      "bbox_px_page": [
        576,
        2812,
        1468,
        3125
      ]
    },
    "Description": {
      "text": "Wreck, hull never covers, on large scale charts, height above height datum",
      "image": "chart_rows/page_055/row_005/cells/Description.png",
      "image_tight": "chart_rows/page_055/row_005/cells/Description_tight.png",
      "bbox_pdf": [
        211.40581703186035,
        405.0701904296875,
        320.6000061035156,
        450.0701904296875
      ],
      "bbox_px_page": [
        1468,
        2812,
        2226,
        3125
      ]
    },
    "NOAA": {
      "text": "Hk",
      "image": "chart_rows/page_055/row_005/cells/NOAA.png",
      "image_tight": "chart_rows/page_055/row_005/cells/NOAA_tight.png",
      "bbox_pdf": [
        320.6000061035156,
        405.0701904296875,
        474.3236999511719,
        450.0701904296875
      ],
      "bbox_px_page": [
        2226,
        2812,
        3293,
        3125
      ]
    },
    "NGA": {
      "text": "Hk",
      "image": "chart_rows/page_055/row_005/cells/NGA.png",
      "image_tight": "chart_rows/page_055/row_005/cells/NGA_tight.png",
      "bbox_pdf": [
        474.3236999511719,
        405.0701904296875,
        585.5497436523438,
        450.0701904296875
      ],
      "bbox_px_page": [
        3293,
        2812,
        4066,
        3125
      ]
    },
    "OtherNGA": {
      "text": "1.2 m",
      "image": "chart_rows/page_055/row_005/cells/OtherNGA.png",
      "image_tight": "chart_rows/page_055/row_005/cells/OtherNGA_tight.png",
      "bbox_pdf": [
        585.5497436523438,
        405.0701904296875,
        669.9003596305847,
        450.0701904296875
      ],
      "bbox_px_page": [
        4066,
        2812,
        4652,
        3125
      ]
    },
    "ECDIS": {
      "text": "Wreck, always dry, with height shown",
      "image": "chart_rows/page_055/row_005/cells/ECDIS.png",
      "image_tight": "chart_rows/page_055/row_005/cells/ECDIS_tight.png",
      "bbox_pdf": [
        669.9003596305847,
        405.0701904296875,
        755.734619140625,
        450.0701904296875
      ],
      "bbox_px_page": [
        4652,
        2812,
        5248,
        3125
      ]
    }
  }
}