{
  "id": "p022_r013",
  "page_number": 22,
  "row_index": 13,
  "no": "r",
  "row_text": "Cypress",
  "row_image": "chart_rows/page_022/row_013/row.png",
  "cells": {
    "col_01": {
      "text": "r",
      "image": "chart_rows/page_022/row_013/cells/col_01.png",
      "image_tight": "chart_rows/page_022/row_013/cells/col_01_tight.png",
      "bbox_pdf": [
        36.07160186767578,
        462.1029968261719,
        65.0,
        494.94940185546875
      ],
      "bbox_px_page": [
        250,
        3209,
        451,
        3437
      ]
    },
    "col_02": {
      "text": "",
      "image": "chart_rows/page_022/row_013/cells/col_02.png",
      "image_tight": "chart_rows/page_022/row_013/cells/col_02_tight.png",
      "bbox_pdf": [
        65.0,
        462.1029968261719,
        191.80630493164062,
        494.94940185546875
      ],
      "bbox_px_page": [
        451,
        3209,
        1331,
        3437
      ]
    },
    "col_03": {
      "text": "Cypress",
      "image": "chart_rows/page_022/row_013/cells/col_03.png",
      "image_tight": "chart_rows/page_022/row_013/cells/col_03_tight.png",
      "bbox_pdf": [
        191.80630493164062,
        462.1029968261719,
        304.19958686828613,
        494.94940185546875
      ],
      "bbox_px_page": [
        1331,
        3209,
        2112,
        3437
      ]
    },
    "col_04": {
      "text": "Cypress",
      "image": "chart_rows/page_022/row_013/cells/col_04.png",
      "image_tight": "chart_rows/page_022/row_013/cells/col_04_tight.png",
      "bbox_pdf": [
        304.19958686828613,
        462.1029968261719,
        456.3236818741643,
        494.94940185546875
      ],
      "bbox_px_page": [
        2112,
        3209,
        3168,
        3437
      ]
    },
    "col_05": {
      "text": "",
      "image": "chart_rows/page_022/row_013/cells/col_05.png",
      "image_tight": "chart_rows/page_022/row_013/cells/col_05_tight.png",
      "bbox_pdf": [
        456.3236818741643,
        462.1029968261719,
        566.1237182617188,
        494.94940185546875
      ],
      "bbox_px_page": [
        3168,
        3209,
        3931,
        3437
      ]
    },
    "col_06": {
      "text": "",
      "image": "chart_rows/page_022/row_013/cells/col_06.png",
      "image_tight": "chart_rows/page_022/row_013/cells/col_06_tight.png",
      "bbox_pdf": [
        566.1237182617188,
        462.1029968261719,
        737.734619140625,
        494.94940185546875
      ],
      "bbox_px_page": [
        3931,
        3209,
        5123,
        3437
      ]
    }
  }
}