{
  "id": "p045_r006",
  "page_number": 45,
  "row_index": 6,
  "no": "14",
  "row_text": "Soundings which are unreliable or taken from a smaller scale source (NOAA shows unreliable soundings in fathoms and feet with sloping numbers and in meters with vertical numbers)",
  "row_image": "chart_rows/page_045/row_006/row.png",
  "cells": {
    "col_01": {
      "text": "14",
      "image": "chart_rows/page_045/row_006/cells/col_01.png",
      "image_tight": "chart_rows/page_045/row_006/cells/col_01_tight.png",
      "bbox_pdf": [
        54.07160186767578,
        277.0869140625,
        83.0,
        336.162145614624
      ],
      "bbox_px_page": [
        375,
        1924,
        576,
        2334
      ]
    },
    "col_02": {
      "text": "",
      "image": "chart_rows/page_045/row_006/cells/col_02.png",
      "image_tight": "chart_rows/page_045/row_006/cells/col_02_tight.png",
      "bbox_pdf": [
        83.0,
        277.0869140625,
        148.33418422937393,
        336.162145614624
      ],
      "bbox_px_page": [
        576,
        1924,
        1030,
        2334
      ]
    },
    "col_03": {
      "text": "",
      "image": "chart_rows/page_045/row_006/cells/col_03.png",
      "image_tight": "chart_rows/page_045/row_006/cells/col_03_tight.png",
      "bbox_pdf": [
        148.33418422937393,
        277.0869140625,
        209.80630493164062,
        336.162145614624
      ],
      "bbox_px_page": [
        1030,
        1924,
        1456,
        2334
      ]
    },
    "col_04": {
      "text": "Soundings which are unreliable or taken from a smaller scale source (NOAA shows unreliable soundings in fathoms and feet with sloping numbers and in meters with vertical numbers)",
      "image": "chart_rows/page_045/row_006/cells/col_04.png",
      "image_tight": "chart_rows/page_045/row_006/cells/col_04_tight.png",
      "bbox_pdf": [
        209.80630493164062,
        277.0869140625,
        320.6000061035156,
        336.162145614624
      ],
      "bbox_px_page": [
        1456,
        1924,
        2226,
        2334
      ]
    },
    "col_05": {
      "text": "",
      "image": "chart_rows/page_045/row_006/cells/col_05.png",
      "image_tight": "chart_rows/page_045/row_006/cells/col_05_tight.png",
      "bbox_pdf": [
        320.6000061035156,
        277.0869140625,
        474.3236999511719,
        336.162145614624
      ],
      "bbox_px_page": [
        2226,
        1924,
        3293,
        2334
      ]
    },
    "col_06": {
      "text": "",
      "image": "chart_rows/page_045/row_006/cells/col_06.png",
      "image_tight": "chart_rows/page_045/row_006/cells/col_06_tight.png",
      "bbox_pdf": [
        474.3236999511719,
        277.0869140625,
        585.386962890625,
        336.162145614624
      ],
      "bbox_px_page": [
        3293,
        1924,
        4065,
        2334
      ]
    },
    "col_07": {
      "text": "",
      "image": "chart_rows/page_045/row_006/cells/col_07.png",
      "image_tight": "chart_rows/page_045/row_006/cells/col_07_tight.png",
      "bbox_pdf": [
        585.386962890625,
        277.0869140625,
        669.9257489442825,
        336.162145614624
      ],
      "bbox_px_page": [
        4065,
        1924,
        4652,
        2334
      ]
    },
    "col_08": {
      "text": "Sounding of low accuracy",
      "image": "chart_rows/page_045/row_006/cells/col_08.png",
      "image_tight": "chart_rows/page_045/row_006/cells/col_08_tight.png",
      "bbox_pdf": [
        669.9257489442825,
        277.0869140625,
        755.734619140625,
        336.162145614624
      ],
      "bbox_px_page": [
        4652,
        1924,
        5248,
        2334
      ]
    }
  }
}