{
  "id": "p022_r010",
  "page_number": 22,
  "row_index": 10,
  "no": "o",
  "row_text": "Bushes",
  "row_image": "chart_rows/page_022/row_010/row.png",
  "cells": {
    "col_01": {
      "text": "o",
      "image": "chart_rows/page_022/row_010/cells/col_01.png",
      "image_tight": "chart_rows/page_022/row_010/cells/col_01_tight.png",
      "bbox_pdf": [
        36.07160186767578,
        370.7637939453125,
        65.0,
        396.41021728515625
      ],
      "bbox_px_page": [
        250,
        2574,
        451,
        2752
      ]
    },
    "col_02": {
      "text": "",
      "image": "chart_rows/page_022/row_010/cells/col_02.png",
      "image_tight": "chart_rows/page_022/row_010/cells/col_02_tight.png",
      "bbox_pdf": [
        65.0,
        370.7637939453125,
        191.80630493164062,
        396.41021728515625
      ],
      "bbox_px_page": [
        451,
        2574,
        1331,
        2752
      ]
    },
    "col_03": {
      "text": "Bushes",
      "image": "chart_rows/page_022/row_010/cells/col_03.png",
      "image_tight": "chart_rows/page_022/row_010/cells/col_03_tight.png",
      "bbox_pdf": [
        191.80630493164062,
        370.7637939453125,
        304.19958686828613,
        396.41021728515625
      ],
      "bbox_px_page": [
        1331,
        2574,
        2112,
        2752
      ]
    },
    "col_04": {
      "text": "†",
      "image": "chart_rows/page_022/row_010/cells/col_04.png",
      "image_tight": "chart_rows/page_022/row_010/cells/col_04_tight.png",
      "bbox_pdf": [
        304.19958686828613,
        370.7637939453125,
        456.3236818741643,
        396.41021728515625
      ],
      "bbox_px_page": [
        2112,
        2574,
        3168,
        2752
      ]
    },
    "col_05": {
      "text": "",
      "image": "chart_rows/page_022/row_010/cells/col_05.png",
      "image_tight": "chart_rows/page_022/row_010/cells/col_05_tight.png",
      "bbox_pdf": [
        456.3236818741643,
        370.7637939453125,
        566.1237182617188,
        396.41021728515625
      ],
      "bbox_px_page": [
        3168,
        2574,
        3931,
        2752
      ]
    },
    "col_06": {
      "text": "",
      "image": "chart_rows/page_022/row_010/cells/col_06.png",
      "image_tight": "chart_rows/page_022/row_010/cells/col_06_tight.png",
      "bbox_pdf": [
        566.1237182617188,
        370.7637939453125,
        737.734619140625,
        396.41021728515625
      ],
      "bbox_px_page": [
        3931,
        2574,
        5123,
        2752
      ]
    }
  }
}