{
  "id": "p021_r002",
  "page_number": 21,
  "row_index": 2,
  "no": "31.1",
  "row_text": "Unspecified tree",
  "row_image": "chart_rows/page_021/row_002/row.png",
  "cells": {
    "No": {
      "text": "31.1",
      "image": "chart_rows/page_021/row_002/cells/No.png",
      "image_tight": "chart_rows/page_021/row_002/cells/No_tight.png",
      "bbox_pdf": [
        54.07160186767578,
        110.11111450195312,
        82.99796140193939,
        130.81271362304688
      ],
      "bbox_px_page": [
        375,
        764,
        576,
        908
      ]
    },
    "INT": {
      "text": "",
      "image": "chart_rows/page_021/row_002/cells/INT.png",
      "image_tight": "chart_rows/page_021/row_002/cells/INT_tight.png",
      "bbox_pdf": [
        82.99796140193939,
        110.11111450195312,
        211.40581703186035,
        130.81271362304688
      ],
      "bbox_px_page": [
        576,
        764,
        1468,
        908
      ]
    },
    "Description": {
      "text": "Unspecified tree",
      "image": "chart_rows/page_021/row_002/cells/Description.png",
      "image_tight": "chart_rows/page_021/row_002/cells/Description_tight.png",
      "bbox_pdf": [
        211.40581703186035,
        110.11111450195312,
        320.6000061035156,
        130.81271362304688
      ],
      "bbox_px_page": [
        1468,
        764,
        2226,
        908
      ]
    },
    "NOAA": {
      "text": "",
      "image": "chart_rows/page_021/row_002/cells/NOAA.png",
      "image_tight": "chart_rows/page_021/row_002/cells/NOAA_tight.png",
      "bbox_pdf": [
        320.6000061035156,
        110.11111450195312,
        474.3236999511719,
        130.81271362304688
      ],
      "bbox_px_page": [
        2226,
        764,
        3293,
        908
      ]
    },
    "NGA": {
      "text": "",
      "image": "chart_rows/page_021/row_002/cells/NGA.png",
      "image_tight": "chart_rows/page_021/row_002/cells/NGA_tight.png",
      "bbox_pdf": [
        474.3236999511719,
        110.11111450195312,
        585.5497436523438,
        130.81271362304688
      ],
      "bbox_px_page": [
        3293,
        764,
        4066,
        908
      ]
    },
    "OtherNGA": {
      "text": "",
      "image": "chart_rows/page_021/row_002/cells/OtherNGA.png",
      "image_tight": "chart_rows/page_021/row_002/cells/OtherNGA_tight.png",
      "bbox_pdf": [
        585.5497436523438,
        110.11111450195312,
        669.9003596305847,
        130.81271362304688
      ],
      "bbox_px_page": [
        4066,
        764,
        4652,
        908
      ]
    },
    "ECDIS": {
      "text": "Tree",
      "image": "chart_rows/page_021/row_002/cells/ECDIS.png",
      "image_tight": "chart_rows/page_021/row_002/cells/ECDIS_tight.png",
      "bbox_pdf": [
        669.9003596305847,
        110.11111450195312,
        755.734619140625,
        130.81271362304688
      ],
      "bbox_px_page": [
        4652,
        764,
        5248,
        908
      ]
    }
  }
}