{
  "id": "p036_r001",
  "page_number": 36,
  "row_index": 1,
  "no": "28",
  "row_text": "Dock Dock, under construc- tion or ruined",
  "row_image": "chart_rows/page_036/row_001/row.png",
  "cells": {
    "col_01": {
      "text": "28",
      "image": "chart_rows/page_036/row_001/cells/col_01.png",
      "image_tight": "chart_rows/page_036/row_001/cells/col_01_tight.png",
      "bbox_pdf": [
        36.07160186767578,
        91.67215204238892,
        66.83821793145034,
        162.96043154597282
      ],
      "bbox_px_page": [
        250,
        636,
        464,
        1131
      ]
    },
    "col_02": {
      "text": "",
      "image": "chart_rows/page_036/row_001/cells/col_02.png",
      "image_tight": "chart_rows/page_036/row_001/cells/col_02_tight.png",
      "bbox_pdf": [
        66.83821793145034,
        91.67215204238892,
        128.35996961593628,
        162.96043154597282
      ],
      "bbox_px_page": [
        464,
        636,
        891,
        1131
      ]
    },
    "col_03": {
      "text": "",
      "image": "chart_rows/page_036/row_001/cells/col_03.png",
      "image_tight": "chart_rows/page_036/row_001/cells/col_03_tight.png",
      "bbox_pdf": [
        128.35996961593628,
        91.67215204238892,
        192.74342723796144,
        162.96043154597282
      ],
      "bbox_px_page": [
        891,
        636,
        1338,
        1131
      ]
    },
    "col_04": {
      "text": "Tidal basin, Tidal harbor",
      "image": "chart_rows/page_036/row_001/cells/col_04.png",
      "image_tight": "chart_rows/page_036/row_001/cells/col_04_tight.png",
      "bbox_pdf": [
        192.74342723796144,
        91.67215204238892,
        302.6000061035156,
        162.96043154597282
      ],
      "bbox_px_page": [
        1338,
        636,
        2101,
        1131
      ]
    },
    "col_05": {
      "text": "",
      "image": "chart_rows/page_036/row_001/cells/col_05.png",
      "image_tight": "chart_rows/page_036/row_001/cells/col_05_tight.png",
      "bbox_pdf": [
        302.6000061035156,
        91.67215204238892,
        456.3236999511719,
        162.96043154597282
      ],
      "bbox_px_page": [
        2101,
        636,
        3168,
        1131
      ]
    },
    "col_06": {
      "text": "",
      "image": "chart_rows/page_036/row_001/cells/col_06.png",
      "image_tight": "chart_rows/page_036/row_001/cells/col_06_tight.png",
      "bbox_pdf": [
        456.3236999511719,
        91.67215204238892,
        567.5356597900391,
        162.96043154597282
      ],
      "bbox_px_page": [
        3168,
        636,
        3941,
        1131
      ]
    },
    "col_07": {
      "text": "",
      "image": "chart_rows/page_036/row_001/cells/col_07.png",
      "image_tight": "chart_rows/page_036/row_001/cells/col_07_tight.png",
      "bbox_pdf": [
        567.5356597900391,
        91.67215204238892,
        651.9163010418415,
        162.96043154597282
      ],
      "bbox_px_page": [
        3941,
        636,
        4527,
        1131
      ]
    },
    "col_08": {
      "text": "Dock Dock, under construc- tion or ruined",
      "image": "chart_rows/page_036/row_001/cells/col_08.png",
      "image_tight": "chart_rows/page_036/row_001/cells/col_08_tight.png",
      "bbox_pdf": [
        651.9163010418415,
        91.67215204238892,
        737.734619140625,
        162.96043154597282
      ],
      "bbox_px_page": [
        4527,
        636,
        5123,
        1131
      ]
    }
  }
}