{
  "id": "p048_r003",
  "page_number": 48,
  "row_index": 3,
  "no": "Supp",
  "row_text": "plementary National Symbols",
  "row_image": "chart_rows/page_048/row_003/row.png",
  "cells": {
    "col_01": {
      "text": "Supp",
      "image": "chart_rows/page_048/row_003/cells/col_01.png",
      "image_tight": "chart_rows/page_048/row_003/cells/col_01_tight.png",
      "bbox_pdf": [
        36.07160186767578,
        458.25811767578125,
        65.0,
        476.25811767578125
      ],
      "bbox_px_page": [
        250,
        3182,
        451,
        3307
      ]
    },
    "col_02": {
      "text": "plementary National Symbols",
      "image": "chart_rows/page_048/row_003/cells/col_02.png",
      "image_tight": "chart_rows/page_048/row_003/cells/col_02_tight.png",
      "bbox_pdf": [
        65.0,
        458.25811767578125,
        191.80630493164062,
        476.25811767578125
      ],
      "bbox_px_page": [
        451,
        3182,
        1331,
        3307
      ]
    },
    "col_03": {
      "text": "",
      "image": "chart_rows/page_048/row_003/cells/col_03.png",
      "image_tight": "chart_rows/page_048/row_003/cells/col_03_tight.png",
      "bbox_pdf": [
        191.80630493164062,
        458.25811767578125,
        302.6000061035156,
        476.25811767578125
      ],
      "bbox_px_page": [
        1331,
        3182,
        2101,
        3307
      ]
    },
    "col_04": {
      "text": "",
      "image": "chart_rows/page_048/row_003/cells/col_04.png",
      "image_tight": "chart_rows/page_048/row_003/cells/col_04_tight.png",
      "bbox_pdf": [
        302.6000061035156,
        458.25811767578125,
        566.1237182617188,
        476.25811767578125
      ],
      "bbox_px_page": [
        2101,
        3182,
        3931,
        3307
      ]
    },
    "col_05": {
      "text": "",
      "image": "chart_rows/page_048/row_003/cells/col_05.png",
      "image_tight": "chart_rows/page_048/row_003/cells/col_05_tight.png",
      "bbox_pdf": [
        566.1237182617188,
        458.25811767578125,
        737.734619140625,
        476.25811767578125
      ],
      "bbox_px_page": [
        3931,
        3182,
        5123,
        3307
      ]
    }
  }
}