{
  "id": "p023_r003",
  "page_number": 23,
  "row_index": 3,
  "no": "2",
  "row_text": "Settlement with scattered buildings",
  "row_image": "chart_rows/page_023/row_003/row.png",
  "cells": {
    "col_01": {
      "text": "2",
      "image": "chart_rows/page_023/row_003/cells/col_01.png",
      "image_tight": "chart_rows/page_023/row_003/cells/col_01_tight.png",
      "bbox_pdf": [
        54.07160186767578,
        182.67660522460938,
        83.0,
        227.1748046875
      ],
      "bbox_px_page": [
        375,
        1268,
        576,
        1577
      ]
    },
    "col_02": {
      "text": "",
      "image": "chart_rows/page_023/row_003/cells/col_02.png",
      "image_tight": "chart_rows/page_023/row_003/cells/col_02_tight.png",
      "bbox_pdf": [
        83.0,
        182.67660522460938,
        148.33418422937393,
        227.1748046875
      ],
      "bbox_px_page": [
        576,
        1268,
        1030,
        1577
      ]
    },
    "col_03": {
      "text": "",
      "image": "chart_rows/page_023/row_003/cells/col_03.png",
      "image_tight": "chart_rows/page_023/row_003/cells/col_03_tight.png",
      "bbox_pdf": [
        148.33418422937393,
        182.67660522460938,
        209.80630493164062,
        227.1748046875
      ],
      "bbox_px_page": [
        1030,
        1268,
        1456,
        1577
      ]
    },
    "col_04": {
      "text": "Settlement with scattered buildings",
      "image": "chart_rows/page_023/row_003/cells/col_04.png",
      "image_tight": "chart_rows/page_023/row_003/cells/col_04_tight.png",
      "bbox_pdf": [
        209.80630493164062,
        182.67660522460938,
        320.6000061035156,
        227.1748046875
      ],
      "bbox_px_page": [
        1456,
        1268,
        2226,
        1577
      ]
    },
    "col_05": {
      "text": "",
      "image": "chart_rows/page_023/row_003/cells/col_05.png",
      "image_tight": "chart_rows/page_023/row_003/cells/col_05_tight.png",
      "bbox_pdf": [
        320.6000061035156,
        182.67660522460938,
        474.3236999511719,
        227.1748046875
      ],
      "bbox_px_page": [
        2226,
        1268,
        3293,
        1577
      ]
    },
    "col_06": {
      "text": "",
      "image": "chart_rows/page_023/row_003/cells/col_06.png",
      "image_tight": "chart_rows/page_023/row_003/cells/col_06_tight.png",
      "bbox_pdf": [
        474.3236999511719,
        182.67660522460938,
        585.386962890625,
        227.1748046875
      ],
      "bbox_px_page": [
        3293,
        1268,
        4065,
        1577
      ]
    },
    "col_07": {
      "text": "",
      "image": "chart_rows/page_023/row_003/cells/col_07.png",
      "image_tight": "chart_rows/page_023/row_003/cells/col_07_tight.png",
      "bbox_pdf": [
        585.386962890625,
        182.67660522460938,
        669.9257489442825,
        227.1748046875
      ],
      "bbox_px_page": [
        4065,
        1268,
        4652,
        1577
      ]
    },
    "col_08": {
      "text": "",
      "image": "chart_rows/page_023/row_003/cells/col_08.png",
      "image_tight": "chart_rows/page_023/row_003/cells/col_08_tight.png",
      "bbox_pdf": [
        669.9257489442825,
        182.67660522460938,
        755.734619140625,
        227.1748046875
      ],
      "bbox_px_page": [
        4652,
        1268,
        5248,
        1577
      ]
    }
  }
}