{
  "id": "p041_r006",
  "page_number": 41,
  "row_index": 6,
  "no": "Tide",
  "row_text": "e Tables",
  "row_image": "chart_rows/page_041/row_006/row.png",
  "cells": {
    "col_01": {
      "text": "Tide",
      "image": "chart_rows/page_041/row_006/cells/col_01.png",
      "image_tight": "chart_rows/page_041/row_006/cells/col_01_tight.png",
      "bbox_pdf": [
        54.070899963378906,
        388.4464111328125,
        82.08000183105469,
        406.4464111328125
      ],
      "bbox_px_page": [
        375,
        2697,
        570,
        2822
      ]
    },
    "col_02": {
      "text": "e Tables",
      "image": "chart_rows/page_041/row_006/cells/col_02.png",
      "image_tight": "chart_rows/page_041/row_006/cells/col_02_tight.png",
      "bbox_pdf": [
        82.08000183105469,
        388.4464111328125,
        755.9290771484375,
        406.4464111328125
      ],
      "bbox_px_page": [
        570,
        2697,
        5249,
        2822
      ]
    }
  }
}