{
  "id": "p037_r005",
  "page_number": 37,
  "row_index": 5,
  "no": "42",
  "row_text": "Non-navigable lock gate Caisson as a line Caisson as an area",
  "row_image": "chart_rows/page_037/row_005/row.png",
  "cells": {
    "col_01": {
      "text": "42",
      "image": "chart_rows/page_037/row_005/cells/col_01.png",
      "image_tight": "chart_rows/page_037/row_005/cells/col_01_tight.png",
      "bbox_pdf": [
        54.07160186767578,
        295.4285888671875,
        83.0,
        392.99485778808594
      ],
      "bbox_px_page": [
        375,
        2051,
        576,
        2729
      ]
    },
    "col_02": {
      "text": "",
      "image": "chart_rows/page_037/row_005/cells/col_02.png",
      "image_tight": "chart_rows/page_037/row_005/cells/col_02_tight.png",
      "bbox_pdf": [
        83.0,
        295.4285888671875,
        148.33418422937393,
        392.99485778808594
      ],
      "bbox_px_page": [
        576,
        2051,
        1030,
        2729
      ]
    },
    "col_03": {
      "text": "",
      "image": "chart_rows/page_037/row_005/cells/col_03.png",
      "image_tight": "chart_rows/page_037/row_005/cells/col_03_tight.png",
      "bbox_pdf": [
        148.33418422937393,
        295.4285888671875,
        209.80630493164062,
        392.99485778808594
      ],
      "bbox_px_page": [
        1030,
        2051,
        1456,
        2729
      ]
    },
    "col_04": {
      "text": "Gate, Caisson",
      "image": "chart_rows/page_037/row_005/cells/col_04.png",
      "image_tight": "chart_rows/page_037/row_005/cells/col_04_tight.png",
      "bbox_pdf": [
        209.80630493164062,
        295.4285888671875,
        320.6000061035156,
        392.99485778808594
      ],
      "bbox_px_page": [
        1456,
        2051,
        2226,
        2729
      ]
    },
    "col_05": {
      "text": "",
      "image": "chart_rows/page_037/row_005/cells/col_05.png",
      "image_tight": "chart_rows/page_037/row_005/cells/col_05_tight.png",
      "bbox_pdf": [
        320.6000061035156,
        295.4285888671875,
        474.3236999511719,
        392.99485778808594
      ],
      "bbox_px_page": [
        2226,
        2051,
        3293,
        2729
      ]
    },
    "col_06": {
      "text": "",
      "image": "chart_rows/page_037/row_005/cells/col_06.png",
      "image_tight": "chart_rows/page_037/row_005/cells/col_06_tight.png",
      "bbox_pdf": [
        474.3236999511719,
        295.4285888671875,
        585.386962890625,
        392.99485778808594
      ],
      "bbox_px_page": [
        3293,
        2051,
        4065,
        2729
      ]
    },
    "col_07": {
      "text": "",
      "image": "chart_rows/page_037/row_005/cells/col_07.png",
      "image_tight": "chart_rows/page_037/row_005/cells/col_07_tight.png",
      "bbox_pdf": [
        585.386962890625,
        295.4285888671875,
        669.9257489442825,
        392.99485778808594
      ],
      "bbox_px_page": [
        4065,
        2051,
        4652,
        2729
      ]
    },
    "col_08": {
      "text": "Non-navigable lock gate Caisson as a line Caisson as an area",
      "image": "chart_rows/page_037/row_005/cells/col_08.png",
      "image_tight": "chart_rows/page_037/row_005/cells/col_08_tight.png",
      "bbox_pdf": [
        669.9257489442825,
        295.4285888671875,
        755.734619140625,
        392.99485778808594
      ],
      "bbox_px_page": [
        4652,
        2051,
        5248,
        2729
      ]
    }
  }
}