{
  "id": "p054_r006",
  "page_number": 54,
  "row_index": 6,
  "no": "15",
  "row_text": "Underwater hazard with a depth of 20 meters or less Underwater hazard with depth greater than 20 meters",
  "row_image": "chart_rows/page_054/row_006/row.png",
  "cells": {
    "No": {
      "text": "15",
      "image": "chart_rows/page_054/row_006/cells/No.png",
      "image_tight": "chart_rows/page_054/row_006/cells/No_tight.png",
      "bbox_pdf": [
        36.07160186767578,
        386.74146166443825,
        64.99938281575669,
        449.7451171875
      ],
      "bbox_px_page": [
        250,
        2685,
        451,
        3123
      ]
    },
    "INT": {
      "text": "35 R",
      "image": "chart_rows/page_054/row_006/cells/INT.png",
      "image_tight": "chart_rows/page_054/row_006/cells/INT_tight.png",
      "bbox_pdf": [
        64.99938281575669,
        386.74146166443825,
        193.06974206492305,
        449.7451171875
      ],
      "bbox_px_page": [
        451,
        2685,
        1340,
        3123
      ]
    },
    "Description": {
      "text": "Underwater rock of known depth, not dangerous to surface navigation",
      "image": "chart_rows/page_054/row_006/cells/Description.png",
      "image_tight": "chart_rows/page_054/row_006/cells/Description_tight.png",
      "bbox_pdf": [
        193.06974206492305,
        386.74146166443825,
        304.3567180633545,
        449.7451171875
      ],
      "bbox_px_page": [
        1340,
        2685,
        2113,
        3123
      ]
    },
    "NOAA": {
      "text": "35Rk",
      "image": "chart_rows/page_054/row_006/cells/NOAA.png",
      "image_tight": "chart_rows/page_054/row_006/cells/NOAA_tight.png",
      "bbox_pdf": [
        304.3567180633545,
        386.74146166443825,
        456.3229369148612,
        449.7451171875
      ],
      "bbox_px_page": [
        2113,
        2685,
        3168,
        3123
      ]
    },
    "NGA": {
      "text": "35 +(35) R.",
      "image": "chart_rows/page_054/row_006/cells/NGA.png",
      "image_tight": "chart_rows/page_054/row_006/cells/NGA_tight.png",
      "bbox_pdf": [
        456.3229369148612,
        386.74146166443825,
        567.7757158279419,
        449.7451171875
      ],
      "bbox_px_page": [
        3168,
        2685,
        3942,
        3123
      ]
    },
    "OtherNGA": {
      "text": "",
      "image": "chart_rows/page_054/row_006/cells/OtherNGA.png",
      "image_tight": "chart_rows/page_054/row_006/cells/OtherNGA_tight.png",
      "bbox_pdf": [
        567.7757158279419,
        386.74146166443825,
        651.92743146047,
        449.7451171875
      ],
      "bbox_px_page": [
        3942,
        2685,
        4527,
        3123
      ]
    },
    "ECDIS": {
      "text": "Underwater hazard with a depth of 20 meters or less Underwater hazard with depth greater than 20 meters",
      "image": "chart_rows/page_054/row_006/cells/ECDIS.png",
      "image_tight": "chart_rows/page_054/row_006/cells/ECDIS_tight.png",
      "bbox_pdf": [
        651.92743146047,
        386.74146166443825,
        737.734619140625,
        449.7451171875
      ],
      "bbox_px_page": [
        4527,
        2685,
        5123,
        3123
      ]
    }
  }
}