{
  "id": "p045_r002",
  "page_number": 45,
  "row_index": 2,
  "no": "10",
  "row_text": "Sounding in true position (NOAA shows fathoms and feet with vertical numbers and meters with sloping numbers)",
  "row_image": "chart_rows/page_045/row_002/row.png",
  "cells": {
    "col_01": {
      "text": "10",
      "image": "chart_rows/page_045/row_002/cells/col_01.png",
      "image_tight": "chart_rows/page_045/row_002/cells/col_01_tight.png",
      "bbox_pdf": [
        54.07160186767578,
        126.106201171875,
        83.0,
        176.5150146484375
      ],
      "bbox_px_page": [
        375,
        875,
        576,
        1225
      ]
    },
    "col_02": {
      "text": "12",
      "image": "chart_rows/page_045/row_002/cells/col_02.png",
      "image_tight": "chart_rows/page_045/row_002/cells/col_02_tight.png",
      "bbox_pdf": [
        83.0,
        126.106201171875,
        148.33418422937393,
        176.5150146484375
      ],
      "bbox_px_page": [
        576,
        875,
        1030,
        1225
      ]
    },
    "col_03": {
      "text": "97",
      "image": "chart_rows/page_045/row_002/cells/col_03.png",
      "image_tight": "chart_rows/page_045/row_002/cells/col_03_tight.png",
      "bbox_pdf": [
        148.33418422937393,
        126.106201171875,
        209.80630493164062,
        176.5150146484375
      ],
      "bbox_px_page": [
        1030,
        875,
        1456,
        1225
      ]
    },
    "col_04": {
      "text": "Sounding in true position (NOAA shows fathoms and feet with vertical numbers and meters with sloping numbers)",
      "image": "chart_rows/page_045/row_002/cells/col_04.png",
      "image_tight": "chart_rows/page_045/row_002/cells/col_04_tight.png",
      "bbox_pdf": [
        209.80630493164062,
        126.106201171875,
        320.6000061035156,
        176.5150146484375
      ],
      "bbox_px_page": [
        1456,
        875,
        2226,
        1225
      ]
    },
    "col_05": {
      "text": "12 32 22 1",
      "image": "chart_rows/page_045/row_002/cells/col_05.png",
      "image_tight": "chart_rows/page_045/row_002/cells/col_05_tight.png",
      "bbox_pdf": [
        320.6000061035156,
        126.106201171875,
        474.3236999511719,
        176.5150146484375
      ],
      "bbox_px_page": [
        2226,
        875,
        3293,
        1225
      ]
    },
    "col_06": {
      "text": "",
      "image": "chart_rows/page_045/row_002/cells/col_06.png",
      "image_tight": "chart_rows/page_045/row_002/cells/col_06_tight.png",
      "bbox_pdf": [
        474.3236999511719,
        126.106201171875,
        585.386962890625,
        176.5150146484375
      ],
      "bbox_px_page": [
        3293,
        875,
        4065,
        1225
      ]
    },
    "col_07": {
      "text": "",
      "image": "chart_rows/page_045/row_002/cells/col_07.png",
      "image_tight": "chart_rows/page_045/row_002/cells/col_07_tight.png",
      "bbox_pdf": [
        585.386962890625,
        126.106201171875,
        669.9257489442825,
        176.5150146484375
      ],
      "bbox_px_page": [
        4065,
        875,
        4652,
        1225
      ]
    },
    "col_08": {
      "text": "Sounding shoaler than or equal to safety depth Sounding deeper than safety depth",
      "image": "chart_rows/page_045/row_002/cells/col_08.png",
      "image_tight": "chart_rows/page_045/row_002/cells/col_08_tight.png",
      "bbox_pdf": [
        669.9257489442825,
        126.106201171875,
        755.734619140625,
        176.5150146484375
      ],
      "bbox_px_page": [
        4652,
        875,
        5248,
        1225
      ]
    }
  }
}