{
  "id": "p058_r002",
  "page_number": 58,
  "row_index": 2,
  "no": "42",
  "row_text": "Less than or equal to safety depth Greater than safety depth pth measurement is cursor pick Underwater hazard with depth of 20 meters or less Underwater hazard with depth greater than 20 meters Isolated danger of depth less than the safety contour",
  "row_image": "chart_rows/page_058/row_002/row.png",
  "cells": {
    "col_01": {
      "text": "42",
      "image": "chart_rows/page_058/row_002/cells/col_01.png",
      "image_tight": "chart_rows/page_058/row_002/cells/col_01_tight.png",
      "bbox_pdf": [
        36.07160186767578,
        184.5701904296875,
        66.97056174278259,
        382.5701904296875
      ],
      "bbox_px_page": [
        250,
        1281,
        465,
        2656
      ]
    },
    "col_02": {
      "text": "",
      "image": "chart_rows/page_058/row_002/cells/col_02.png",
      "image_tight": "chart_rows/page_058/row_002/cells/col_02_tight.png",
      "bbox_pdf": [
        66.97056174278259,
        184.5701904296875,
        191.8062746396463,
        382.5701904296875
      ],
      "bbox_px_page": [
        465,
        1281,
        1331,
        2656
      ]
    },
    "col_03": {
      "text": "Obstruction, depth swept by wire drag or confirmed by diver",
      "image": "chart_rows/page_058/row_002/cells/col_03.png",
      "image_tight": "chart_rows/page_058/row_002/cells/col_03_tight.png",
      "bbox_pdf": [
        191.8062746396463,
        184.5701904296875,
        302.6000061035156,
        382.5701904296875
      ],
      "bbox_px_page": [
        1331,
        1281,
        2101,
        2656
      ]
    },
    "col_04": {
      "text": "",
      "image": "chart_rows/page_058/row_002/cells/col_04.png",
      "image_tight": "chart_rows/page_058/row_002/cells/col_04_tight.png",
      "bbox_pdf": [
        302.6000061035156,
        184.5701904296875,
        381.01983642578125,
        382.5701904296875
      ],
      "bbox_px_page": [
        2101,
        1281,
        2645,
        2656
      ]
    },
    "col_05": {
      "text": "",
      "image": "chart_rows/page_058/row_002/cells/col_05.png",
      "image_tight": "chart_rows/page_058/row_002/cells/col_05_tight.png",
      "bbox_pdf": [
        381.01983642578125,
        184.5701904296875,
        456.3236999511719,
        382.5701904296875
      ],
      "bbox_px_page": [
        2645,
        1281,
        3168,
        2656
      ]
    },
    "col_06": {
      "text": "",
      "image": "chart_rows/page_058/row_002/cells/col_06.png",
      "image_tight": "chart_rows/page_058/row_002/cells/col_06_tight.png",
      "bbox_pdf": [
        456.3236999511719,
        184.5701904296875,
        566.1237182617188,
        382.5701904296875
      ],
      "bbox_px_page": [
        3168,
        1281,
        3931,
        2656
      ]
    },
    "col_07": {
      "text": "swept depth Method of de obtained by c known by diver or other means",
      "image": "chart_rows/page_058/row_002/cells/col_07.png",
      "image_tight": "chart_rows/page_058/row_002/cells/col_07_tight.png",
      "bbox_pdf": [
        566.1237182617188,
        184.5701904296875,
        651.9290771484375,
        382.5701904296875
      ],
      "bbox_px_page": [
        3931,
        1281,
        4527,
        2656
      ]
    },
    "col_08": {
      "text": "Less than or equal to safety depth Greater than safety depth pth measurement is cursor pick Underwater hazard with depth of 20 meters or less Underwater hazard with depth greater than 20 meters Isolated danger of depth less than the safety contour",
      "image": "chart_rows/page_058/row_002/cells/col_08.png",
      "image_tight": "chart_rows/page_058/row_002/cells/col_08_tight.png",
      "bbox_pdf": [
        651.9290771484375,
        184.5701904296875,
        737.734619140625,
        382.5701904296875
      ],
      "bbox_px_page": [
        4527,
        1281,
        5123,
        2656
      ]
    }
  }
}