{
  "id": "p049_r009",
  "page_number": 49,
  "row_index": 9,
  "no": "8",
  "row_text": "Cobbles",
  "row_image": "chart_rows/page_049/row_009/row.png",
  "cells": {
    "No": {
      "text": "8",
      "image": "chart_rows/page_049/row_009/cells/No.png",
      "image_tight": "chart_rows/page_049/row_009/cells/No_tight.png",
      "bbox_pdf": [
        54.07160186767578,
        263.0768127441406,
        82.99796140193939,
        282.6492004394531
      ],
      "bbox_px_page": [
        375,
        1826,
        576,
        1962
      ]
    },
    "INT": {
      "text": "Cb",
      "image": "chart_rows/page_049/row_009/cells/INT.png",
      "image_tight": "chart_rows/page_049/row_009/cells/INT_tight.png",
      "bbox_pdf": [
        82.99796140193939,
        263.0768127441406,
        211.40581703186035,
        282.6492004394531
      ],
      "bbox_px_page": [
        576,
        1826,
        1468,
        1962
      ]
    },
    "Description": {
      "text": "Cobbles",
      "image": "chart_rows/page_049/row_009/cells/Description.png",
      "image_tight": "chart_rows/page_049/row_009/cells/Description_tight.png",
      "bbox_pdf": [
        211.40581703186035,
        263.0768127441406,
        320.6000061035156,
        282.6492004394531
      ],
      "bbox_px_page": [
        1468,
        1826,
        2226,
        1962
      ]
    },
    "NOAA": {
      "text": "",
      "image": "chart_rows/page_049/row_009/cells/NOAA.png",
      "image_tight": "chart_rows/page_049/row_009/cells/NOAA_tight.png",
      "bbox_pdf": [
        320.6000061035156,
        263.0768127441406,
        474.3236999511719,
        282.6492004394531
      ],
      "bbox_px_page": [
        2226,
        1826,
        3293,
        1962
      ]
    },
    "NGA": {
      "text": "",
      "image": "chart_rows/page_049/row_009/cells/NGA.png",
      "image_tight": "chart_rows/page_049/row_009/cells/NGA_tight.png",
      "bbox_pdf": [
        474.3236999511719,
        263.0768127441406,
        585.5497436523438,
        282.6492004394531
      ],
      "bbox_px_page": [
        3293,
        1826,
        4066,
        1962
      ]
    },
    "OtherNGA": {
      "text": "Cb",
      "image": "chart_rows/page_049/row_009/cells/OtherNGA.png",
      "image_tight": "chart_rows/page_049/row_009/cells/OtherNGA_tight.png",
      "bbox_pdf": [
        585.5497436523438,
        263.0768127441406,
        669.9003596305847,
        282.6492004394531
      ],
      "bbox_px_page": [
        4066,
        1826,
        4652,
        1962
      ]
    },
    "ECDIS": {
      "text": "Cobbles",
      "image": "chart_rows/page_049/row_009/cells/ECDIS.png",
      "image_tight": "chart_rows/page_049/row_009/cells/ECDIS_tight.png",
      "bbox_pdf": [
        669.9003596305847,
        263.0768127441406,
        755.734619140625,
        282.6492004394531
      ],
      "bbox_px_page": [
        4652,
        1826,
        5248,
        1962
      ]
    }
  }
}