{
  "id": "p062_r006",
  "page_number": 62,
  "row_index": 6,
  "no": "20",
  "row_text": "Underwater hazard with depth of 20 meters or less Underwater hazard with depth greater than 20 meters solated danger of depth ess than the safety contour",
  "row_image": "chart_rows/page_062/row_006/row.png",
  "cells": {
    "col_01": {
      "text": "20",
      "image": "chart_rows/page_062/row_006/cells/col_01.png",
      "image_tight": "chart_rows/page_062/row_006/cells/col_01_tight.png",
      "bbox_pdf": [
        36.07160186767578,
        277.0541076660156,
        66.97056174278259,
        365.1002197265625
      ],
      "bbox_px_page": [
        250,
        1923,
        465,
        2535
      ]
    },
    "col_02": {
      "text": "",
      "image": "chart_rows/page_062/row_006/cells/col_02.png",
      "image_tight": "chart_rows/page_062/row_006/cells/col_02_tight.png",
      "bbox_pdf": [
        66.97056174278259,
        277.0541076660156,
        191.8062746396463,
        365.1002197265625
      ],
      "bbox_px_page": [
        465,
        1923,
        1331,
        2535
      ]
    },
    "col_03": {
      "text": "Submerged production well",
      "image": "chart_rows/page_062/row_006/cells/col_03.png",
      "image_tight": "chart_rows/page_062/row_006/cells/col_03_tight.png",
      "bbox_pdf": [
        191.8062746396463,
        277.0541076660156,
        302.6000061035156,
        365.1002197265625
      ],
      "bbox_px_page": [
        1331,
        1923,
        2101,
        2535
      ]
    },
    "col_04": {
      "text": "Well (cov 21ft) Well (cov 83ft)",
      "image": "chart_rows/page_062/row_006/cells/col_04.png",
      "image_tight": "chart_rows/page_062/row_006/cells/col_04_tight.png",
      "bbox_pdf": [
        302.6000061035156,
        277.0541076660156,
        381.01983642578125,
        365.1002197265625
      ],
      "bbox_px_page": [
        2101,
        1923,
        2645,
        2535
      ]
    },
    "col_05": {
      "text": "Well",
      "image": "chart_rows/page_062/row_006/cells/col_05.png",
      "image_tight": "chart_rows/page_062/row_006/cells/col_05_tight.png",
      "bbox_pdf": [
        381.01983642578125,
        277.0541076660156,
        456.3236999511719,
        365.1002197265625
      ],
      "bbox_px_page": [
        2645,
        1923,
        3168,
        2535
      ]
    },
    "col_06": {
      "text": "Prod Well Prod Well 15",
      "image": "chart_rows/page_062/row_006/cells/col_06.png",
      "image_tight": "chart_rows/page_062/row_006/cells/col_06_tight.png",
      "bbox_pdf": [
        456.3236999511719,
        277.0541076660156,
        566.1237182617188,
        365.1002197265625
      ],
      "bbox_px_page": [
        3168,
        1923,
        3931,
        2535
      ]
    },
    "col_07": {
      "text": "U d U d m I l",
      "image": "chart_rows/page_062/row_006/cells/col_07.png",
      "image_tight": "chart_rows/page_062/row_006/cells/col_07_tight.png",
      "bbox_pdf": [
        566.1237182617188,
        277.0541076660156,
        651.9290771484375,
        365.1002197265625
      ],
      "bbox_px_page": [
        3931,
        1923,
        4527,
        2535
      ]
    },
    "col_08": {
      "text": "Underwater hazard with depth of 20 meters or less Underwater hazard with depth greater than 20 meters solated danger of depth ess than the safety contour",
      "image": "chart_rows/page_062/row_006/cells/col_08.png",
      "image_tight": "chart_rows/page_062/row_006/cells/col_08_tight.png",
      "bbox_pdf": [
        651.9290771484375,
        277.0541076660156,
        737.734619140625,
        365.1002197265625
      ],
      "bbox_px_page": [
        4527,
        1923,
        5123,
        2535
      ]
    }
  }
}