{
  "id": "p032_r008",
  "page_number": 32,
  "row_index": 8,
  "no": "l",
  "row_text": "Magazine",
  "row_image": "chart_rows/page_032/row_008/row.png",
  "cells": {
    "No": {
      "text": "l",
      "image": "chart_rows/page_032/row_008/cells/No.png",
      "image_tight": "chart_rows/page_032/row_008/cells/No_tight.png",
      "bbox_pdf": [
        36.07160186767578,
        244.75930786132812,
        64.99938281575669,
        263.2056884765625
      ],
      "bbox_px_page": [
        250,
        1699,
        451,
        1827
      ]
    },
    "INT": {
      "text": "",
      "image": "chart_rows/page_032/row_008/cells/INT.png",
      "image_tight": "chart_rows/page_032/row_008/cells/INT_tight.png",
      "bbox_pdf": [
        64.99938281575669,
        244.75930786132812,
        193.06974206492305,
        263.2056884765625
      ],
      "bbox_px_page": [
        451,
        1699,
        1340,
        1827
      ]
    },
    "Description": {
      "text": "Magazine",
      "image": "chart_rows/page_032/row_008/cells/Description.png",
      "image_tight": "chart_rows/page_032/row_008/cells/Description_tight.png",
      "bbox_pdf": [
        193.06974206492305,
        244.75930786132812,
        304.3567180633545,
        263.2056884765625
      ],
      "bbox_px_page": [
        1340,
        1699,
        2113,
        1827
      ]
    },
    "NOAA": {
      "text": "Magz",
      "image": "chart_rows/page_032/row_008/cells/NOAA.png",
      "image_tight": "chart_rows/page_032/row_008/cells/NOAA_tight.png",
      "bbox_pdf": [
        304.3567180633545,
        244.75930786132812,
        456.3229369148612,
        263.2056884765625
      ],
      "bbox_px_page": [
        2113,
        1699,
        3168,
        1827
      ]
    },
    "NGA": {
      "text": "",
      "image": "chart_rows/page_032/row_008/cells/NGA.png",
      "image_tight": "chart_rows/page_032/row_008/cells/NGA_tight.png",
      "bbox_pdf": [
        456.3229369148612,
        244.75930786132812,
        567.7757158279419,
        263.2056884765625
      ],
      "bbox_px_page": [
        3168,
        1699,
        3942,
        1827
      ]
    },
    "OtherNGA": {
      "text": "",
      "image": "chart_rows/page_032/row_008/cells/OtherNGA.png",
      "image_tight": "chart_rows/page_032/row_008/cells/OtherNGA_tight.png",
      "bbox_pdf": [
        567.7757158279419,
        244.75930786132812,
        651.92743146047,
        263.2056884765625
      ],
      "bbox_px_page": [
        3942,
        1699,
        4527,
        1827
      ]
    },
    "ECDIS": {
      "text": "",
      "image": "chart_rows/page_032/row_008/cells/ECDIS.png",
      "image_tight": "chart_rows/page_032/row_008/cells/ECDIS_tight.png",
      "bbox_pdf": [
        651.92743146047,
        244.75930786132812,
        737.734619140625,
        263.2056884765625
      ],
      "bbox_px_page": [
        4527,
        1699,
        5123,
        1827
      ]
    }
  }
}