{
  "id": "p063_r006",
  "page_number": 63,
  "row_index": 6,
  "no": "30.1",
  "row_text": "Submarine cable",
  "row_image": "chart_rows/page_063/row_006/row.png",
  "cells": {
    "No": {
      "text": "30.1",
      "image": "chart_rows/page_063/row_006/cells/No.png",
      "image_tight": "chart_rows/page_063/row_006/cells/No_tight.png",
      "bbox_pdf": [
        54.07160186767578,
        254.29049682617188,
        82.99796140193939,
        279.72808837890625
      ],
      "bbox_px_page": [
        375,
        1765,
        576,
        1942
      ]
    },
    "INT": {
      "text": "",
      "image": "chart_rows/page_063/row_006/cells/INT.png",
      "image_tight": "chart_rows/page_063/row_006/cells/INT_tight.png",
      "bbox_pdf": [
        82.99796140193939,
        254.29049682617188,
        211.40581703186035,
        279.72808837890625
      ],
      "bbox_px_page": [
        576,
        1765,
        1468,
        1942
      ]
    },
    "Description": {
      "text": "Submarine cable",
      "image": "chart_rows/page_063/row_006/cells/Description.png",
      "image_tight": "chart_rows/page_063/row_006/cells/Description_tight.png",
      "bbox_pdf": [
        211.40581703186035,
        254.29049682617188,
        320.6000061035156,
        279.72808837890625
      ],
      "bbox_px_page": [
        1468,
        1765,
        2226,
        1942
      ]
    },
    "NOAA": {
      "text": "",
      "image": "chart_rows/page_063/row_006/cells/NOAA.png",
      "image_tight": "chart_rows/page_063/row_006/cells/NOAA_tight.png",
      "bbox_pdf": [
        320.6000061035156,
        254.29049682617188,
        474.3236999511719,
        279.72808837890625
      ],
      "bbox_px_page": [
        2226,
        1765,
        3293,
        1942
      ]
    },
    "NGA": {
      "text": "",
      "image": "chart_rows/page_063/row_006/cells/NGA.png",
      "image_tight": "chart_rows/page_063/row_006/cells/NGA_tight.png",
      "bbox_pdf": [
        474.3236999511719,
        254.29049682617188,
        585.5497436523438,
        279.72808837890625
      ],
      "bbox_px_page": [
        3293,
        1765,
        4066,
        1942
      ]
    },
    "OtherNGA": {
      "text": "",
      "image": "chart_rows/page_063/row_006/cells/OtherNGA.png",
      "image_tight": "chart_rows/page_063/row_006/cells/OtherNGA_tight.png",
      "bbox_pdf": [
        585.5497436523438,
        254.29049682617188,
        669.9003596305847,
        279.72808837890625
      ],
      "bbox_px_page": [
        4066,
        1765,
        4652,
        1942
      ]
    },
    "ECDIS": {
      "text": "Submarine cable",
      "image": "chart_rows/page_063/row_006/cells/ECDIS.png",
      "image_tight": "chart_rows/page_063/row_006/cells/ECDIS_tight.png",
      "bbox_pdf": [
        669.9003596305847,
        254.29049682617188,
        755.734619140625,
        279.72808837890625
      ],
      "bbox_px_page": [
        4652,
        1765,
        5248,
        1942
      ]
    }
  }
}