{
  "id": "p019_r003",
  "page_number": 19,
  "row_index": 3,
  "no": "11",
  "row_text": "Position of an elevation or control point",
  "row_image": "chart_rows/page_019/row_003/row.png",
  "cells": {
    "No": {
      "text": "11",
      "image": "chart_rows/page_019/row_003/cells/No.png",
      "image_tight": "chart_rows/page_019/row_003/cells/No_tight.png",
      "bbox_pdf": [
        54.07160186767578,
        184.68539428710938,
        82.99796140193939,
        236.539794921875
      ],
      "bbox_px_page": [
        375,
        1282,
        576,
        1642
      ]
    },
    "INT": {
      "text": "",
      "image": "chart_rows/page_019/row_003/cells/INT.png",
      "image_tight": "chart_rows/page_019/row_003/cells/INT_tight.png",
      "bbox_pdf": [
        82.99796140193939,
        184.68539428710938,
        211.40581703186035,
        236.539794921875
      ],
      "bbox_px_page": [
        576,
        1282,
        1468,
        1642
      ]
    },
    "Description": {
      "text": "Spot heights",
      "image": "chart_rows/page_019/row_003/cells/Description.png",
      "image_tight": "chart_rows/page_019/row_003/cells/Description_tight.png",
      "bbox_pdf": [
        211.40581703186035,
        184.68539428710938,
        320.6000061035156,
        236.539794921875
      ],
      "bbox_px_page": [
        1468,
        1282,
        2226,
        1642
      ]
    },
    "NOAA": {
      "text": "",
      "image": "chart_rows/page_019/row_003/cells/NOAA.png",
      "image_tight": "chart_rows/page_019/row_003/cells/NOAA_tight.png",
      "bbox_pdf": [
        320.6000061035156,
        184.68539428710938,
        474.3236999511719,
        236.539794921875
      ],
      "bbox_px_page": [
        2226,
        1282,
        3293,
        1642
      ]
    },
    "NGA": {
      "text": "",
      "image": "chart_rows/page_019/row_003/cells/NGA.png",
      "image_tight": "chart_rows/page_019/row_003/cells/NGA_tight.png",
      "bbox_pdf": [
        474.3236999511719,
        184.68539428710938,
        585.5497436523438,
        236.539794921875
      ],
      "bbox_px_page": [
        3293,
        1282,
        4066,
        1642
      ]
    },
    "OtherNGA": {
      "text": "119 m",
      "image": "chart_rows/page_019/row_003/cells/OtherNGA.png",
      "image_tight": "chart_rows/page_019/row_003/cells/OtherNGA_tight.png",
      "bbox_pdf": [
        585.5497436523438,
        184.68539428710938,
        669.9003596305847,
        236.539794921875
      ],
      "bbox_px_page": [
        4066,
        1282,
        4652,
        1642
      ]
    },
    "ECDIS": {
      "text": "Position of an elevation or control point",
      "image": "chart_rows/page_019/row_003/cells/ECDIS.png",
      "image_tight": "chart_rows/page_019/row_003/cells/ECDIS_tight.png",
      "bbox_pdf": [
        669.9003596305847,
        184.68539428710938,
        755.734619140625,
        236.539794921875
      ],
      "bbox_px_page": [
        4652,
        1282,
        5248,
        1642
      ]
    }
  }
}