{
  "id": "p066_r004",
  "page_number": 66,
  "row_index": 4,
  "no": "13",
  "row_text": "Traffic separation zone",
  "row_image": "chart_rows/page_066/row_004/row.png",
  "cells": {
    "No": {
      "text": "13",
      "image": "chart_rows/page_066/row_004/cells/No.png",
      "image_tight": "chart_rows/page_066/row_004/cells/No_tight.png",
      "bbox_pdf": [
        36.07160186767578,
        216.25021362304688,
        64.99938281575669,
        243.04861450195312
      ],
      "bbox_px_page": [
        250,
        1501,
        451,
        1687
      ]
    },
    "INT": {
      "text": "",
      "image": "chart_rows/page_066/row_004/cells/INT.png",
      "image_tight": "chart_rows/page_066/row_004/cells/INT_tight.png",
      "bbox_pdf": [
        64.99938281575669,
        216.25021362304688,
        193.06974206492305,
        243.04861450195312
      ],
      "bbox_px_page": [
        451,
        1501,
        1340,
        1687
      ]
    },
    "Description": {
      "text": "Separation zone",
      "image": "chart_rows/page_066/row_004/cells/Description.png",
      "image_tight": "chart_rows/page_066/row_004/cells/Description_tight.png",
      "bbox_pdf": [
        193.06974206492305,
        216.25021362304688,
        304.3567180633545,
        243.04861450195312
      ],
      "bbox_px_page": [
        1340,
        1501,
        2113,
        1687
      ]
    },
    "NOAA": {
      "text": "",
      "image": "chart_rows/page_066/row_004/cells/NOAA.png",
      "image_tight": "chart_rows/page_066/row_004/cells/NOAA_tight.png",
      "bbox_pdf": [
        304.3567180633545,
        216.25021362304688,
        456.3229369148612,
        243.04861450195312
      ],
      "bbox_px_page": [
        2113,
        1501,
        3168,
        1687
      ]
    },
    "NGA": {
      "text": "",
      "image": "chart_rows/page_066/row_004/cells/NGA.png",
      "image_tight": "chart_rows/page_066/row_004/cells/NGA_tight.png",
      "bbox_pdf": [
        456.3229369148612,
        216.25021362304688,
        567.7757158279419,
        243.04861450195312
      ],
      "bbox_px_page": [
        3168,
        1501,
        3942,
        1687
      ]
    },
    "OtherNGA": {
      "text": "",
      "image": "chart_rows/page_066/row_004/cells/OtherNGA.png",
      "image_tight": "chart_rows/page_066/row_004/cells/OtherNGA_tight.png",
      "bbox_pdf": [
        567.7757158279419,
        216.25021362304688,
        651.92743146047,
        243.04861450195312
      ],
      "bbox_px_page": [
        3942,
        1501,
        4527,
        1687
      ]
    },
    "ECDIS": {
      "text": "Traffic separation zone",
      "image": "chart_rows/page_066/row_004/cells/ECDIS.png",
      "image_tight": "chart_rows/page_066/row_004/cells/ECDIS_tight.png",
      "bbox_pdf": [
        651.92743146047,
        216.25021362304688,
        737.734619140625,
        243.04861450195312
      ],
      "bbox_px_page": [
        4527,
        1501,
        5123,
        1687
      ]
    }
  }
}