{
  "id": "p023_r010",
  "page_number": 23,
  "row_index": 10,
  "no": "Road",
  "row_text": "Supplementary National",
  "row_image": "chart_rows/page_023/row_010/row.png",
  "cells": {
    "col_01": {
      "text": "Road",
      "image": "chart_rows/page_023/row_010/cells/col_01.png",
      "image_tight": "chart_rows/page_023/row_010/cells/col_01_tight.png",
      "bbox_pdf": [
        54.07160186767578,
        420.62188720703125,
        83.0,
        438.62188720703125
      ],
      "bbox_px_page": [
        375,
        2920,
        576,
        3045
      ]
    },
    "col_02": {
      "text": "s, Railways, Airfie",
      "image": "chart_rows/page_023/row_010/cells/col_02.png",
      "image_tight": "chart_rows/page_023/row_010/cells/col_02_tight.png",
      "bbox_pdf": [
        83.0,
        420.62188720703125,
        148.33418422937393,
        438.62188720703125
      ],
      "bbox_px_page": [
        576,
        2920,
        1030,
        3045
      ]
    },
    "col_03": {
      "text": "elds",
      "image": "chart_rows/page_023/row_010/cells/col_03.png",
      "image_tight": "chart_rows/page_023/row_010/cells/col_03_tight.png",
      "bbox_pdf": [
        148.33418422937393,
        420.62188720703125,
        209.80630493164062,
        438.62188720703125
      ],
      "bbox_px_page": [
        1030,
        2920,
        1456,
        3045
      ]
    },
    "col_04": {
      "text": "",
      "image": "chart_rows/page_023/row_010/cells/col_04.png",
      "image_tight": "chart_rows/page_023/row_010/cells/col_04_tight.png",
      "bbox_pdf": [
        209.80630493164062,
        420.62188720703125,
        320.6000061035156,
        438.62188720703125
      ],
      "bbox_px_page": [
        1456,
        2920,
        2226,
        3045
      ]
    },
    "col_05": {
      "text": "",
      "image": "chart_rows/page_023/row_010/cells/col_05.png",
      "image_tight": "chart_rows/page_023/row_010/cells/col_05_tight.png",
      "bbox_pdf": [
        320.6000061035156,
        420.62188720703125,
        474.3236999511719,
        438.62188720703125
      ],
      "bbox_px_page": [
        2226,
        2920,
        3293,
        3045
      ]
    },
    "col_06": {
      "text": "",
      "image": "chart_rows/page_023/row_010/cells/col_06.png",
      "image_tight": "chart_rows/page_023/row_010/cells/col_06_tight.png",
      "bbox_pdf": [
        474.3236999511719,
        420.62188720703125,
        585.386962890625,
        438.62188720703125
      ],
      "bbox_px_page": [
        3293,
        2920,
        4065,
        3045
      ]
    },
    "col_07": {
      "text": "Supplementary National",
      "image": "chart_rows/page_023/row_010/cells/col_07.png",
      "image_tight": "chart_rows/page_023/row_010/cells/col_07_tight.png",
      "bbox_pdf": [
        585.386962890625,
        420.62188720703125,
        669.9257489442825,
        438.62188720703125
      ],
      "bbox_px_page": [
        4065,
        2920,
        4652,
        3045
      ]
    },
    "col_08": {
      "text": "l Symbols: a–c",
      "image": "chart_rows/page_023/row_010/cells/col_08.png",
      "image_tight": "chart_rows/page_023/row_010/cells/col_08_tight.png",
      "bbox_pdf": [
        669.9257489442825,
        420.62188720703125,
        755.734619140625,
        438.62188720703125
      ],
      "bbox_px_page": [
        4652,
        2920,
        5248,
        3045
      ]
    }
  }
}