{
  "id": "p022_r007",
  "page_number": 22,
  "row_index": 7,
  "no": "l",
  "row_text": "Cultivated fields",
  "row_image": "chart_rows/page_022/row_007/row.png",
  "cells": {
    "col_01": {
      "text": "l",
      "image": "chart_rows/page_022/row_007/cells/col_01.png",
      "image_tight": "chart_rows/page_022/row_007/cells/col_01_tight.png",
      "bbox_pdf": [
        36.07160186767578,
        293.8245849609375,
        65.0,
        319.47088623046875
      ],
      "bbox_px_page": [
        250,
        2040,
        451,
        2218
      ]
    },
    "col_02": {
      "text": "",
      "image": "chart_rows/page_022/row_007/cells/col_02.png",
      "image_tight": "chart_rows/page_022/row_007/cells/col_02_tight.png",
      "bbox_pdf": [
        65.0,
        293.8245849609375,
        191.80630493164062,
        319.47088623046875
      ],
      "bbox_px_page": [
        451,
        2040,
        1331,
        2218
      ]
    },
    "col_03": {
      "text": "Cultivated fields",
      "image": "chart_rows/page_022/row_007/cells/col_03.png",
      "image_tight": "chart_rows/page_022/row_007/cells/col_03_tight.png",
      "bbox_pdf": [
        191.80630493164062,
        293.8245849609375,
        304.19958686828613,
        319.47088623046875
      ],
      "bbox_px_page": [
        1331,
        2040,
        2112,
        2218
      ]
    },
    "col_04": {
      "text": "†",
      "image": "chart_rows/page_022/row_007/cells/col_04.png",
      "image_tight": "chart_rows/page_022/row_007/cells/col_04_tight.png",
      "bbox_pdf": [
        304.19958686828613,
        293.8245849609375,
        456.3236818741643,
        319.47088623046875
      ],
      "bbox_px_page": [
        2112,
        2040,
        3168,
        2218
      ]
    },
    "col_05": {
      "text": "",
      "image": "chart_rows/page_022/row_007/cells/col_05.png",
      "image_tight": "chart_rows/page_022/row_007/cells/col_05_tight.png",
      "bbox_pdf": [
        456.3236818741643,
        293.8245849609375,
        566.1237182617188,
        319.47088623046875
      ],
      "bbox_px_page": [
        3168,
        2040,
        3931,
        2218
      ]
    },
    "col_06": {
      "text": "",
      "image": "chart_rows/page_022/row_007/cells/col_06.png",
      "image_tight": "chart_rows/page_022/row_007/cells/col_06_tight.png",
      "bbox_pdf": [
        566.1237182617188,
        293.8245849609375,
        737.734619140625,
        319.47088623046875
      ],
      "bbox_px_page": [
        3931,
        2040,
        5123,
        2218
      ]
    }
  }
}