{
  "id": "p031_r002",
  "page_number": 31,
  "row_index": 2,
  "no": "30.4",
  "row_text": "DOME (RADAR) Dome (Radar)",
  "row_image": "chart_rows/page_031/row_002/row.png",
  "cells": {
    "col_01": {
      "text": "30.4",
      "image": "chart_rows/page_031/row_002/cells/col_01.png",
      "image_tight": "chart_rows/page_031/row_002/cells/col_01_tight.png",
      "bbox_pdf": [
        54.07160186767578,
        119.539794921875,
        83.0,
        149.0093994140625
      ],
      "bbox_px_page": [
        375,
        830,
        576,
        1034
      ]
    },
    "col_02": {
      "text": "",
      "image": "chart_rows/page_031/row_002/cells/col_02.png",
      "image_tight": "chart_rows/page_031/row_002/cells/col_02_tight.png",
      "bbox_pdf": [
        83.0,
        119.539794921875,
        209.80630493164062,
        149.0093994140625
      ],
      "bbox_px_page": [
        576,
        830,
        1456,
        1034
      ]
    },
    "col_03": {
      "text": "Radome",
      "image": "chart_rows/page_031/row_002/cells/col_03.png",
      "image_tight": "chart_rows/page_031/row_002/cells/col_03_tight.png",
      "bbox_pdf": [
        209.80630493164062,
        119.539794921875,
        320.6000061035156,
        149.0093994140625
      ],
      "bbox_px_page": [
        1456,
        830,
        2226,
        1034
      ]
    },
    "col_04": {
      "text": "DOME (RADAR) Dome (Radar)",
      "image": "chart_rows/page_031/row_002/cells/col_04.png",
      "image_tight": "chart_rows/page_031/row_002/cells/col_04_tight.png",
      "bbox_pdf": [
        320.6000061035156,
        119.539794921875,
        397.2838134765625,
        149.0093994140625
      ],
      "bbox_px_page": [
        2226,
        830,
        2758,
        1034
      ]
    },
    "col_05": {
      "text": "RADOME Radome",
      "image": "chart_rows/page_031/row_002/cells/col_05.png",
      "image_tight": "chart_rows/page_031/row_002/cells/col_05_tight.png",
      "bbox_pdf": [
        397.2838134765625,
        119.539794921875,
        474.3236999511719,
        149.0093994140625
      ],
      "bbox_px_page": [
        2758,
        830,
        3293,
        1034
      ]
    },
    "col_06": {
      "text": "",
      "image": "chart_rows/page_031/row_002/cells/col_06.png",
      "image_tight": "chart_rows/page_031/row_002/cells/col_06_tight.png",
      "bbox_pdf": [
        474.3236999511719,
        119.539794921875,
        584.1237182617188,
        149.0093994140625
      ],
      "bbox_px_page": [
        3293,
        830,
        4056,
        1034
      ]
    },
    "col_07": {
      "text": "",
      "image": "chart_rows/page_031/row_002/cells/col_07.png",
      "image_tight": "chart_rows/page_031/row_002/cells/col_07_tight.png",
      "bbox_pdf": [
        584.1237182617188,
        119.539794921875,
        669.9290771484375,
        149.0093994140625
      ],
      "bbox_px_page": [
        4056,
        830,
        4652,
        1034
      ]
    },
    "col_08": {
      "text": "Dome",
      "image": "chart_rows/page_031/row_002/cells/col_08.png",
      "image_tight": "chart_rows/page_031/row_002/cells/col_08_tight.png",
      "bbox_pdf": [
        669.9290771484375,
        119.539794921875,
        755.734619140625,
        149.0093994140625
      ],
      "bbox_px_page": [
        4652,
        830,
        5248,
        1034
      ]
    }
  }
}