{
  "id": "p035_r003",
  "page_number": 35,
  "row_index": 3,
  "no": "19.3",
  "row_text": "Dangerous cargo berth",
  "row_image": "chart_rows/page_035/row_003/row.png",
  "cells": {
    "col_01": {
      "text": "19.3",
      "image": "chart_rows/page_035/row_003/cells/col_01.png",
      "image_tight": "chart_rows/page_035/row_003/cells/col_01_tight.png",
      "bbox_pdf": [
        54.07160186767578,
        169.84640502929688,
        83.0,
        193.33279418945312
      ],
      "bbox_px_page": [
        375,
        1179,
        576,
        1342
      ]
    },
    "col_02": {
      "text": "",
      "image": "chart_rows/page_035/row_003/cells/col_02.png",
      "image_tight": "chart_rows/page_035/row_003/cells/col_02_tight.png",
      "bbox_pdf": [
        83.0,
        169.84640502929688,
        148.33418422937393,
        193.33279418945312
      ],
      "bbox_px_page": [
        576,
        1179,
        1030,
        1342
      ]
    },
    "col_03": {
      "text": "",
      "image": "chart_rows/page_035/row_003/cells/col_03.png",
      "image_tight": "chart_rows/page_035/row_003/cells/col_03_tight.png",
      "bbox_pdf": [
        148.33418422937393,
        169.84640502929688,
        209.80630493164062,
        193.33279418945312
      ],
      "bbox_px_page": [
        1030,
        1179,
        1456,
        1342
      ]
    },
    "col_04": {
      "text": "Dangerous cargo berth",
      "image": "chart_rows/page_035/row_003/cells/col_04.png",
      "image_tight": "chart_rows/page_035/row_003/cells/col_04_tight.png",
      "bbox_pdf": [
        209.80630493164062,
        169.84640502929688,
        320.6000061035156,
        193.33279418945312
      ],
      "bbox_px_page": [
        1456,
        1179,
        2226,
        1342
      ]
    },
    "col_05": {
      "text": "",
      "image": "chart_rows/page_035/row_003/cells/col_05.png",
      "image_tight": "chart_rows/page_035/row_003/cells/col_05_tight.png",
      "bbox_pdf": [
        320.6000061035156,
        169.84640502929688,
        474.3236999511719,
        193.33279418945312
      ],
      "bbox_px_page": [
        2226,
        1179,
        3293,
        1342
      ]
    },
    "col_06": {
      "text": "",
      "image": "chart_rows/page_035/row_003/cells/col_06.png",
      "image_tight": "chart_rows/page_035/row_003/cells/col_06_tight.png",
      "bbox_pdf": [
        474.3236999511719,
        169.84640502929688,
        585.386962890625,
        193.33279418945312
      ],
      "bbox_px_page": [
        3293,
        1179,
        4065,
        1342
      ]
    },
    "col_07": {
      "text": "",
      "image": "chart_rows/page_035/row_003/cells/col_07.png",
      "image_tight": "chart_rows/page_035/row_003/cells/col_07_tight.png",
      "bbox_pdf": [
        585.386962890625,
        169.84640502929688,
        669.9257489442825,
        193.33279418945312
      ],
      "bbox_px_page": [
        4065,
        1179,
        4652,
        1342
      ]
    },
    "col_08": {
      "text": "",
      "image": "chart_rows/page_035/row_003/cells/col_08.png",
      "image_tight": "chart_rows/page_035/row_003/cells/col_08_tight.png",
      "bbox_pdf": [
        669.9257489442825,
        169.84640502929688,
        755.734619140625,
        193.33279418945312
      ],
      "bbox_px_page": [
        4652,
        1179,
        5248,
        1342
      ]
    }
  }
}