{
  "id": "p024_r003",
  "page_number": 24,
  "row_index": 3,
  "no": "15",
  "row_text": "Embankment",
  "row_image": "chart_rows/page_024/row_003/row.png",
  "cells": {
    "No": {
      "text": "15",
      "image": "chart_rows/page_024/row_003/cells/No.png",
      "image_tight": "chart_rows/page_024/row_003/cells/No_tight.png",
      "bbox_pdf": [
        36.07160186767578,
        175.5701904296875,
        64.99938281575669,
        207.2620906829834
      ],
      "bbox_px_page": [
        250,
        1219,
        451,
        1439
      ]
    },
    "INT": {
      "text": "",
      "image": "chart_rows/page_024/row_003/cells/INT.png",
      "image_tight": "chart_rows/page_024/row_003/cells/INT_tight.png",
      "bbox_pdf": [
        64.99938281575669,
        175.5701904296875,
        193.06974206492305,
        207.2620906829834
      ],
      "bbox_px_page": [
        451,
        1219,
        1340,
        1439
      ]
    },
    "Description": {
      "text": "Embankment",
      "image": "chart_rows/page_024/row_003/cells/Description.png",
      "image_tight": "chart_rows/page_024/row_003/cells/Description_tight.png",
      "bbox_pdf": [
        193.06974206492305,
        175.5701904296875,
        304.3567180633545,
        207.2620906829834
      ],
      "bbox_px_page": [
        1340,
        1219,
        2113,
        1439
      ]
    },
    "NOAA": {
      "text": "",
      "image": "chart_rows/page_024/row_003/cells/NOAA.png",
      "image_tight": "chart_rows/page_024/row_003/cells/NOAA_tight.png",
      "bbox_pdf": [
        304.3567180633545,
        175.5701904296875,
        456.3229369148612,
        207.2620906829834
      ],
      "bbox_px_page": [
        2113,
        1219,
        3168,
        1439
      ]
    },
    "NGA": {
      "text": "",
      "image": "chart_rows/page_024/row_003/cells/NGA.png",
      "image_tight": "chart_rows/page_024/row_003/cells/NGA_tight.png",
      "bbox_pdf": [
        456.3229369148612,
        175.5701904296875,
        567.7757158279419,
        207.2620906829834
      ],
      "bbox_px_page": [
        3168,
        1219,
        3942,
        1439
      ]
    },
    "OtherNGA": {
      "text": "",
      "image": "chart_rows/page_024/row_003/cells/OtherNGA.png",
      "image_tight": "chart_rows/page_024/row_003/cells/OtherNGA_tight.png",
      "bbox_pdf": [
        567.7757158279419,
        175.5701904296875,
        651.92743146047,
        207.2620906829834
      ],
      "bbox_px_page": [
        3942,
        1219,
        4527,
        1439
      ]
    },
    "ECDIS": {
      "text": "Embankment",
      "image": "chart_rows/page_024/row_003/cells/ECDIS.png",
      "image_tight": "chart_rows/page_024/row_003/cells/ECDIS_tight.png",
      "bbox_pdf": [
        651.92743146047,
        175.5701904296875,
        737.734619140625,
        207.2620906829834
      ],
      "bbox_px_page": [
        4527,
        1219,
        5123,
        1439
      ]
    }
  }
}