{
  "id": "p031_r004",
  "page_number": 31,
  "row_index": 4,
  "no": "32",
  "row_text": "Tank Tank farm",
  "row_image": "chart_rows/page_031/row_004/row.png",
  "cells": {
    "col_01": {
      "text": "32",
      "image": "chart_rows/page_031/row_004/cells/col_01.png",
      "image_tight": "chart_rows/page_031/row_004/cells/col_01_tight.png",
      "bbox_pdf": [
        54.07160186767578,
        178.47891235351562,
        83.0,
        243.335693359375
      ],
      "bbox_px_page": [
        375,
        1239,
        576,
        1689
      ]
    },
    "col_02": {
      "text": "",
      "image": "chart_rows/page_031/row_004/cells/col_02.png",
      "image_tight": "chart_rows/page_031/row_004/cells/col_02_tight.png",
      "bbox_pdf": [
        83.0,
        178.47891235351562,
        209.80630493164062,
        243.335693359375
      ],
      "bbox_px_page": [
        576,
        1239,
        1456,
        1689
      ]
    },
    "col_03": {
      "text": "Tanks",
      "image": "chart_rows/page_031/row_004/cells/col_03.png",
      "image_tight": "chart_rows/page_031/row_004/cells/col_03_tight.png",
      "bbox_pdf": [
        209.80630493164062,
        178.47891235351562,
        320.6000061035156,
        243.335693359375
      ],
      "bbox_px_page": [
        1456,
        1239,
        2226,
        1689
      ]
    },
    "col_04": {
      "text": "TANK",
      "image": "chart_rows/page_031/row_004/cells/col_04.png",
      "image_tight": "chart_rows/page_031/row_004/cells/col_04_tight.png",
      "bbox_pdf": [
        320.6000061035156,
        178.47891235351562,
        397.2838134765625,
        243.335693359375
      ],
      "bbox_px_page": [
        2226,
        1239,
        2758,
        1689
      ]
    },
    "col_05": {
      "text": "Tk",
      "image": "chart_rows/page_031/row_004/cells/col_05.png",
      "image_tight": "chart_rows/page_031/row_004/cells/col_05_tight.png",
      "bbox_pdf": [
        397.2838134765625,
        178.47891235351562,
        474.3236999511719,
        243.335693359375
      ],
      "bbox_px_page": [
        2758,
        1239,
        3293,
        1689
      ]
    },
    "col_06": {
      "text": "",
      "image": "chart_rows/page_031/row_004/cells/col_06.png",
      "image_tight": "chart_rows/page_031/row_004/cells/col_06_tight.png",
      "bbox_pdf": [
        474.3236999511719,
        178.47891235351562,
        584.1237182617188,
        243.335693359375
      ],
      "bbox_px_page": [
        3293,
        1239,
        4056,
        1689
      ]
    },
    "col_07": {
      "text": "",
      "image": "chart_rows/page_031/row_004/cells/col_07.png",
      "image_tight": "chart_rows/page_031/row_004/cells/col_07_tight.png",
      "bbox_pdf": [
        584.1237182617188,
        178.47891235351562,
        669.9290771484375,
        243.335693359375
      ],
      "bbox_px_page": [
        4056,
        1239,
        4652,
        1689
      ]
    },
    "col_08": {
      "text": "Tank Tank farm",
      "image": "chart_rows/page_031/row_004/cells/col_08.png",
      "image_tight": "chart_rows/page_031/row_004/cells/col_08_tight.png",
      "bbox_pdf": [
        669.9290771484375,
        178.47891235351562,
        755.734619140625,
        243.335693359375
      ],
      "bbox_px_page": [
        4652,
        1239,
        5248,
        1689
      ]
    }
  }
}