{
  "id": "p030_r013",
  "page_number": 30,
  "row_index": 13,
  "no": "28",
  "row_text": "R MAST TV Mast R Mast TV MAST",
  "row_image": "chart_rows/page_030/row_013/row.png",
  "cells": {
    "col_01": {
      "text": "28",
      "image": "chart_rows/page_030/row_013/cells/col_01.png",
      "image_tight": "chart_rows/page_030/row_013/cells/col_01_tight.png",
      "bbox_pdf": [
        36.07160186767578,
        445.1184997558594,
        66.83821793145034,
        479.4049072265625
      ],
      "bbox_px_page": [
        250,
        3091,
        464,
        3329
      ]
    },
    "col_02": {
      "text": "",
      "image": "chart_rows/page_030/row_013/cells/col_02.png",
      "image_tight": "chart_rows/page_030/row_013/cells/col_02_tight.png",
      "bbox_pdf": [
        66.83821793145034,
        445.1184997558594,
        128.35996961593628,
        479.4049072265625
      ],
      "bbox_px_page": [
        464,
        3091,
        891,
        3329
      ]
    },
    "col_03": {
      "text": "",
      "image": "chart_rows/page_030/row_013/cells/col_03.png",
      "image_tight": "chart_rows/page_030/row_013/cells/col_03_tight.png",
      "bbox_pdf": [
        128.35996961593628,
        445.1184997558594,
        192.74342723796144,
        479.4049072265625
      ],
      "bbox_px_page": [
        891,
        3091,
        1338,
        3329
      ]
    },
    "col_04": {
      "text": "Radio mast, Television mast",
      "image": "chart_rows/page_030/row_013/cells/col_04.png",
      "image_tight": "chart_rows/page_030/row_013/cells/col_04_tight.png",
      "bbox_pdf": [
        192.74342723796144,
        445.1184997558594,
        302.6000061035156,
        479.4049072265625
      ],
      "bbox_px_page": [
        1338,
        3091,
        2101,
        3329
      ]
    },
    "col_05": {
      "text": "R MAST TV Mast R Mast TV MAST",
      "image": "chart_rows/page_030/row_013/cells/col_05.png",
      "image_tight": "chart_rows/page_030/row_013/cells/col_05_tight.png",
      "bbox_pdf": [
        302.6000061035156,
        445.1184997558594,
        456.3236999511719,
        479.4049072265625
      ],
      "bbox_px_page": [
        2101,
        3091,
        3168,
        3329
      ]
    },
    "col_06": {
      "text": "",
      "image": "chart_rows/page_030/row_013/cells/col_06.png",
      "image_tight": "chart_rows/page_030/row_013/cells/col_06_tight.png",
      "bbox_pdf": [
        456.3236999511719,
        445.1184997558594,
        567.5356597900391,
        479.4049072265625
      ],
      "bbox_px_page": [
        3168,
        3091,
        3941,
        3329
      ]
    },
    "col_07": {
      "text": "",
      "image": "chart_rows/page_030/row_013/cells/col_07.png",
      "image_tight": "chart_rows/page_030/row_013/cells/col_07_tight.png",
      "bbox_pdf": [
        567.5356597900391,
        445.1184997558594,
        651.9163010418415,
        479.4049072265625
      ],
      "bbox_px_page": [
        3941,
        3091,
        4527,
        3329
      ]
    },
    "col_08": {
      "text": "Mast",
      "image": "chart_rows/page_030/row_013/cells/col_08.png",
      "image_tight": "chart_rows/page_030/row_013/cells/col_08_tight.png",
      "bbox_pdf": [
        651.9163010418415,
        445.1184997558594,
        737.734619140625,
        479.4049072265625
      ],
      "bbox_px_page": [
        4527,
        3091,
        5123,
        3329
      ]
    }
  }
}