{
  "id": "p064_r003",
  "page_number": 64,
  "row_index": 3,
  "no": "42.1",
  "row_text": "Nominal depth of buried pipeline is obtained by cursor pick",
  "row_image": "chart_rows/page_064/row_003/row.png",
  "cells": {
    "No": {
      "text": "42.1",
      "image": "chart_rows/page_064/row_003/cells/No.png",
      "image_tight": "chart_rows/page_064/row_003/cells/No_tight.png",
      "bbox_pdf": [
        36.07160186767578,
        231.83999633789062,
        64.99938281575669,
        264.8971862792969
      ],
      "bbox_px_page": [
        250,
        1609,
        451,
        1839
      ]
    },
    "INT": {
      "text": "",
      "image": "chart_rows/page_064/row_003/cells/INT.png",
      "image_tight": "chart_rows/page_064/row_003/cells/INT_tight.png",
      "bbox_pdf": [
        64.99938281575669,
        231.83999633789062,
        193.06974206492305,
        264.8971862792969
      ],
      "bbox_px_page": [
        451,
        1609,
        1340,
        1839
      ]
    },
    "Description": {
      "text": "Buried pipeline/pipe (with nominal depth to which buried)",
      "image": "chart_rows/page_064/row_003/cells/Description.png",
      "image_tight": "chart_rows/page_064/row_003/cells/Description_tight.png",
      "bbox_pdf": [
        193.06974206492305,
        231.83999633789062,
        304.3567180633545,
        264.8971862792969
      ],
      "bbox_px_page": [
        1340,
        1609,
        2113,
        1839
      ]
    },
    "NOAA": {
      "text": "",
      "image": "chart_rows/page_064/row_003/cells/NOAA.png",
      "image_tight": "chart_rows/page_064/row_003/cells/NOAA_tight.png",
      "bbox_pdf": [
        304.3567180633545,
        231.83999633789062,
        456.3229369148612,
        264.8971862792969
      ],
      "bbox_px_page": [
        2113,
        1609,
        3168,
        1839
      ]
    },
    "NGA": {
      "text": "",
      "image": "chart_rows/page_064/row_003/cells/NGA.png",
      "image_tight": "chart_rows/page_064/row_003/cells/NGA_tight.png",
      "bbox_pdf": [
        456.3229369148612,
        231.83999633789062,
        567.7757158279419,
        264.8971862792969
      ],
      "bbox_px_page": [
        3168,
        1609,
        3942,
        1839
      ]
    },
    "OtherNGA": {
      "text": "",
      "image": "chart_rows/page_064/row_003/cells/OtherNGA.png",
      "image_tight": "chart_rows/page_064/row_003/cells/OtherNGA_tight.png",
      "bbox_pdf": [
        567.7757158279419,
        231.83999633789062,
        651.92743146047,
        264.8971862792969
      ],
      "bbox_px_page": [
        3942,
        1609,
        4527,
        1839
      ]
    },
    "ECDIS": {
      "text": "Nominal depth of buried pipeline is obtained by cursor pick",
      "image": "chart_rows/page_064/row_003/cells/ECDIS.png",
      "image_tight": "chart_rows/page_064/row_003/cells/ECDIS_tight.png",
      "bbox_pdf": [
        651.92743146047,
        231.83999633789062,
        737.734619140625,
        264.8971862792969
      ],
      "bbox_px_page": [
        4527,
        1609,
        5123,
        1839
      ]
    }
  }
}