{
  "id": "p043_r006",
  "page_number": 43,
  "row_index": 6,
  "no": "47",
  "row_text": "Offshore position for which tidal levels are tabulated",
  "row_image": "chart_rows/page_043/row_006/row.png",
  "cells": {
    "col_01": {
      "text": "47",
      "image": "chart_rows/page_043/row_006/cells/col_01.png",
      "image_tight": "chart_rows/page_043/row_006/cells/col_01_tight.png",
      "bbox_pdf": [
        53.89714285714286,
        286.1882019042969,
        82.90285714285714,
        313.84161376953125
      ],
      "bbox_px_page": [
        374,
        1987,
        575,
        2179
      ]
    },
    "col_02": {
      "text": "",
      "image": "chart_rows/page_043/row_006/cells/col_02.png",
      "image_tight": "chart_rows/page_043/row_006/cells/col_02_tight.png",
      "bbox_pdf": [
        82.90285714285714,
        286.1882019042969,
        209.62285714285716,
        313.84161376953125
      ],
      "bbox_px_page": [
        575,
        1987,
        1455,
        2179
      ]
    },
    "col_03": {
      "text": "Offshore position for which tidal levels are tabulated",
      "image": "chart_rows/page_043/row_006/cells/col_03.png",
      "image_tight": "chart_rows/page_043/row_006/cells/col_03_tight.png",
      "bbox_pdf": [
        209.62285714285716,
        286.1882019042969,
        320.5028571428572,
        313.84161376953125
      ],
      "bbox_px_page": [
        1455,
        1987,
        2225,
        2179
      ]
    },
    "col_04": {
      "text": "",
      "image": "chart_rows/page_043/row_006/cells/col_04.png",
      "image_tight": "chart_rows/page_043/row_006/cells/col_04_tight.png",
      "bbox_pdf": [
        320.5028571428572,
        286.1882019042969,
        474.17142857142863,
        313.84161376953125
      ],
      "bbox_px_page": [
        2225,
        1987,
        3292,
        2179
      ]
    },
    "col_05": {
      "text": "",
      "image": "chart_rows/page_043/row_006/cells/col_05.png",
      "image_tight": "chart_rows/page_043/row_006/cells/col_05_tight.png",
      "bbox_pdf": [
        474.17142857142863,
        286.1882019042969,
        584.0228571428572,
        313.84161376953125
      ],
      "bbox_px_page": [
        3292,
        1987,
        4055,
        2179
      ]
    },
    "col_06": {
      "text": "",
      "image": "chart_rows/page_043/row_006/cells/col_06.png",
      "image_tight": "chart_rows/page_043/row_006/cells/col_06_tight.png",
      "bbox_pdf": [
        584.0228571428572,
        286.1882019042969,
        755.5885714285715,
        313.84161376953125
      ],
      "bbox_px_page": [
        4055,
        1987,
        5247,
        2179
      ]
    }
  }
}