{
  "id": "p023_r005",
  "page_number": 23,
  "row_index": 5,
  "no": "4",
  "row_text": "Built-up area as a point",
  "row_image": "chart_rows/page_023/row_005/row.png",
  "cells": {
    "col_01": {
      "text": "4",
      "image": "chart_rows/page_023/row_005/cells/col_01.png",
      "image_tight": "chart_rows/page_023/row_005/cells/col_01_tight.png",
      "bbox_pdf": [
        54.07160186767578,
        254.73910522460938,
        83.0,
        282.2934875488281
      ],
      "bbox_px_page": [
        375,
        1769,
        576,
        1960
      ]
    },
    "col_02": {
      "text": "",
      "image": "chart_rows/page_023/row_005/cells/col_02.png",
      "image_tight": "chart_rows/page_023/row_005/cells/col_02_tight.png",
      "bbox_pdf": [
        83.0,
        254.73910522460938,
        148.33418422937393,
        282.2934875488281
      ],
      "bbox_px_page": [
        576,
        1769,
        1030,
        1960
      ]
    },
    "col_03": {
      "text": "",
      "image": "chart_rows/page_023/row_005/cells/col_03.png",
      "image_tight": "chart_rows/page_023/row_005/cells/col_03_tight.png",
      "bbox_pdf": [
        148.33418422937393,
        254.73910522460938,
        209.80630493164062,
        282.2934875488281
      ],
      "bbox_px_page": [
        1030,
        1769,
        1456,
        1960
      ]
    },
    "col_04": {
      "text": "Village",
      "image": "chart_rows/page_023/row_005/cells/col_04.png",
      "image_tight": "chart_rows/page_023/row_005/cells/col_04_tight.png",
      "bbox_pdf": [
        209.80630493164062,
        254.73910522460938,
        320.6000061035156,
        282.2934875488281
      ],
      "bbox_px_page": [
        1456,
        1769,
        2226,
        1960
      ]
    },
    "col_05": {
      "text": "Vil",
      "image": "chart_rows/page_023/row_005/cells/col_05.png",
      "image_tight": "chart_rows/page_023/row_005/cells/col_05_tight.png",
      "bbox_pdf": [
        320.6000061035156,
        254.73910522460938,
        474.3236999511719,
        282.2934875488281
      ],
      "bbox_px_page": [
        2226,
        1769,
        3293,
        1960
      ]
    },
    "col_06": {
      "text": "",
      "image": "chart_rows/page_023/row_005/cells/col_06.png",
      "image_tight": "chart_rows/page_023/row_005/cells/col_06_tight.png",
      "bbox_pdf": [
        474.3236999511719,
        254.73910522460938,
        585.386962890625,
        282.2934875488281
      ],
      "bbox_px_page": [
        3293,
        1769,
        4065,
        1960
      ]
    },
    "col_07": {
      "text": "Name",
      "image": "chart_rows/page_023/row_005/cells/col_07.png",
      "image_tight": "chart_rows/page_023/row_005/cells/col_07_tight.png",
      "bbox_pdf": [
        585.386962890625,
        254.73910522460938,
        669.9257489442825,
        282.2934875488281
      ],
      "bbox_px_page": [
        4065,
        1769,
        4652,
        1960
      ]
    },
    "col_08": {
      "text": "Built-up area as a point",
      "image": "chart_rows/page_023/row_005/cells/col_08.png",
      "image_tight": "chart_rows/page_023/row_005/cells/col_08_tight.png",
      "bbox_pdf": [
        669.9257489442825,
        254.73910522460938,
        755.734619140625,
        282.2934875488281
      ],
      "bbox_px_page": [
        4652,
        1769,
        5248,
        1960
      ]
    }
  }
}