{
  "id": "p038_r013",
  "page_number": 38,
  "row_index": 13,
  "no": "63",
  "row_text": "Post office",
  "row_image": "chart_rows/page_038/row_013/row.png",
  "cells": {
    "col_01": {
      "text": "63",
      "image": "chart_rows/page_038/row_013/cells/col_01.png",
      "image_tight": "chart_rows/page_038/row_013/cells/col_01_tight.png",
      "bbox_pdf": [
        36.07160186767578,
        523.9785766601562,
        66.97056174278259,
        546.0250244140625
      ],
      "bbox_px_page": [
        250,
        3638,
        465,
        3791
      ]
    },
    "col_02": {
      "text": "†",
      "image": "chart_rows/page_038/row_013/cells/col_02.png",
      "image_tight": "chart_rows/page_038/row_013/cells/col_02_tight.png",
      "bbox_pdf": [
        66.97056174278259,
        523.9785766601562,
        191.8062746396463,
        546.0250244140625
      ],
      "bbox_px_page": [
        465,
        3638,
        1331,
        3791
      ]
    },
    "col_03": {
      "text": "Post office",
      "image": "chart_rows/page_038/row_013/cells/col_03.png",
      "image_tight": "chart_rows/page_038/row_013/cells/col_03_tight.png",
      "bbox_pdf": [
        191.8062746396463,
        523.9785766601562,
        302.6000061035156,
        546.0250244140625
      ],
      "bbox_px_page": [
        1331,
        3638,
        2101,
        3791
      ]
    },
    "col_04": {
      "text": "PO",
      "image": "chart_rows/page_038/row_013/cells/col_04.png",
      "image_tight": "chart_rows/page_038/row_013/cells/col_04_tight.png",
      "bbox_pdf": [
        302.6000061035156,
        523.9785766601562,
        381.01983642578125,
        546.0250244140625
      ],
      "bbox_px_page": [
        2101,
        3638,
        2645,
        3791
      ]
    },
    "col_05": {
      "text": "",
      "image": "chart_rows/page_038/row_013/cells/col_05.png",
      "image_tight": "chart_rows/page_038/row_013/cells/col_05_tight.png",
      "bbox_pdf": [
        381.01983642578125,
        523.9785766601562,
        456.3236999511719,
        546.0250244140625
      ],
      "bbox_px_page": [
        2645,
        3638,
        3168,
        3791
      ]
    },
    "col_06": {
      "text": "",
      "image": "chart_rows/page_038/row_013/cells/col_06.png",
      "image_tight": "chart_rows/page_038/row_013/cells/col_06_tight.png",
      "bbox_pdf": [
        456.3236999511719,
        523.9785766601562,
        566.1237182617188,
        546.0250244140625
      ],
      "bbox_px_page": [
        3168,
        3638,
        3931,
        3791
      ]
    },
    "col_07": {
      "text": "",
      "image": "chart_rows/page_038/row_013/cells/col_07.png",
      "image_tight": "chart_rows/page_038/row_013/cells/col_07_tight.png",
      "bbox_pdf": [
        566.1237182617188,
        523.9785766601562,
        651.9290771484375,
        546.0250244140625
      ],
      "bbox_px_page": [
        3931,
        3638,
        4527,
        3791
      ]
    },
    "col_08": {
      "text": "",
      "image": "chart_rows/page_038/row_013/cells/col_08.png",
      "image_tight": "chart_rows/page_038/row_013/cells/col_08_tight.png",
      "bbox_pdf": [
        651.9290771484375,
        523.9785766601562,
        737.734619140625,
        546.0250244140625
      ],
      "bbox_px_page": [
        4527,
        3638,
        5123,
        3791
      ]
    }
  }
}