{
  "id": "p063_r003",
  "page_number": 63,
  "row_index": 3,
  "no": "24",
  "row_text": "Underwater turbine or",
  "row_image": "chart_rows/page_063/row_003/row.png",
  "cells": {
    "No": {
      "text": "24",
      "image": "chart_rows/page_063/row_003/cells/No.png",
      "image_tight": "chart_rows/page_063/row_003/cells/No_tight.png",
      "bbox_pdf": [
        54.07160186767578,
        151.69241333007812,
        82.99796140193939,
        191.27288818359375
      ],
      "bbox_px_page": [
        375,
        1053,
        576,
        1328
      ]
    },
    "INT": {
      "text": "",
      "image": "chart_rows/page_063/row_003/cells/INT.png",
      "image_tight": "chart_rows/page_063/row_003/cells/INT_tight.png",
      "bbox_pdf": [
        82.99796140193939,
        151.69241333007812,
        211.40581703186035,
        191.27288818359375
      ],
      "bbox_px_page": [
        576,
        1053,
        1468,
        1328
      ]
    },
    "Description": {
      "text": "Underwater turbine",
      "image": "chart_rows/page_063/row_003/cells/Description.png",
      "image_tight": "chart_rows/page_063/row_003/cells/Description_tight.png",
      "bbox_pdf": [
        211.40581703186035,
        151.69241333007812,
        320.6000061035156,
        191.27288818359375
      ],
      "bbox_px_page": [
        1468,
        1053,
        2226,
        1328
      ]
    },
    "NOAA": {
      "text": "",
      "image": "chart_rows/page_063/row_003/cells/NOAA.png",
      "image_tight": "chart_rows/page_063/row_003/cells/NOAA_tight.png",
      "bbox_pdf": [
        320.6000061035156,
        151.69241333007812,
        474.3236999511719,
        191.27288818359375
      ],
      "bbox_px_page": [
        2226,
        1053,
        3293,
        1328
      ]
    },
    "NGA": {
      "text": "",
      "image": "chart_rows/page_063/row_003/cells/NGA.png",
      "image_tight": "chart_rows/page_063/row_003/cells/NGA_tight.png",
      "bbox_pdf": [
        474.3236999511719,
        151.69241333007812,
        585.5497436523438,
        191.27288818359375
      ],
      "bbox_px_page": [
        3293,
        1053,
        4066,
        1328
      ]
    },
    "OtherNGA": {
      "text": "",
      "image": "chart_rows/page_063/row_003/cells/OtherNGA.png",
      "image_tight": "chart_rows/page_063/row_003/cells/OtherNGA_tight.png",
      "bbox_pdf": [
        585.5497436523438,
        151.69241333007812,
        669.9003596305847,
        191.27288818359375
      ],
      "bbox_px_page": [
        4066,
        1053,
        4652,
        1328
      ]
    },
    "ECDIS": {
      "text": "Underwater turbine or",
      "image": "chart_rows/page_063/row_003/cells/ECDIS.png",
      "image_tight": "chart_rows/page_063/row_003/cells/ECDIS_tight.png",
      "bbox_pdf": [
        669.9003596305847,
        151.69241333007812,
        755.734619140625,
        191.27288818359375
      ],
      "bbox_px_page": [
        4652,
        1053,
        5248,
        1328
      ]
    }
  }
}