{
  "id": "p063_r011",
  "page_number": 63,
  "row_index": 11,
  "no": "40.1",
  "row_text": "Supply pipeline: unspecified, oil, gas, chemicals, water",
  "row_image": "chart_rows/page_063/row_011/row.png",
  "cells": {
    "No": {
      "text": "40.1",
      "image": "chart_rows/page_063/row_011/cells/No.png",
      "image_tight": "chart_rows/page_063/row_011/cells/No_tight.png",
      "bbox_pdf": [
        54.07160186767578,
        401.0751953125,
        82.99796140193939,
        452.27252197265625
      ],
      "bbox_px_page": [
        375,
        2785,
        576,
        3140
      ]
    },
    "INT": {
      "text": "",
      "image": "chart_rows/page_063/row_011/cells/INT.png",
      "image_tight": "chart_rows/page_063/row_011/cells/INT_tight.png",
      "bbox_pdf": [
        82.99796140193939,
        401.0751953125,
        211.40581703186035,
        452.27252197265625
      ],
      "bbox_px_page": [
        576,
        2785,
        1468,
        3140
      ]
    },
    "Description": {
      "text": "Supply pipeline: unspecified, oil, gas, chemicals, water",
      "image": "chart_rows/page_063/row_011/cells/Description.png",
      "image_tight": "chart_rows/page_063/row_011/cells/Description_tight.png",
      "bbox_pdf": [
        211.40581703186035,
        401.0751953125,
        320.6000061035156,
        452.27252197265625
      ],
      "bbox_px_page": [
        1468,
        2785,
        2226,
        3140
      ]
    },
    "NOAA": {
      "text": "",
      "image": "chart_rows/page_063/row_011/cells/NOAA.png",
      "image_tight": "chart_rows/page_063/row_011/cells/NOAA_tight.png",
      "bbox_pdf": [
        320.6000061035156,
        401.0751953125,
        474.3236999511719,
        452.27252197265625
      ],
      "bbox_px_page": [
        2226,
        2785,
        3293,
        3140
      ]
    },
    "NGA": {
      "text": "",
      "image": "chart_rows/page_063/row_011/cells/NGA.png",
      "image_tight": "chart_rows/page_063/row_011/cells/NGA_tight.png",
      "bbox_pdf": [
        474.3236999511719,
        401.0751953125,
        585.5497436523438,
        452.27252197265625
      ],
      "bbox_px_page": [
        3293,
        2785,
        4066,
        3140
      ]
    },
    "OtherNGA": {
      "text": "",
      "image": "chart_rows/page_063/row_011/cells/OtherNGA.png",
      "image_tight": "chart_rows/page_063/row_011/cells/OtherNGA_tight.png",
      "bbox_pdf": [
        585.5497436523438,
        401.0751953125,
        669.9003596305847,
        452.27252197265625
      ],
      "bbox_px_page": [
        4066,
        2785,
        4652,
        3140
      ]
    },
    "ECDIS": {
      "text": "Oil, gas pipeline, submerged or on land",
      "image": "chart_rows/page_063/row_011/cells/ECDIS.png",
      "image_tight": "chart_rows/page_063/row_011/cells/ECDIS_tight.png",
      "bbox_pdf": [
        669.9003596305847,
        401.0751953125,
        755.734619140625,
        452.27252197265625
      ],
      "bbox_px_page": [
        4652,
        2785,
        5248,
        3140
      ]
    }
  }
}